Duration,Distance,OriginalPace,HeartRate,Cadence,PowerOriginal,CalculatedPace,CalculatedStrideLength,CalculatedAerobicEfficiencyPace,CalculatedAerobicEfficiencyPower,CalculatedEfficiencyIndex
1,0.00374,267.4,95,85,129,267.4,2.64,0.039,1.354,3.739
1,0.00715,293.0,96,88,116,293.0,2.33,0.036,1.215,3.413
1,0.01021,326.6,96,80,112,326.6,2.3,0.032,1.165,3.062
1,0.01339,315.1,96,75,125,315.1,2.54,0.033,1.306,3.174
1,0.01611,366.9,96,77,102,366.9,2.12,0.028,1.067,2.725
1,0.01931,313.2,96,83,147,313.2,2.31,0.033,1.527,3.193
1,0.02257,306.4,97,77,111,306.4,2.54,0.034,1.149,3.264
1,0.02619,276.0,97,79,110,276.0,2.75,0.037,1.138,3.624
1,0.02916,336.9,97,85,121,336.9,2.1,0.031,1.25,2.968
1,0.03253,297.1,96,77,125,297.1,2.62,0.035,1.299,3.366
1,0.03587,299.1,97,82,135,299.1,2.45,0.035,1.393,3.343
1,0.03914,306.4,97,79,95,306.4,2.48,0.034,0.983,3.264
1,0.04239,307.7,96,83,128,307.7,2.35,0.034,1.328,3.25
1,0.04577,295.2,97,85,110,295.2,2.39,0.035,1.133,3.387
1,0.04914,296.8,97,83,107,296.8,2.44,0.035,1.102,3.369
1,0.05204,345.3,97,77,114,345.3,2.26,0.03,1.168,2.896
1,0.05573,270.9,98,82,137,270.9,2.7,0.038,1.395,3.692
1,0.05947,267.3,98,83,129,267.3,2.7,0.038,1.313,3.741
1,0.06296,286.7,99,71,122,286.7,2.95,0.035,1.23,3.489
1,0.06577,355.8,99,82,124,355.8,2.06,0.028,1.252,2.811
1,0.06889,320.4,100,88,119,320.4,2.13,0.031,1.192,3.121
1,0.07212,310.3,100,85,108,310.3,2.28,0.032,1.087,3.223
1,0.07555,290.9,100,82,114,290.9,2.52,0.034,1.134,3.437
1,0.07835,357.4,100,80,111,357.4,2.1,0.028,1.103,2.798
1,0.08165,303.4,101,82,129,303.4,2.41,0.033,1.278,3.296
1,0.08448,353.2,101,80,98,353.2,2.12,0.028,0.974,2.831
1,0.08779,301.7,101,89,121,301.7,2.23,0.033,1.194,3.314
1,0.09114,299.0,101,74,128,299.0,2.71,0.033,1.267,3.345
1,0.09453,294.9,103,81,125,294.9,2.51,0.033,1.218,3.391
1,0.09801,286.8,102,86,123,286.8,2.43,0.034,1.206,3.487
1,0.10112,321.9,102,88,138,321.9,2.12,0.03,1.353,3.106
1,0.1044,305.1,103,78,135,305.1,2.52,0.032,1.304,3.278
1,0.10774,298.9,103,76,126,298.9,2.64,0.032,1.22,3.345
1,0.11124,286.0,104,78,105,286.0,2.69,0.034,1.015,3.497
1,0.1141,350.1,104,85,111,350.1,2.02,0.028,1.065,2.856
1,0.1175,293.9,105,76,129,293.9,2.69,0.033,1.232,3.403
1,0.12053,329.6,105,77,130,329.6,2.36,0.029,1.233,3.034
1,0.12404,285.6,106,83,134,285.6,2.53,0.033,1.274,3.502
1,0.12705,332.2,106,83,113,332.2,2.18,0.028,1.068,3.01
1,0.13088,260.6,106,78,159,260.6,2.95,0.036,1.496,3.837
1,0.13381,341.2,107,86,108,341.2,2.04,0.027,1.011,2.931
1,0.13779,251.3,107,86,143,251.3,2.78,0.037,1.335,3.979
1,0.14087,325.4,107,78,121,325.4,2.36,0.029,1.134,3.073
1,0.14438,284.3,107,83,124,284.3,2.54,0.033,1.16,3.517
1,0.14839,249.4,108,81,126,249.4,2.97,0.037,1.168,4.009
1,0.15196,280.4,108,78,137,280.4,2.74,0.033,1.273,3.567
1,0.15523,305.9,108,84,122,305.9,2.33,0.03,1.128,3.269
1,0.15861,295.5,108,80,111,295.5,2.54,0.031,1.031,3.384
1,0.16208,288.3,108,83,130,288.3,2.51,0.032,1.213,3.469
1,0.16496,347.2,108,82,111,347.2,2.11,0.027,1.028,2.88
1,0.16863,272.8,108,86,133,272.8,2.56,0.034,1.232,3.666
1,0.17183,312.2,108,83,102,312.2,2.32,0.03,0.947,3.204
1,0.17555,268.9,110,85,136,268.9,2.63,0.034,1.244,3.719
1,0.17926,269.6,110,81,144,269.6,2.75,0.034,1.312,3.709
1,0.18247,311.1,110,80,113,311.1,2.41,0.029,1.031,3.214
1,0.18585,296.1,110,86,169,296.1,2.36,0.031,1.544,3.377
1,0.18883,335.1,110,82,119,335.1,2.18,0.027,1.082,2.984
1,0.1921,306.5,110,79,115,306.5,2.48,0.03,1.04,3.263
1,0.19561,284.7,110,91,129,284.7,2.32,0.032,1.166,3.513
1,0.19879,314.8,110,78,92,314.8,2.44,0.029,0.829,3.177
1,0.2022,292.8,110,84,114,292.8,2.44,0.031,1.031,3.415
1,0.20516,337.9,110,79,107,337.9,2.25,0.027,0.966,2.959
1,0.20908,255.4,111,78,160,255.4,3.01,0.035,1.445,3.916
1,0.21271,275.2,112,77,167,275.2,2.83,0.033,1.495,3.634
1,0.2165,264.0,111,85,151,264.0,2.67,0.034,1.359,3.788
1,0.21942,342.0,111,68,112,342.0,2.58,0.026,1.006,2.924
1,0.22237,338.8,111,88,124,338.8,2.01,0.027,1.12,2.952
1,0.22529,342.9,111,88,121,342.9,1.99,0.026,1.089,2.916
1,0.22899,270.6,111,79,150,270.6,2.81,0.033,1.347,3.696
1,0.23229,302.8,111,82,133,302.8,2.42,0.03,1.194,3.303
1,0.23536,325.2,112,88,132,325.2,2.1,0.028,1.177,3.075
1,0.23928,255.4,111,83,168,255.4,2.83,0.035,1.511,3.915
1,0.24258,303.4,111,81,135,303.4,2.44,0.03,1.213,3.296
1,0.24566,324.5,112,83,119,324.5,2.23,0.028,1.069,3.082
1,0.24935,270.5,112,86,146,270.5,2.58,0.033,1.307,3.696
1,0.25272,297.1,112,85,115,297.1,2.38,0.03,1.032,3.365
1,0.25594,310.6,112,87,130,310.6,2.22,0.029,1.161,3.219
1,0.25969,266.6,112,82,140,266.6,2.74,0.034,1.253,3.751
1,0.26323,282.8,112,88,145,282.8,2.41,0.031,1.293,3.536
1,0.2667,288.0,112,84,143,288.0,2.48,0.031,1.271,3.472
1,0.27062,255.2,113,79,133,255.2,2.98,0.035,1.175,3.918
1,0.274,295.4,112,86,113,295.4,2.36,0.03,1.004,3.386
1,0.27727,305.5,113,82,142,305.5,2.4,0.029,1.262,3.274
1,0.28063,297.7,113,86,133,297.7,2.34,0.03,1.177,3.359
1,0.28372,324.1,113,83,116,324.1,2.23,0.027,1.035,3.085
1,0.28682,322.4,113,83,117,322.4,2.24,0.028,1.035,3.101
1,0.28976,339.7,113,76,123,339.7,2.32,0.026,1.091,2.944
1,0.29338,276.3,113,83,119,276.3,2.62,0.032,1.052,3.619
1,0.29668,303.0,113,83,147,303.0,2.39,0.029,1.304,3.3
1,0.29986,314.5,113,83,132,314.5,2.3,0.028,1.165,3.179
1,0.30345,278.6,114,82,141,278.6,2.63,0.032,1.244,3.59
1,0.30698,283.6,114,83,145,283.6,2.55,0.031,1.272,3.526
1,0.31052,282.8,114,82,134,282.8,2.59,0.031,1.182,3.537
1,0.31399,287.5,114,92,159,287.5,2.27,0.03,1.391,3.478
1,0.31735,297.6,114,91,148,297.6,2.22,0.029,1.298,3.36
1,0.32046,321.8,114,73,118,321.8,2.55,0.027,1.031,3.107
1,0.32418,268.5,114,83,119,268.5,2.69,0.033,1.044,3.725
1,0.32789,270.0,114,79,150,270.0,2.81,0.032,1.316,3.704
1,0.33092,329.5,115,86,109,329.5,2.12,0.026,0.952,3.035
1,0.33431,295.1,115,81,102,295.1,2.51,0.029,0.888,3.388
1,0.33743,321.1,115,81,105,321.1,2.31,0.027,0.91,3.115
1,0.34071,304.4,115,78,125,304.4,2.53,0.028,1.087,3.285
1,0.34386,317.5,116,85,136,317.5,2.22,0.027,1.174,3.149
1,0.34679,341.1,116,83,106,341.1,2.12,0.025,0.914,2.931
1,0.35051,268.7,116,88,162,268.7,2.54,0.032,1.39,3.721
1,0.35456,247.2,117,82,171,247.2,2.96,0.034,1.459,4.045
1,0.35827,269.8,118,79,146,269.8,2.82,0.031,1.236,3.707
1,0.36137,322.0,117,78,153,322.0,2.39,0.026,1.307,3.105
1,0.36476,295.5,118,88,130,295.5,2.31,0.029,1.102,3.384
1,0.36847,269.4,117,76,164,269.4,2.93,0.032,1.398,3.712
1,0.37194,288.2,117,74,142,288.2,2.81,0.03,1.207,3.469
1,0.37488,340.3,118,83,111,340.3,2.12,0.025,0.947,2.938
1,0.37844,280.6,117,82,126,280.6,2.61,0.03,1.073,3.563
1,0.38148,329.1,117,79,117,329.1,2.31,0.026,1.0,3.038
1,0.38458,322.1,117,80,133,322.1,2.33,0.027,1.14,3.105
1,0.38843,259.6,117,81,171,259.6,2.85,0.033,1.457,3.852
1,0.39203,278.1,117,85,134,278.1,2.54,0.031,1.14,3.595
1,0.39478,363.3,117,81,126,363.3,2.04,0.024,1.078,2.753
1,0.39786,324.6,118,88,109,324.6,2.1,0.026,0.924,3.081
1,0.40168,261.7,118,95,146,261.7,2.41,0.032,1.243,3.821
1,0.40514,289.0,117,76,134,289.0,2.73,0.029,1.14,3.46
1,0.40816,331.1,117,79,123,331.1,2.29,0.026,1.05,3.021
1,0.41229,242.4,117,83,167,242.4,2.98,0.035,1.421,4.125
1,0.41588,278.8,117,88,138,278.8,2.45,0.031,1.178,3.587
1,0.41877,345.3,117,78,118,345.3,2.23,0.025,1.008,2.896
1,0.42253,266.2,118,77,153,266.2,2.93,0.032,1.302,3.756
1,0.42563,322.4,118,80,125,322.4,2.33,0.026,1.064,3.102
1,0.42907,290.7,117,83,138,290.7,2.49,0.029,1.174,3.439
1,0.43266,278.7,117,80,133,278.7,2.69,0.031,1.134,3.588
1,0.43639,268.2,117,83,146,268.2,2.7,0.032,1.252,3.728
1,0.43966,305.5,117,79,107,305.5,2.49,0.028,0.918,3.273
1,0.44297,301.6,116,75,124,301.6,2.65,0.029,1.065,3.316
1,0.44606,324.3,116,85,142,324.3,2.18,0.027,1.227,3.084
1,0.44951,289.8,116,80,137,289.8,2.59,0.03,1.182,3.451
1,0.45265,317.9,116,86,123,317.9,2.19,0.027,1.06,3.145
1,0.45663,251.7,115,85,153,251.7,2.8,0.034,1.329,3.973
1,0.45956,340.6,115,83,94,340.6,2.12,0.026,0.816,2.936
1,0.46305,286.7,115,83,145,286.7,2.52,0.03,1.264,3.488
1,0.46663,279.6,115,84,160,279.6,2.55,0.031,1.387,3.577
1,0.46989,306.6,115,84,130,306.6,2.33,0.028,1.13,3.262
1,0.47332,291.2,116,86,144,291.2,2.4,0.03,1.243,3.434
1,0.47676,290.9,116,75,161,290.9,2.75,0.03,1.385,3.438
1,0.48029,283.4,116,81,105,283.4,2.61,0.03,0.911,3.529
1,0.48327,336.2,116,86,145,336.2,2.08,0.026,1.253,2.974
1,0.48706,263.3,116,77,144,263.3,2.96,0.033,1.236,3.797
1,0.49116,243.9,116,85,146,243.9,2.89,0.035,1.254,4.1
1,0.49445,303.8,116,81,143,303.8,2.44,0.028,1.228,3.291
1,0.49796,285.0,116,83,155,285.0,2.54,0.03,1.332,3.509
1,0.5014,291.1,116,87,148,291.1,2.37,0.03,1.276,3.436
1,0.50492,284.3,116,80,135,284.3,2.64,0.03,1.165,3.517
1,0.50887,252.7,116,86,154,252.7,2.76,0.034,1.328,3.957
1,0.51212,308.3,117,80,148,308.3,2.43,0.028,1.266,3.244
1,0.51524,319.8,117,84,108,319.8,2.23,0.027,0.924,3.127
1,0.51881,280.5,117,92,146,280.5,2.32,0.03,1.245,3.565
1,0.52237,281.1,117,84,143,281.1,2.54,0.03,1.216,3.557
1,0.52603,272.6,117,89,127,272.6,2.47,0.031,1.077,3.669
1,0.52979,266.4,117,79,170,266.4,2.85,0.032,1.444,3.754
1,0.53367,257.9,118,76,142,257.9,3.06,0.033,1.204,3.878
1,0.53671,328.7,118,78,138,328.7,2.34,0.026,1.174,3.043
1,0.54003,301.2,118,78,156,301.2,2.55,0.028,1.323,3.32
1,0.54308,327.9,119,81,135,327.9,2.26,0.026,1.141,3.05
1,0.54651,291.5,119,72,137,291.5,2.86,0.029,1.156,3.43
1,0.55024,268.1,119,90,138,268.1,2.49,0.031,1.156,3.73
1,0.5537,289.3,119,93,137,289.3,2.23,0.029,1.156,3.457
1,0.55716,288.9,119,83,142,288.9,2.5,0.029,1.199,3.461
1,0.56041,307.5,118,82,132,307.5,2.38,0.027,1.113,3.252
1,0.56415,267.5,119,81,129,267.5,2.77,0.032,1.092,3.738
1,0.56663,403.5,119,86,95,403.5,1.73,0.021,0.797,2.478
1,0.56987,308.5,119,77,136,308.5,2.53,0.027,1.149,3.241
1,0.57348,277.1,119,86,123,277.1,2.52,0.03,1.027,3.609
1,0.57724,265.8,119,81,156,265.8,2.79,0.032,1.308,3.762
1,0.58042,314.5,119,81,121,314.5,2.36,0.027,1.013,3.179
1,0.58435,254.4,120,82,156,254.4,2.88,0.033,1.303,3.931
1,0.58757,310.1,120,84,124,310.1,2.3,0.027,1.033,3.225
1,0.5911,283.7,119,86,149,283.7,2.46,0.03,1.25,3.524
1,0.59416,326.9,120,79,134,326.9,2.32,0.026,1.119,3.059
1,0.59781,273.6,120,76,116,273.6,2.89,0.03,0.963,3.655
1,0.60091,323.2,121,82,106,323.2,2.26,0.026,0.881,3.094
1,0.60459,271.2,121,82,134,271.2,2.7,0.031,1.11,3.687
1,0.60812,283.8,121,81,146,283.8,2.61,0.029,1.208,3.523
1,0.61188,265.9,120,77,150,265.9,2.93,0.031,1.244,3.761
1,0.61552,274.9,120,83,147,274.9,2.63,0.03,1.225,3.638
1,0.61869,315.1,120,83,135,315.1,2.29,0.026,1.123,3.173
1,0.62241,269.0,119,87,152,269.0,2.56,0.031,1.273,3.717
1,0.62623,261.4,120,89,149,261.4,2.58,0.032,1.246,3.825
1,0.62941,314.3,119,79,112,314.3,2.42,0.027,0.936,3.182
1,0.63285,291.1,119,84,154,291.1,2.45,0.029,1.296,3.435
1,0.63592,325.4,119,78,134,325.4,2.36,0.026,1.131,3.073
1,0.63992,249.9,119,78,128,249.9,3.08,0.034,1.073,4.002
1,0.64372,263.3,119,79,154,263.3,2.88,0.032,1.295,3.798
1,0.64712,294.3,119,92,135,294.3,2.22,0.029,1.134,3.398
1,0.65131,238.5,119,83,166,238.5,3.03,0.035,1.397,4.193
1,0.65459,305.4,120,85,134,305.4,2.31,0.027,1.122,3.275
1,0.65785,306.5,120,85,157,306.5,2.3,0.027,1.307,3.263
1,0.6614,281.4,120,82,133,281.4,2.6,0.03,1.106,3.554
1,0.66513,268.5,120,84,149,268.5,2.66,0.031,1.247,3.725
1,0.66889,265.9,120,86,156,265.9,2.62,0.031,1.3,3.761
1,0.67247,279.4,120,84,145,279.4,2.56,0.03,1.213,3.58
1,0.67632,259.3,119,78,151,259.3,2.97,0.032,1.27,3.857
1,0.67987,282.2,120,83,146,282.2,2.56,0.03,1.221,3.544
1,0.68348,277.2,119,84,164,277.2,2.58,0.03,1.37,3.607
1,0.68682,299.0,119,83,139,299.0,2.42,0.028,1.165,3.345
1,0.6905,272.0,119,83,170,272.0,2.66,0.031,1.424,3.676
1,0.69395,289.7,119,88,173,289.7,2.35,0.029,1.451,3.452
1,0.69782,258.5,120,83,152,258.5,2.8,0.032,1.27,3.868
1,0.70118,297.3,120,92,138,297.3,2.19,0.028,1.147,3.364
1,0.70452,299.5,121,89,140,299.5,2.25,0.028,1.153,3.339
1,0.70776,308.1,121,77,140,308.1,2.53,0.027,1.159,3.246
1,0.71119,292.0,121,82,130,292.0,2.51,0.028,1.076,3.425
1,0.71499,263.3,120,88,176,263.3,2.59,0.032,1.462,3.798
1,0.71863,274.3,121,78,147,274.3,2.8,0.03,1.22,3.646
1,0.72284,237.8,121,84,151,237.8,3.0,0.035,1.251,4.206
1,0.72614,302.8,121,80,137,302.8,2.48,0.027,1.134,3.302
1,0.72944,303.0,121,88,137,303.0,2.25,0.027,1.131,3.3
1,0.73301,280.5,121,80,134,280.5,2.67,0.029,1.101,3.565
1,0.73706,246.7,121,89,152,246.7,2.73,0.034,1.261,4.054
1,0.7406,282.9,121,83,138,282.9,2.56,0.029,1.142,3.535
1,0.74409,286.2,122,82,161,286.2,2.56,0.029,1.323,3.494
1,0.74785,266.1,121,82,124,266.1,2.75,0.031,1.026,3.758
1,0.75162,265.2,121,82,140,265.2,2.76,0.031,1.154,3.771
1,0.75593,231.8,121,82,195,231.8,3.16,0.036,1.606,4.313
1,0.75955,276.7,122,86,162,276.7,2.52,0.03,1.325,3.614
1,0.76336,262.1,123,86,160,262.1,2.66,0.031,1.307,3.815
1,0.7673,253.7,123,89,169,253.7,2.66,0.032,1.372,3.942
1,0.77065,299.1,123,87,147,299.1,2.31,0.027,1.192,3.343
1,0.77462,251.9,123,83,157,251.9,2.87,0.032,1.272,3.97
1,0.77842,262.8,123,77,154,262.8,2.96,0.031,1.247,3.805
1,0.78218,265.9,124,82,162,265.9,2.75,0.03,1.305,3.76
1,0.78588,270.2,125,83,155,270.2,2.68,0.03,1.242,3.702
1,0.78963,266.7,125,81,162,266.7,2.78,0.03,1.293,3.75
1,0.79325,276.6,125,84,170,276.6,2.58,0.029,1.365,3.616
1,0.79716,255.8,124,81,172,255.8,2.9,0.032,1.39,3.91
1,0.80151,229.5,124,82,179,229.5,3.19,0.035,1.444,4.357
1,0.80471,313.3,123,84,125,313.3,2.28,0.026,1.016,3.192
1,0.80796,306.9,123,83,133,306.9,2.36,0.026,1.077,3.258
1,0.81129,300.6,124,85,128,300.6,2.35,0.027,1.038,3.327
1,0.81506,265.1,123,78,185,265.1,2.9,0.031,1.498,3.773
1,0.81874,272.0,124,82,151,272.0,2.69,0.03,1.221,3.677
1,0.82238,274.7,124,82,129,274.7,2.66,0.029,1.042,3.641
1,0.82616,264.8,124,85,158,264.8,2.67,0.03,1.273,3.777
1,0.83006,256.4,125,84,164,256.4,2.79,0.031,1.311,3.9
1,0.8341,247.8,125,80,151,247.8,3.03,0.032,1.201,4.036
1,0.83752,291.9,125,83,152,291.9,2.48,0.027,1.215,3.426
1,0.84081,303.7,125,82,168,303.7,2.41,0.026,1.345,3.293
1,0.84453,269.4,124,76,145,269.4,2.93,0.03,1.169,3.711
1,0.84827,267.0,124,79,167,267.0,2.84,0.03,1.347,3.745
1,0.8521,261.2,123,89,153,261.2,2.58,0.031,1.238,3.828
1,0.85516,326.9,123,84,149,326.9,2.18,0.025,1.207,3.059
1,0.85865,286.1,123,79,149,286.1,2.65,0.028,1.207,3.496
1,0.86275,244.0,124,82,186,244.0,3.0,0.033,1.502,4.098
1,0.86647,268.9,124,84,179,268.9,2.66,0.03,1.44,3.719
1,0.87038,255.9,124,87,166,255.9,2.7,0.031,1.337,3.908
1,0.87424,258.6,124,89,173,258.6,2.61,0.031,1.39,3.867
1,0.87831,246.2,124,91,191,246.2,2.68,0.033,1.541,4.062
1,0.88191,277.5,124,81,142,277.5,2.67,0.029,1.149,3.604
1,0.88617,234.9,124,83,164,234.9,3.08,0.034,1.322,4.257
1,0.89015,251.2,124,84,185,251.2,2.84,0.032,1.495,3.981
1,0.89347,300.8,124,82,165,300.8,2.43,0.027,1.338,3.324
1,0.89757,244.2,124,81,162,244.2,3.03,0.033,1.305,4.096
1,0.90123,273.4,123,83,133,273.4,2.64,0.03,1.075,3.658
1,0.90517,253.9,123,88,185,253.9,2.69,0.032,1.502,3.939
1,0.90837,312.1,124,85,152,312.1,2.26,0.026,1.228,3.204
1,0.91238,249.3,124,81,182,249.3,2.97,0.032,1.461,4.011
1,0.91594,280.9,124,81,164,280.9,2.64,0.029,1.318,3.559
1,0.91948,282.7,125,85,155,282.7,2.5,0.028,1.239,3.538
1,0.92283,298.7,124,88,169,298.7,2.28,0.027,1.367,3.348
1,0.92668,259.1,123,78,149,259.1,2.97,0.031,1.208,3.859
1,0.93035,272.5,124,82,147,272.5,2.69,0.03,1.192,3.67
1,0.93389,283.1,123,87,157,283.1,2.44,0.029,1.277,3.532
1,0.93745,280.9,123,88,128,280.9,2.43,0.029,1.042,3.56
1,0.94154,244.1,123,81,150,244.1,3.03,0.033,1.221,4.097
1,0.94532,264.8,123,87,163,264.8,2.6,0.031,1.326,3.777
1,0.94891,278.7,123,83,152,278.7,2.59,0.029,1.234,3.588
1,0.95267,265.6,123,86,170,265.6,2.63,0.031,1.378,3.765
1,0.95642,266.6,122,87,158,266.6,2.59,0.031,1.292,3.751
1,0.96023,262.8,121,92,175,262.8,2.48,0.031,1.441,3.805
1,0.96383,277.9,121,86,177,277.9,2.51,0.03,1.462,3.599
1,0.96742,278.6,122,82,146,278.6,2.63,0.029,1.197,3.59
1,0.97133,255.7,122,84,173,255.7,2.79,0.032,1.415,3.911
1,0.9757,228.6,122,85,201,228.6,3.09,0.036,1.64,4.374
1,0.97928,279.2,123,86,177,279.2,2.5,0.029,1.443,3.581
1,0.98306,264.6,123,85,187,264.6,2.67,0.031,1.525,3.78
1,0.98682,266.4,123,84,157,266.4,2.68,0.031,1.275,3.754
1,0.99103,237.6,123,83,187,237.6,3.04,0.034,1.518,4.209
1,0.99509,246.1,123,86,179,246.1,2.84,0.033,1.462,4.064
1,0.99873,274.8,123,82,153,274.8,2.66,0.03,1.239,3.64
1,1.002,305.5,123,79,155,305.5,2.49,0.027,1.257,3.273
1,1.00543,291.4,123,80,187,291.4,2.57,0.028,1.519,3.431
1,1.00923,263.1,123,89,147,263.1,2.56,0.031,1.199,3.8
1,1.01269,289.1,124,87,146,289.1,2.39,0.028,1.184,3.459
1,1.01548,358.9,124,76,114,358.9,2.2,0.022,0.915,2.787
1,1.01949,249.5,125,89,177,249.5,2.7,0.032,1.413,4.008
1,1.02334,259.2,126,86,170,259.2,2.69,0.031,1.349,3.857
1,1.02697,275.8,126,80,161,275.8,2.72,0.029,1.28,3.625
1,1.03005,324.6,126,78,129,324.6,2.37,0.025,1.025,3.081
1,1.03337,301.2,126,87,163,301.2,2.29,0.026,1.288,3.32
1,1.03681,291.0,127,79,142,291.0,2.61,0.027,1.12,3.436
1,1.04026,289.7,126,84,170,289.7,2.47,0.027,1.343,3.452
1,1.04394,271.8,126,76,149,271.8,2.9,0.029,1.179,3.679
1,1.04796,248.7,127,84,160,248.7,2.87,0.032,1.261,4.022
1,1.0518,260.1,126,84,162,260.1,2.75,0.03,1.284,3.845
1,1.05533,283.2,126,80,161,283.2,2.65,0.028,1.274,3.531
1,1.05858,307.7,127,77,135,307.7,2.53,0.026,1.064,3.249
1,1.06245,258.7,127,81,148,258.7,2.86,0.03,1.159,3.866
1,1.06655,243.9,127,79,149,243.9,3.11,0.032,1.165,4.1
1,1.07012,280.0,127,85,139,280.0,2.52,0.028,1.094,3.571
1,1.07374,276.1,127,83,158,276.1,2.62,0.028,1.237,3.622
1,1.07728,282.8,128,82,178,282.8,2.59,0.028,1.39,3.536
1,1.08137,244.5,129,80,160,244.5,3.07,0.032,1.234,4.09
1,1.08579,226.1,129,86,192,226.1,3.09,0.034,1.482,4.423
1,1.08917,296.4,129,81,155,296.4,2.5,0.026,1.198,3.374
1,1.09255,295.4,129,83,150,295.4,2.45,0.026,1.166,3.386
1,1.09651,252.8,128,85,166,252.8,2.79,0.031,1.297,3.955
1,1.09953,330.7,128,87,126,330.7,2.09,0.024,0.985,3.024
1,1.10354,249.5,128,81,192,249.5,2.97,0.031,1.499,4.008
1,1.10712,279.2,128,86,172,279.2,2.5,0.028,1.343,3.582
1,1.11063,284.6,128,83,165,284.6,2.54,0.028,1.295,3.514
1,1.11436,268.6,128,87,149,268.6,2.57,0.029,1.164,3.722
1,1.1179,282.5,128,87,143,282.5,2.44,0.028,1.117,3.539
1,1.12197,245.4,128,85,204,245.4,2.88,0.032,1.595,4.074
1,1.12595,251.4,128,86,165,251.4,2.78,0.031,1.289,3.978
1,1.12964,270.8,128,75,149,270.8,2.95,0.029,1.167,3.693
1,1.13377,242.1,127,84,143,242.1,2.95,0.033,1.131,4.131
1,1.13746,270.9,127,84,163,270.9,2.64,0.029,1.285,3.692
1,1.14144,251.6,127,85,180,251.6,2.81,0.031,1.417,3.974
1,1.14484,293.7,127,82,151,293.7,2.49,0.027,1.19,3.405
1,1.14866,261.7,127,84,173,261.7,2.73,0.03,1.365,3.821
1,1.1528,241.9,127,84,183,241.9,2.95,0.032,1.441,4.134
1,1.15646,273.2,128,84,189,273.2,2.61,0.029,1.481,3.66
1,1.15994,287.5,127,80,145,287.5,2.61,0.027,1.137,3.478
1,1.1638,259.1,128,83,165,259.1,2.79,0.03,1.295,3.86
1,1.1675,269.9,127,80,165,269.9,2.78,0.029,1.305,3.705
1,1.17131,262.7,127,89,143,262.7,2.57,0.03,1.123,3.806
1,1.17492,277.2,128,84,161,277.2,2.58,0.028,1.26,3.607
1,1.17857,273.2,127,81,154,273.2,2.71,0.029,1.206,3.66
1,1.18264,246.1,127,85,168,246.1,2.87,0.032,1.316,4.063
1,1.18679,241.0,127,74,182,241.0,3.36,0.033,1.434,4.15
1,1.18982,330.2,127,78,140,330.2,2.33,0.024,1.108,3.028
1,1.19301,313.1,127,81,175,313.1,2.37,0.025,1.376,3.194
1,1.19669,271.5,127,77,156,271.5,2.87,0.029,1.222,3.683
1,1.20019,286.1,127,84,165,286.1,2.5,0.027,1.296,3.496
1,1.20392,267.6,127,84,187,267.6,2.67,0.029,1.468,3.737
1,1.20801,244.6,127,82,158,244.6,2.99,0.032,1.241,4.088
1,1.21145,291.2,126,88,141,291.2,2.34,0.027,1.117,3.434
1,1.21552,245.3,127,80,154,245.3,3.06,0.032,1.214,4.077
1,1.21925,268.4,127,92,178,268.4,2.43,0.029,1.408,3.726
1,1.22353,233.6,127,89,180,233.6,2.89,0.034,1.416,4.281
1,1.22712,278.7,127,85,167,278.7,2.53,0.028,1.319,3.588
1,1.2313,239.2,127,83,203,239.2,3.02,0.033,1.599,4.181
1,1.23463,299.9,126,87,142,299.9,2.3,0.026,1.127,3.335
1,1.23837,267.6,127,87,148,267.6,2.58,0.03,1.169,3.737
1,1.24269,231.4,126,78,185,231.4,3.32,0.034,1.464,4.321
1,1.24653,260.7,126,88,161,260.7,2.62,0.03,1.278,3.837
1,1.25061,245.2,127,81,175,245.2,3.02,0.032,1.379,4.078
1,1.25451,256.5,127,90,168,256.5,2.6,0.031,1.323,3.899
1,1.25816,273.6,128,82,177,273.6,2.67,0.029,1.387,3.655
1,1.26145,303.9,127,91,149,303.9,2.17,0.026,1.172,3.29
1,1.26538,254.6,127,84,164,254.6,2.81,0.031,1.291,3.928
1,1.26938,250.0,127,83,183,250.0,2.89,0.032,1.447,4.001
1,1.27329,256.1,127,85,164,256.1,2.76,0.031,1.284,3.905
1,1.27686,280.0,128,85,180,280.0,2.52,0.028,1.408,3.571
1,1.28085,250.4,128,82,175,250.4,2.92,0.031,1.375,3.994
1,1.28528,225.6,128,85,191,225.6,3.13,0.035,1.493,4.433
1,1.28866,295.9,129,86,173,295.9,2.36,0.026,1.342,3.379
1,1.29275,244.7,129,89,182,244.7,2.75,0.032,1.413,4.086
1,1.29629,282.6,129,82,166,282.6,2.59,0.028,1.294,3.538
1,1.30005,265.5,129,90,158,265.5,2.51,0.029,1.231,3.767
1,1.30345,294.1,129,87,148,294.1,2.35,0.026,1.145,3.401
1,1.30737,255.2,129,80,167,255.2,2.94,0.03,1.295,3.918
1,1.31102,274.0,129,80,167,274.0,2.74,0.028,1.296,3.65
1,1.31484,261.7,129,91,182,261.7,2.52,0.03,1.416,3.821
1,1.31823,295.2,129,78,174,295.2,2.61,0.026,1.343,3.388
1,1.32237,241.7,130,80,142,241.7,3.1,0.032,1.097,4.137
1,1.32655,239.1,130,89,160,239.1,2.82,0.032,1.231,4.183
1,1.33088,231.0,130,89,207,231.0,2.92,0.033,1.589,4.328
1,1.33482,254.0,130,81,184,254.0,2.92,0.03,1.415,3.938
1,1.33882,250.1,130,86,167,250.1,2.79,0.031,1.287,3.999
1,1.34258,265.8,130,79,172,265.8,2.86,0.029,1.318,3.762
1,1.34621,275.6,130,83,158,275.6,2.62,0.028,1.216,3.629
1,1.35075,219.9,130,80,198,219.9,3.41,0.035,1.522,4.547
1,1.35454,263.9,130,83,193,263.9,2.74,0.029,1.479,3.789
1,1.35866,243.0,131,91,164,243.0,2.71,0.031,1.256,4.115
1,1.36192,306.2,130,84,162,306.2,2.33,0.025,1.246,3.266
1,1.36539,288.6,130,82,177,288.6,2.54,0.027,1.36,3.465
1,1.36857,314.2,130,79,181,314.2,2.42,0.024,1.389,3.183
1,1.37226,271.3,131,90,171,271.3,2.46,0.028,1.308,3.685
1,1.37602,265.4,131,79,161,265.4,2.86,0.029,1.229,3.768
1,1.37993,256.3,131,84,186,256.3,2.79,0.03,1.413,3.902
1,1.38366,267.8,131,82,156,267.8,2.73,0.029,1.192,3.735
1,1.38758,255.4,131,90,188,255.4,2.61,0.03,1.443,3.916
1,1.3916,248.2,130,74,172,248.2,3.27,0.031,1.318,4.029
1,1.39569,245.0,130,84,186,245.0,2.92,0.031,1.425,4.082
1,1.39889,312.0,130,86,144,312.0,2.24,0.025,1.111,3.205
1,1.40275,258.9,129,86,178,258.9,2.7,0.03,1.374,3.863
1,1.40606,302.2,130,80,144,302.2,2.48,0.026,1.107,3.309
1,1.40994,258.2,130,80,176,258.2,2.9,0.03,1.355,3.872
1,1.41375,262.5,131,85,181,262.5,2.69,0.029,1.384,3.81
1,1.41668,340.8,131,79,158,340.8,2.23,0.022,1.212,2.935
1,1.42033,273.7,131,74,181,273.7,2.96,0.028,1.383,3.653
1,1.42409,266.0,132,84,184,266.0,2.69,0.029,1.4,3.76
1,1.42769,278.4,132,81,170,278.4,2.66,0.027,1.287,3.592
1,1.43183,241.4,132,84,165,241.4,2.96,0.031,1.251,4.142
1,1.43533,285.8,132,83,180,285.8,2.53,0.027,1.363,3.499
1,1.44012,208.5,132,83,190,208.5,3.47,0.036,1.441,4.796
1,1.4443,239.5,131,82,179,239.5,3.06,0.032,1.365,4.175
1,1.44798,271.2,131,87,176,271.2,2.54,0.028,1.347,3.687
1,1.45249,221.8,131,83,208,221.8,3.26,0.034,1.584,4.51
1,1.45613,274.9,132,86,176,274.9,2.54,0.028,1.334,3.637
1,1.45975,276.7,132,82,163,276.7,2.64,0.027,1.234,3.614
1,1.46314,294.9,132,91,157,294.9,2.24,0.026,1.192,3.391
1,1.46709,252.7,133,83,175,252.7,2.86,0.03,1.321,3.958
1,1.47098,257.3,133,82,156,257.3,2.84,0.029,1.174,3.887
1,1.47513,241.0,134,87,196,241.0,2.86,0.031,1.469,4.149
1,1.47894,262.7,134,85,179,262.7,2.69,0.029,1.338,3.807
1,1.4831,240.2,134,80,178,240.2,3.12,0.031,1.33,4.163
1,1.48704,253.5,134,76,199,253.5,3.11,0.029,1.486,3.945
1,1.49101,252.0,134,80,199,252.0,2.98,0.03,1.484,3.968
1,1.49493,255.3,134,83,191,255.3,2.83,0.029,1.421,3.917
1,1.49863,270.5,134,90,169,270.5,2.46,0.028,1.261,3.696
1,1.5026,251.6,134,88,198,251.6,2.71,0.03,1.472,3.975
1,1.50661,249.3,134,80,183,249.3,3.01,0.03,1.364,4.012
1,1.5103,271.6,135,81,155,271.6,2.73,0.027,1.15,3.682
1,1.51409,263.7,135,86,181,263.7,2.65,0.028,1.348,3.792
1,1.5186,221.8,134,85,192,221.8,3.18,0.034,1.434,4.508
1,1.52231,269.2,134,85,159,269.2,2.62,0.028,1.187,3.715
1,1.52652,237.8,134,86,183,237.8,2.93,0.031,1.368,4.205
1,1.53093,226.5,134,87,184,226.5,3.04,0.033,1.378,4.415
1,1.53474,262.6,133,88,175,262.6,2.6,0.029,1.31,3.809
1,1.53817,291.5,133,80,138,291.5,2.57,0.026,1.035,3.431
1,1.54199,261.7,134,87,183,261.7,2.63,0.029,1.373,3.821
1,1.54611,242.8,133,87,187,242.8,2.84,0.031,1.399,4.119
1,1.55,256.8,134,81,161,256.8,2.88,0.029,1.202,3.894
1,1.55386,259.5,134,83,184,259.5,2.79,0.029,1.371,3.853
1,1.55732,288.6,134,87,178,288.6,2.39,0.026,1.322,3.465
1,1.56142,243.8,134,87,159,243.8,2.83,0.031,1.189,4.102
1,1.56557,241.2,134,84,176,241.2,2.96,0.031,1.319,4.146
1,1.5694,261.4,134,87,162,261.4,2.64,0.029,1.209,3.826
1,1.57348,244.9,134,73,182,244.9,3.36,0.03,1.357,4.083
1,1.57758,244.0,133,85,167,244.0,2.89,0.031,1.252,4.099
1,1.58176,239.0,134,90,176,239.0,2.79,0.031,1.32,4.183
1,1.58555,263.7,134,85,208,263.7,2.68,0.028,1.556,3.792
1,1.58935,263.6,133,92,175,263.6,2.47,0.028,1.307,3.793
1,1.59368,230.8,134,84,181,230.8,3.09,0.032,1.356,4.332
1,1.59712,290.8,134,80,168,290.8,2.58,0.026,1.257,3.438
1,1.60071,277.9,134,82,168,277.9,2.63,0.027,1.26,3.599
1,1.60453,262.3,133,77,154,262.3,2.97,0.029,1.155,3.813
1,1.60825,269.0,133,83,181,269.0,2.69,0.028,1.363,3.718
1,1.61223,251.2,133,76,185,251.2,3.14,0.03,1.391,3.981
1,1.6159,272.1,134,85,177,272.1,2.59,0.028,1.325,3.675
1,1.61974,260.4,133,88,174,260.4,2.62,0.029,1.308,3.84
1,1.62362,257.9,133,82,214,257.9,2.84,0.029,1.608,3.878
1,1.6273,271.5,133,84,148,271.5,2.63,0.028,1.115,3.683
1,1.63094,275.0,133,81,152,275.0,2.69,0.027,1.144,3.636
1,1.63492,251.1,133,84,210,251.1,2.85,0.03,1.573,3.983
1,1.63817,308.0,133,82,142,308.0,2.38,0.024,1.069,3.247
1,1.64188,269.1,133,83,178,269.1,2.69,0.028,1.344,3.716
1,1.64617,233.1,133,80,184,233.1,3.22,0.032,1.384,4.289
1,1.65012,253.4,133,87,179,253.4,2.72,0.03,1.349,3.946
1,1.6543,239.3,133,82,198,239.3,3.06,0.031,1.491,4.178
1,1.65794,274.7,133,83,161,274.7,2.63,0.027,1.208,3.64
1,1.66185,255.8,132,82,179,255.8,2.86,0.03,1.355,3.909
1,1.66557,268.4,132,89,184,268.4,2.51,0.028,1.399,3.725
1,1.67011,220.2,132,82,199,220.2,3.32,0.034,1.508,4.54
1,1.67363,284.0,132,87,160,284.0,2.43,0.027,1.212,3.521
1,1.67788,235.6,132,86,207,235.6,2.96,0.032,1.565,4.245
1,1.68133,289.5,133,87,180,289.5,2.38,0.026,1.355,3.455
1,1.68578,224.8,132,89,206,224.8,3.0,0.034,1.558,4.447
1,1.68944,273.3,132,79,163,273.3,2.78,0.028,1.235,3.66
1,1.69365,237.4,132,89,177,237.4,2.84,0.032,1.34,4.212
1,1.69727,276.6,132,77,173,276.6,2.82,0.027,1.307,3.615
1,1.70123,252.6,133,80,200,252.6,2.97,0.03,1.508,3.959
1,1.70525,248.3,133,81,182,248.3,2.98,0.03,1.374,4.027
1,1.70909,260.5,133,86,175,260.5,2.68,0.029,1.315,3.839
1,1.71284,266.4,133,83,175,266.4,2.71,0.028,1.322,3.753
1,1.71665,262.7,133,86,179,262.7,2.66,0.029,1.341,3.807
1,1.72081,240.6,133,89,196,240.6,2.8,0.031,1.472,4.156
1,1.72444,275.4,133,78,182,275.4,2.79,0.027,1.362,3.631
1,1.7287,234.4,133,90,162,234.4,2.84,0.032,1.217,4.266
1,1.73262,255.1,134,77,195,255.1,3.06,0.029,1.463,3.921
1,1.73629,272.5,133,83,170,272.5,2.65,0.028,1.275,3.67
1,1.73992,276.0,133,78,149,276.0,2.79,0.027,1.113,3.623
1,1.74418,234.7,133,75,222,234.7,3.41,0.032,1.665,4.261
1,1.74845,234.0,134,80,204,234.0,3.21,0.032,1.524,4.274
1,1.75193,287.5,134,94,176,287.5,2.22,0.026,1.316,3.479
1,1.75595,249.0,134,88,189,249.0,2.74,0.03,1.412,4.016
1,1.75986,255.2,134,85,190,255.2,2.77,0.029,1.422,3.918
1,1.76392,246.5,134,86,196,246.5,2.83,0.03,1.466,4.057
1,1.7684,223.4,134,78,205,223.4,3.44,0.033,1.535,4.477
1,1.77252,242.6,133,81,169,242.6,3.05,0.031,1.266,4.121
1,1.77612,277.6,135,87,147,277.6,2.48,0.027,1.092,3.602
1,1.78022,243.7,135,86,184,243.7,2.86,0.03,1.37,4.103
1,1.78425,248.7,135,84,196,248.7,2.87,0.03,1.452,4.021
1,1.78743,314.2,135,86,182,314.2,2.22,0.024,1.349,3.183
1,1.79141,251.0,135,84,198,251.0,2.85,0.029,1.462,3.984
1,1.79568,234.0,136,82,206,234.0,3.13,0.032,1.521,4.273
1,1.79968,250.6,135,81,169,250.6,2.96,0.03,1.25,3.991
1,1.80395,234.2,135,88,203,234.2,2.91,0.032,1.505,4.27
1,1.80798,248.2,135,87,175,248.2,2.78,0.03,1.293,4.029
1,1.81243,224.4,136,86,208,224.4,3.11,0.033,1.533,4.456
1,1.81621,265.0,135,83,186,265.0,2.73,0.028,1.377,3.774
1,1.81997,265.9,135,80,175,265.9,2.82,0.028,1.293,3.761
1,1.82337,293.7,135,83,153,293.7,2.46,0.025,1.132,3.405
1,1.82727,256.2,135,78,199,256.2,3.0,0.029,1.469,3.903
1,1.83105,264.8,135,87,173,264.8,2.6,0.028,1.285,3.776
1,1.83466,276.9,134,86,183,276.9,2.52,0.027,1.362,3.612
1,1.83832,273.4,134,90,189,273.4,2.44,0.027,1.405,3.657
1,1.84203,269.4,134,89,133,269.4,2.5,0.028,0.994,3.712
1,1.84581,265.1,134,87,192,265.1,2.6,0.028,1.431,3.772
1,1.85056,210.2,134,89,196,210.2,3.21,0.035,1.465,4.758
1,1.85417,276.9,134,84,195,276.9,2.58,0.027,1.457,3.611
1,1.85806,257.3,134,82,176,257.3,2.84,0.029,1.314,3.887
1,1.86188,261.5,134,84,173,261.5,2.73,0.029,1.294,3.824
1,1.86559,270.0,134,87,182,270.0,2.55,0.028,1.361,3.704
1,1.86924,273.6,134,78,177,273.6,2.81,0.027,1.319,3.655
1,1.87319,253.5,134,85,180,253.5,2.78,0.029,1.342,3.944
1,1.87731,242.6,134,86,204,242.6,2.88,0.031,1.521,4.123
1,1.88132,249.7,134,75,194,249.7,3.2,0.03,1.446,4.005
1,1.88588,218.9,134,89,215,218.9,3.08,0.034,1.597,4.569
1,1.88981,254.5,135,82,191,254.5,2.88,0.029,1.418,3.929
1,1.89381,250.2,135,84,200,250.2,2.86,0.03,1.484,3.997
1,1.89723,292.4,135,78,189,292.4,2.63,0.025,1.401,3.42
1,1.90109,259.4,135,82,180,259.4,2.82,0.029,1.334,3.855
1,1.90507,250.9,135,85,182,250.9,2.81,0.029,1.343,3.986
1,1.90917,244.0,135,89,201,244.0,2.76,0.03,1.492,4.098
1,1.9135,230.9,134,78,202,230.9,3.33,0.032,1.504,4.332
1,1.91786,229.7,134,81,197,229.7,3.23,0.032,1.469,4.354
1,1.92179,254.0,135,80,169,254.0,2.95,0.029,1.254,3.937
1,1.92569,256.3,135,82,184,256.3,2.85,0.029,1.368,3.901
1,1.92958,257.4,134,87,191,257.4,2.68,0.029,1.423,3.885
1,1.9335,255.4,134,74,187,255.4,3.18,0.029,1.392,3.916
1,1.93789,227.3,134,86,234,227.3,3.07,0.033,1.742,4.4
1,1.94219,233.0,135,79,191,233.0,3.26,0.032,1.421,4.293
1,1.94634,240.9,135,86,204,240.9,2.9,0.031,1.511,4.152
1,1.95034,250.2,135,83,203,250.2,2.89,0.03,1.503,3.997
1,1.954,272.7,136,79,193,272.7,2.78,0.027,1.422,3.666
1,1.95811,243.4,136,85,194,243.4,2.9,0.03,1.431,4.108
1,1.96188,265.4,136,78,188,265.4,2.9,0.028,1.375,3.767
1,1.96629,226.5,136,83,190,226.5,3.19,0.033,1.399,4.414
1,1.97016,258.4,136,79,192,258.4,2.94,0.028,1.416,3.87
1,1.97425,244.5,136,89,185,244.5,2.76,0.03,1.366,4.089
1,1.97835,244.1,136,86,172,244.1,2.86,0.03,1.269,4.097
1,1.98236,249.4,135,82,221,249.4,2.93,0.03,1.631,4.009
1,1.98632,252.4,135,88,188,252.4,2.7,0.029,1.389,3.962
1,1.99081,222.8,135,81,187,222.8,3.32,0.033,1.379,4.488
1,1.99453,268.4,135,91,164,268.4,2.46,0.028,1.209,3.725
1,1.99887,230.6,135,83,189,230.6,3.13,0.032,1.4,4.337
1,2.00241,282.1,136,77,153,282.1,2.76,0.026,1.128,3.545
1,2.00648,245.9,136,78,185,245.9,3.13,0.03,1.364,4.066
1,2.01073,235.2,135,86,230,235.2,2.97,0.031,1.695,4.252
1,2.01497,236.0,135,82,201,236.0,3.1,0.031,1.484,4.238
1,2.01902,246.6,136,88,226,246.6,2.76,0.03,1.667,4.055
1,2.02297,253.4,136,90,176,253.4,2.63,0.029,1.301,3.946
1,2.0271,242.1,136,79,188,242.1,3.14,0.03,1.387,4.131
1,2.03138,234.0,135,83,210,234.0,3.09,0.032,1.549,4.274
1,2.03527,256.6,135,92,186,256.6,2.54,0.029,1.375,3.898
1,2.0392,254.4,135,87,188,254.4,2.71,0.029,1.389,3.93
1,2.04298,265.1,136,90,183,265.1,2.51,0.028,1.347,3.772
1,2.04687,257.0,136,80,161,257.0,2.92,0.029,1.184,3.89
1,2.05072,259.3,136,78,159,259.3,2.97,0.028,1.169,3.857
1,2.05495,236.8,136,83,195,236.8,3.05,0.031,1.437,4.223
1,2.05863,271.8,136,92,197,271.8,2.4,0.027,1.448,3.68
1,2.06265,248.4,136,82,224,248.4,2.95,0.03,1.647,4.026
1,2.06705,227.5,136,84,192,227.5,3.14,0.032,1.406,4.395
1,2.07092,258.4,136,78,169,258.4,2.98,0.028,1.241,3.871
1,2.07519,234.0,136,74,211,234.0,3.47,0.031,1.552,4.274
1,2.07906,258.2,136,90,203,258.2,2.58,0.028,1.492,3.873
1,2.08333,234.3,137,78,208,234.3,3.28,0.031,1.52,4.268
1,2.08717,260.2,137,85,187,260.2,2.71,0.028,1.366,3.843
1,2.09084,273.1,137,80,184,273.1,2.75,0.027,1.344,3.662
1,2.09514,232.2,136,87,208,232.2,2.97,0.032,1.529,4.308
1,2.09864,286.3,136,88,165,286.3,2.38,0.026,1.216,3.492
1,2.10255,255.4,136,87,188,255.4,2.7,0.029,1.382,3.915
1,2.10675,238.2,136,91,186,238.2,2.77,0.031,1.36,4.199
1,2.11097,237.2,136,81,198,237.2,3.12,0.031,1.455,4.216
1,2.11474,265.0,137,87,204,265.0,2.6,0.028,1.494,3.774
1,2.11907,230.8,136,84,216,230.8,3.1,0.032,1.582,4.333
1,2.12348,227.0,138,88,233,227.0,3.0,0.032,1.691,4.405
1,2.1281,216.2,138,83,207,216.2,3.34,0.033,1.497,4.624
1,2.13233,236.7,138,87,201,236.7,2.91,0.031,1.457,4.225
1,2.13629,252.5,138,83,212,252.5,2.86,0.029,1.54,3.961
1,2.14087,218.3,138,87,205,218.3,3.16,0.033,1.485,4.58
1,2.14485,251.1,139,80,197,251.1,2.99,0.029,1.426,3.982
1,2.14905,238.4,139,84,210,238.4,3.0,0.03,1.514,4.195
1,2.15299,253.9,139,87,171,253.9,2.72,0.028,1.231,3.939
1,2.157,249.1,139,85,207,249.1,2.83,0.029,1.494,4.014
1,2.16109,244.7,139,87,211,244.7,2.82,0.029,1.519,4.087
1,2.16455,288.7,139,81,160,288.7,2.57,0.025,1.148,3.463
1,2.16892,228.6,139,89,211,228.6,2.95,0.032,1.519,4.374
1,2.17321,233.4,138,90,211,233.4,2.86,0.031,1.525,4.285
1,2.17733,242.5,138,77,192,242.5,3.21,0.03,1.389,4.123
1,2.18151,239.5,138,78,180,239.5,3.21,0.03,1.31,4.176
1,2.18506,281.9,138,82,188,281.9,2.6,0.026,1.358,3.548
1,2.1888,266.9,139,83,179,266.9,2.71,0.027,1.292,3.747
1,2.19329,222.8,139,89,202,222.8,3.03,0.032,1.457,4.489
1,2.19739,244.2,138,83,193,244.2,2.96,0.03,1.396,4.095
1,2.20129,256.1,138,85,182,256.1,2.76,0.028,1.323,3.905
1,2.20517,258.0,137,84,200,258.0,2.77,0.028,1.458,3.876
1,2.20921,247.6,138,78,216,247.6,3.11,0.029,1.566,4.039
1,2.21266,289.2,137,83,173,289.2,2.5,0.025,1.259,3.458
1,2.21661,253.3,137,85,183,253.3,2.79,0.029,1.339,3.948
1,2.22089,233.8,137,83,223,233.8,3.09,0.031,1.625,4.277
1,2.2259,199.7,138,82,266,199.7,3.66,0.036,1.931,5.008
1,2.23092,199.1,137,90,251,199.1,3.35,0.037,1.823,5.023
1,2.23526,230.3,137,89,216,230.3,2.93,0.032,1.575,4.342
1,2.23952,234.7,137,88,246,234.7,2.91,0.031,1.792,4.261
1,2.2442,213.8,138,86,255,213.8,3.26,0.034,1.85,4.677
1,2.24839,238.9,138,87,209,238.9,2.89,0.03,1.512,4.186
1,2.25284,224.7,138,89,257,224.7,3.0,0.032,1.859,4.451
1,2.25724,227.4,138,87,237,227.4,3.03,0.032,1.71,4.398
1,2.2613,245.7,139,84,235,245.7,2.91,0.029,1.692,4.069
1,2.26631,199.9,139,82,269,199.9,3.66,0.036,1.927,5.001
1,2.27065,230.1,140,87,228,230.1,3.0,0.031,1.635,4.345
1,2.2748,241.3,139,82,223,241.3,3.03,0.03,1.603,4.144
1,2.27966,205.7,139,89,236,205.7,3.28,0.035,1.699,4.861
1,2.28417,221.6,139,87,227,221.6,3.11,0.032,1.632,4.512
1,2.28838,237.5,140,88,239,237.5,2.87,0.03,1.713,4.21
1,2.29306,213.6,140,83,254,213.6,3.38,0.033,1.81,4.681
1,2.29829,191.3,140,91,251,191.3,3.45,0.037,1.787,5.228
1,2.30283,220.2,140,87,224,220.2,3.13,0.033,1.605,4.541
1,2.30747,215.5,140,80,234,215.5,3.48,0.033,1.67,4.64
1,2.31168,237.8,141,93,228,237.8,2.71,0.03,1.615,4.206
1,2.31607,227.4,141,84,229,227.4,3.14,0.031,1.619,4.398
1,2.32042,230.0,141,86,239,230.0,3.03,0.031,1.701,4.348
1,2.32505,216.1,141,81,230,216.1,3.43,0.033,1.629,4.626
1,2.3296,219.8,141,89,234,219.8,3.07,0.032,1.658,4.55
1,2.33407,223.5,142,85,250,223.5,3.16,0.032,1.761,4.474
1,2.3387,216.2,141,97,220,216.2,2.86,0.033,1.556,4.626
1,2.3431,227.1,141,87,215,227.1,3.04,0.031,1.529,4.403
1,2.34781,212.3,141,86,250,212.3,3.29,0.033,1.773,4.709
1,2.35214,231.0,140,85,241,231.0,3.06,0.031,1.724,4.328
1,2.35662,223.2,141,87,243,223.2,3.09,0.032,1.721,4.481
1,2.36147,206.0,142,88,257,206.0,3.31,0.034,1.813,4.854
1,2.36616,213.4,141,89,277,213.4,3.16,0.033,1.962,4.687
1,2.37072,219.2,141,85,250,219.2,3.22,0.032,1.775,4.561
1,2.37545,211.4,142,82,258,211.4,3.46,0.033,1.823,4.73
1,2.37977,231.4,141,85,228,231.4,3.05,0.031,1.615,4.321
1,2.38463,206.1,141,82,284,206.1,3.55,0.034,2.011,4.852
1,2.38888,234.8,142,80,259,234.8,3.19,0.03,1.82,4.258
1,2.39391,199.0,143,84,275,199.0,3.59,0.035,1.924,5.024
1,2.39818,234.2,143,86,194,234.2,2.98,0.03,1.358,4.269
1,2.40259,226.7,143,82,223,226.7,3.23,0.031,1.563,4.41
1,2.40712,220.6,142,81,225,220.6,3.36,0.032,1.581,4.533
1,2.41146,230.3,142,87,257,230.3,2.99,0.03,1.803,4.341
1,2.41567,237.7,142,96,236,237.7,2.63,0.03,1.657,4.207
1,2.42093,190.1,143,88,268,190.1,3.59,0.037,1.874,5.26
1,2.42585,203.2,143,86,248,203.2,3.43,0.034,1.735,4.921
1,2.43055,212.7,143,81,262,212.7,3.48,0.033,1.828,4.702
1,2.43483,233.6,143,90,228,233.6,2.85,0.03,1.591,4.28
1,2.43881,251.4,143,89,241,251.4,2.68,0.028,1.686,3.978
1,2.44312,232.0,143,90,231,232.0,2.87,0.03,1.615,4.311
1,2.44702,256.6,143,82,208,256.6,2.85,0.027,1.454,3.897
1,2.4509,257.7,143,83,231,257.7,2.81,0.027,1.613,3.881
1,2.45533,225.4,144,89,259,225.4,2.99,0.031,1.797,4.437
1,2.46002,213.6,144,88,239,213.6,3.19,0.033,1.66,4.681
1,2.46479,209.3,144,87,229,209.3,3.3,0.033,1.594,4.778
1,2.46983,198.4,144,87,255,198.4,3.48,0.035,1.77,5.041
1,2.47464,208.0,144,92,250,208.0,3.14,0.033,1.737,4.807
1,2.47923,218.0,144,87,235,218.0,3.16,0.032,1.633,4.588
1,2.48409,205.7,144,93,246,205.7,3.14,0.034,1.712,4.862
1,2.48879,213.1,144,82,246,213.1,3.43,0.033,1.707,4.694
1,2.49353,211.0,144,84,276,211.0,3.38,0.033,1.909,4.739
1,2.49753,249.9,144,84,224,249.9,2.86,0.028,1.552,4.002
1,2.50247,202.3,144,82,244,202.3,3.62,0.034,1.686,4.943
1,2.50734,205.3,145,84,253,205.3,3.48,0.034,1.742,4.872
1,2.51184,222.5,145,86,224,222.5,3.14,0.031,1.541,4.494
1,2.51594,243.7,145,88,222,243.7,2.8,0.028,1.535,4.103
1,2.52028,230.2,144,90,252,230.2,2.9,0.03,1.746,4.343
1,2.5251,207.7,145,84,254,207.7,3.44,0.033,1.753,4.815
1,2.52922,242.5,144,82,248,242.5,3.02,0.029,1.72,4.124
1,2.53379,219.0,144,87,250,219.0,3.15,0.032,1.738,4.566
1,2.53867,205.0,144,85,256,205.0,3.44,0.034,1.78,4.878
1,2.54291,235.5,144,88,250,235.5,2.9,0.029,1.736,4.247
1,2.54756,215.0,144,82,258,215.0,3.4,0.032,1.785,4.65
1,2.55248,203.3,144,87,243,203.3,3.39,0.034,1.686,4.919
1,2.55759,195.8,144,89,264,195.8,3.44,0.035,1.832,5.106
1,2.56249,204.1,144,94,251,204.1,3.13,0.034,1.739,4.899
1,2.56711,216.3,145,87,249,216.3,3.19,0.032,1.717,4.624
1,2.572,204.6,145,83,238,204.6,3.53,0.034,1.636,4.887
1,2.57614,241.5,145,88,253,241.5,2.82,0.029,1.748,4.141
1,2.58086,211.8,145,84,256,211.8,3.37,0.032,1.759,4.721
1,2.58617,188.2,145,83,280,188.2,3.84,0.037,1.924,5.313
1,2.59145,189.4,145,91,280,189.4,3.48,0.036,1.924,5.28
1,2.59631,206.0,145,91,231,206.0,3.2,0.033,1.592,4.854
1,2.60086,219.9,145,94,255,219.9,2.9,0.031,1.758,4.548
1,2.60558,211.7,145,92,239,211.7,3.08,0.033,1.645,4.724
1,2.61037,208.6,145,86,252,208.6,3.34,0.033,1.735,4.793
1,2.61418,262.6,145,85,199,262.6,2.69,0.026,1.373,3.808
1,2.61922,198.3,145,93,252,198.3,3.25,0.035,1.736,5.042
1,2.6236,228.6,145,85,236,228.6,3.09,0.03,1.631,4.375
1,2.62837,209.7,145,82,248,209.7,3.49,0.033,1.717,4.769
1,2.6329,220.4,144,90,256,220.4,3.03,0.031,1.774,4.538
1,2.63764,211.0,145,86,249,211.0,3.31,0.033,1.723,4.738
1,2.64193,233.0,145,85,236,233.0,3.03,0.03,1.628,4.293
1,2.64641,223.6,144,84,242,223.6,3.19,0.031,1.678,4.473
1,2.65106,215.1,144,86,240,215.1,3.24,0.032,1.669,4.649
1,2.65554,223.1,144,82,261,223.1,3.28,0.031,1.813,4.483
1,2.6597,240.3,144,83,236,240.3,3.01,0.029,1.644,4.162
1,2.66405,229.8,144,88,237,229.8,2.97,0.03,1.647,4.352
1,2.66834,233.2,143,86,238,233.2,2.99,0.03,1.657,4.288
1,2.6731,210.0,143,85,255,210.0,3.36,0.033,1.788,4.762
1,2.67747,229.2,144,88,248,229.2,2.97,0.03,1.726,4.362
1,2.68182,229.8,143,86,243,229.8,3.04,0.03,1.699,4.352
1,2.68641,217.7,143,86,261,217.7,3.2,0.032,1.827,4.593
1,2.69152,195.6,143,95,276,195.6,3.23,0.036,1.931,5.112
1,2.69571,238.8,143,88,254,238.8,2.86,0.029,1.77,4.188
1,2.69989,239.5,144,86,240,239.5,2.91,0.029,1.67,4.175
1,2.70444,219.6,144,91,244,219.6,3.0,0.032,1.69,4.554
1,2.70897,220.8,144,80,262,220.8,3.4,0.031,1.816,4.528
1,2.71377,208.3,144,86,273,208.3,3.35,0.033,1.892,4.8
1,2.71867,204.1,145,96,279,204.1,3.06,0.034,1.924,4.9
1,2.72301,230.3,145,92,250,230.3,2.83,0.03,1.731,4.343
1,2.72742,226.7,144,84,249,226.7,3.15,0.031,1.726,4.41
1,2.73209,214.1,144,83,234,214.1,3.38,0.032,1.625,4.672
1,2.73633,235.8,144,90,225,235.8,2.83,0.029,1.562,4.241
1,2.74083,222.7,144,90,232,222.7,2.99,0.031,1.612,4.491
1,2.74547,215.2,144,81,235,215.2,3.44,0.032,1.633,4.648
1,2.74991,225.5,144,83,252,225.5,3.21,0.031,1.751,4.434
1,2.7547,208.6,145,84,255,208.6,3.42,0.033,1.76,4.794
1,2.75865,252.9,144,85,207,252.9,2.79,0.027,1.437,3.955
1,2.76301,229.7,144,87,228,229.7,3.0,0.03,1.583,4.353
1,2.76728,234.3,143,82,205,234.3,3.12,0.03,1.43,4.267
1,2.77168,227.1,143,82,195,227.1,3.22,0.031,1.369,4.403
1,2.77565,251.8,143,86,238,251.8,2.77,0.028,1.664,3.971
1,2.78135,175.3,143,89,259,175.3,3.84,0.04,1.807,5.703
1,2.78561,235.1,144,84,207,235.1,3.04,0.03,1.442,4.253
1,2.79025,215.1,144,84,244,215.1,3.32,0.032,1.698,4.649
1,2.79426,249.7,144,83,217,249.7,2.9,0.028,1.511,4.005
1,2.79884,218.4,144,84,236,218.4,3.27,0.032,1.639,4.579
1,2.80374,204.2,145,88,231,204.2,3.34,0.034,1.6,4.898
1,2.8086,205.6,145,86,241,205.6,3.39,0.034,1.666,4.864
1,2.81302,226.2,145,85,232,226.2,3.12,0.03,1.595,4.421
1,2.81767,215.3,145,86,246,215.3,3.24,0.032,1.694,4.644
1,2.82242,210.2,146,91,273,210.2,3.14,0.033,1.871,4.757
1,2.82719,209.6,146,89,228,209.6,3.22,0.033,1.562,4.772
1,2.83155,229.4,146,79,233,229.4,3.31,0.03,1.599,4.359
1,2.83627,212.2,146,89,262,212.2,3.18,0.032,1.797,4.712
1,2.84015,257.5,145,87,250,257.5,2.68,0.027,1.719,3.884
1,2.84488,211.5,145,91,241,211.5,3.12,0.033,1.663,4.729
1,2.84997,196.3,145,83,252,196.3,3.68,0.035,1.736,5.094
1,2.85444,223.8,145,91,261,223.8,2.95,0.031,1.793,4.468
1,2.85859,241.1,145,83,229,241.1,3.0,0.029,1.578,4.147
1,2.86324,214.8,145,88,266,214.8,3.17,0.032,1.832,4.656
1,2.86745,237.9,145,77,211,237.9,3.28,0.029,1.454,4.204
1,2.87178,230.8,146,89,219,230.8,2.92,0.03,1.502,4.333
1,2.87664,206.0,146,89,266,206.0,3.27,0.033,1.83,4.854
1,2.88132,213.4,146,89,248,213.4,3.16,0.032,1.7,4.686
1,2.88559,234.0,146,84,214,234.0,3.05,0.029,1.468,4.273
1,2.89009,222.3,147,91,223,222.3,2.97,0.031,1.523,4.499
1,2.89469,217.6,146,82,245,217.6,3.36,0.031,1.671,4.595
1,2.89926,218.8,146,88,248,218.8,3.12,0.031,1.699,4.571
1,2.90393,214.1,146,83,209,214.1,3.38,0.032,1.436,4.671
1,2.90821,233.7,145,88,253,233.7,2.92,0.03,1.746,4.278
1,2.9133,196.3,145,86,263,196.3,3.55,0.035,1.812,5.095
1,2.91788,218.7,144,83,220,218.7,3.31,0.032,1.524,4.573
1,2.92228,226.9,143,83,216,226.9,3.19,0.031,1.507,4.407
1,2.92736,197.2,143,85,264,197.2,3.58,0.035,1.849,5.072
1,2.93167,231.9,143,86,209,231.9,3.01,0.03,1.464,4.313
1,2.93596,232.9,143,76,233,232.9,3.39,0.03,1.635,4.293
1,2.94071,210.5,142,87,251,210.5,3.28,0.033,1.76,4.751
1,2.94515,225.4,143,82,236,225.4,3.25,0.031,1.657,4.436
1,2.94987,211.7,143,84,253,211.7,3.37,0.033,1.775,4.723
1,2.95447,217.3,142,91,255,217.3,3.03,0.032,1.797,4.602
1,2.95893,224.6,143,81,250,224.6,3.3,0.031,1.753,4.452
1,2.96321,233.7,142,93,237,233.7,2.76,0.03,1.665,4.279
1,2.96755,230.3,142,81,232,230.3,3.22,0.031,1.629,4.343
1,2.97202,223.5,142,86,248,223.5,3.12,0.031,1.74,4.474
1,2.97628,234.6,142,92,215,234.6,2.78,0.03,1.507,4.263
1,2.9813,199.5,143,81,246,199.5,3.71,0.035,1.722,5.012
1,2.98633,198.6,143,83,245,198.6,3.64,0.035,1.71,5.036
1,2.99096,216.2,144,87,255,216.2,3.19,0.032,1.777,4.626
1,2.99545,222.8,144,79,263,222.8,3.41,0.031,1.827,4.489
1,3.00026,207.9,144,86,238,207.9,3.36,0.033,1.652,4.809
1,3.00462,229.4,144,77,206,229.4,3.4,0.03,1.431,4.358
1,3.00945,206.7,144,82,239,206.7,3.54,0.034,1.66,4.839
1,3.01433,205.0,144,86,260,205.0,3.4,0.034,1.797,4.878
1,3.019,214.2,145,92,228,214.2,3.04,0.032,1.575,4.668
1,3.02354,220.4,145,80,228,220.4,3.4,0.031,1.57,4.538
1,3.02809,219.9,144,82,249,219.9,3.33,0.032,1.725,4.547
1,3.03262,220.4,144,87,235,220.4,3.13,0.032,1.635,4.537
1,3.03753,203.8,143,90,237,203.8,3.27,0.034,1.651,4.907
1,3.04188,230.0,143,88,231,230.0,2.96,0.03,1.617,4.347
1,3.04671,207.0,143,78,238,207.0,3.72,0.034,1.656,4.83
1,3.05124,220.7,143,86,241,220.7,3.16,0.032,1.683,4.53
1,3.05554,232.2,144,85,209,232.2,3.04,0.03,1.45,4.307
1,3.06018,215.7,144,88,257,215.7,3.16,0.032,1.789,4.636
1,3.06471,220.7,143,86,255,220.7,3.16,0.032,1.785,4.531
1,3.06914,226.0,143,83,247,226.0,3.2,0.031,1.729,4.424
1,3.07354,227.0,143,89,237,227.0,2.97,0.031,1.663,4.406
1,3.0771,281.0,142,80,187,281.0,2.67,0.025,1.312,3.559
1,3.08146,229.4,142,90,217,229.4,2.91,0.031,1.522,4.36
1,3.08569,236.6,143,84,228,236.6,3.02,0.03,1.599,4.226
1,3.09002,230.7,142,84,218,230.7,3.1,0.031,1.537,4.334
1,3.09467,215.3,142,82,237,215.3,3.4,0.033,1.672,4.646
1,3.09874,245.5,142,81,215,245.5,3.02,0.029,1.513,4.073
1,3.1031,229.4,142,89,212,229.4,2.94,0.031,1.495,4.36
1,3.10771,216.9,142,82,256,216.9,3.37,0.032,1.801,4.61
1,3.11229,218.3,143,81,224,218.3,3.39,0.032,1.571,4.582
1,3.11714,206.1,143,85,254,206.1,3.42,0.034,1.771,4.852
1,3.12161,223.9,143,81,279,223.9,3.31,0.031,1.946,4.465
1,3.12636,210.7,143,85,250,210.7,3.35,0.033,1.756,4.746
1,3.13121,206.0,143,87,241,206.0,3.35,0.034,1.686,4.855
1,3.13574,221.0,143,82,220,221.0,3.31,0.032,1.545,4.526
1,3.14011,228.7,143,91,253,228.7,2.88,0.031,1.775,4.373
1,3.14537,190.2,144,90,267,190.2,3.5,0.037,1.861,5.257
1,3.14973,229.3,143,82,207,229.3,3.19,0.03,1.446,4.36
1,3.15419,223.8,143,91,218,223.8,2.95,0.031,1.518,4.467
1,3.15905,205.9,143,83,242,205.9,3.51,0.034,1.689,4.857
1,3.16318,242.1,143,85,251,242.1,2.92,0.029,1.75,4.131
1,3.16751,230.8,144,80,217,230.8,3.25,0.03,1.508,4.332
1,3.17243,203.6,143,87,254,203.6,3.39,0.034,1.773,4.911
1,3.17718,210.5,145,79,236,210.5,3.61,0.033,1.634,4.752
1,3.18144,234.4,145,87,233,234.4,2.94,0.029,1.606,4.267
1,3.18604,217.4,144,88,240,217.4,3.14,0.032,1.664,4.599
1,3.19068,215.6,145,88,247,215.6,3.16,0.032,1.708,4.638
1,3.19535,214.1,144,90,220,214.1,3.11,0.032,1.522,4.67
1,3.20008,211.7,144,82,231,211.7,3.46,0.033,1.601,4.724
1,3.20458,221.9,145,83,247,221.9,3.26,0.031,1.703,4.506
1,3.20888,232.6,145,85,239,232.6,3.03,0.03,1.645,4.299
1,3.21386,200.9,146,83,251,200.9,3.6,0.034,1.72,4.977
1,3.21869,207.0,146,87,256,207.0,3.33,0.033,1.754,4.83
1,3.22321,221.0,146,77,219,221.0,3.53,0.031,1.503,4.524
1,3.22733,242.9,146,83,206,242.9,2.98,0.028,1.41,4.118
1,3.23105,268.5,146,91,223,268.5,2.46,0.026,1.526,3.724
1,3.23549,225.4,146,82,257,225.4,3.25,0.03,1.758,4.436
1,3.24055,197.5,146,82,264,197.5,3.7,0.035,1.81,5.063
1,3.24482,234.3,145,87,240,234.3,2.94,0.029,1.648,4.267
1,3.24958,210.2,146,88,253,210.2,3.24,0.033,1.736,4.757
1,3.25448,204.0,146,82,265,204.0,3.59,0.034,1.815,4.902
1,3.25943,201.9,146,86,271,201.9,3.46,0.034,1.858,4.954
1,3.26446,199.1,145,90,232,199.1,3.35,0.035,1.597,5.023
1,3.26901,219.6,145,80,236,219.6,3.41,0.031,1.631,4.553
1,3.27352,221.7,145,86,253,221.7,3.15,0.031,1.74,4.511
1,3.27737,259.5,145,89,213,259.5,2.6,0.027,1.464,3.854
1,3.28179,226.7,146,92,261,226.7,2.88,0.03,1.791,4.412
1,3.28642,215.8,146,87,208,215.8,3.2,0.032,1.427,4.634
1,3.2913,204.8,145,82,245,204.8,3.57,0.034,1.683,4.884
1,3.29596,214.8,146,84,215,214.8,3.33,0.032,1.469,4.656
1,3.30044,223.1,146,84,244,223.1,3.2,0.031,1.671,4.482
1,3.30492,223.4,146,83,239,223.4,3.24,0.031,1.639,4.477
1,3.30912,237.8,145,87,233,237.8,2.9,0.029,1.605,4.205
1,3.313,258.0,144,78,210,258.0,2.98,0.027,1.458,3.876
1,3.31734,230.3,145,83,218,230.3,3.14,0.03,1.505,4.342
1,3.32155,237.7,145,86,238,237.7,2.94,0.029,1.641,4.207
1,3.326,224.9,146,80,257,224.9,3.34,0.03,1.761,4.447
1,3.33019,238.6,145,87,226,238.6,2.89,0.029,1.551,4.192
1,3.33528,196.4,146,88,269,196.4,3.47,0.035,1.845,5.092
1,3.33993,214.9,146,83,250,214.9,3.36,0.032,1.716,4.652
1,3.34432,228.1,146,80,246,228.1,3.29,0.03,1.684,4.384
1,3.34838,246.4,146,93,229,246.4,2.62,0.028,1.568,4.059
1,3.35279,226.6,146,95,239,226.6,2.79,0.03,1.632,4.413
1,3.35727,223.0,147,87,238,223.0,3.09,0.031,1.627,4.485
1,3.3618,220.8,146,89,237,220.8,3.05,0.031,1.63,4.529
1,3.36607,234.2,146,83,225,234.2,3.09,0.029,1.54,4.27
1,3.37082,210.5,146,85,265,210.5,3.35,0.033,1.814,4.752
1,3.37526,225.5,146,81,244,225.5,3.29,0.03,1.67,4.435
1,3.37966,227.4,146,87,218,227.4,3.03,0.03,1.492,4.397
1,3.38407,226.5,146,85,197,226.5,3.12,0.03,1.344,4.415
1,3.3889,207.3,147,88,236,207.3,3.29,0.033,1.612,4.825
1,3.39362,211.7,147,95,238,211.7,2.98,0.032,1.621,4.723
1,3.3982,218.2,146,81,238,218.2,3.39,0.031,1.632,4.582
1,3.40302,207.3,146,86,230,207.3,3.37,0.033,1.581,4.823
1,3.40735,231.1,145,85,240,231.1,3.05,0.03,1.654,4.328
1,3.41136,249.5,145,83,221,249.5,2.9,0.028,1.521,4.008
1,3.41624,204.8,145,74,225,204.8,3.96,0.034,1.555,4.883
1,3.42055,232.3,145,86,247,232.3,3.0,0.03,1.706,4.305
1,3.42552,201.3,145,87,258,201.3,3.43,0.034,1.771,4.967
1,3.42997,224.5,145,84,230,224.5,3.18,0.031,1.588,4.455
1,3.43425,233.6,145,85,219,233.6,3.02,0.03,1.51,4.28
1,3.43832,245.5,144,83,228,245.5,2.94,0.028,1.577,4.074
1,3.44324,203.5,143,91,244,203.5,3.24,0.034,1.701,4.915
1,3.44755,232.1,142,84,221,232.1,3.08,0.03,1.551,4.308
1,3.4519,229.6,142,91,208,229.6,2.87,0.031,1.463,4.355
1,3.45605,241.0,141,84,209,241.0,2.96,0.029,1.48,4.15
1,3.46101,201.8,141,88,235,201.8,3.38,0.035,1.662,4.954
1,3.46545,225.2,141,85,240,225.2,3.13,0.031,1.701,4.44
1,3.47006,216.9,141,86,247,216.9,3.22,0.033,1.748,4.61
1,3.47432,234.7,141,86,216,234.7,2.97,0.03,1.539,4.261
1,3.47856,235.6,140,91,234,235.6,2.8,0.03,1.668,4.245
1,3.48337,207.8,140,88,256,207.8,3.28,0.034,1.83,4.811
1,3.48703,273.1,140,90,210,273.1,2.44,0.026,1.504,3.662
1,3.4919,205.4,139,82,234,205.4,3.56,0.035,1.681,4.867
1,3.49667,209.6,139,84,214,209.6,3.41,0.034,1.545,4.77
1,3.50115,223.3,138,90,191,223.3,2.99,0.032,1.386,4.479
1,3.50589,211.0,138,94,222,211.0,3.02,0.034,1.616,4.739
1,3.51034,224.9,137,86,236,224.9,3.1,0.032,1.72,4.447
1,3.51449,241.0,138,89,230,241.0,2.8,0.03,1.665,4.15
1,3.51947,200.7,138,89,249,200.7,3.36,0.036,1.797,4.983
1,3.52322,266.6,138,82,204,266.6,2.74,0.027,1.472,3.751
1,3.52763,226.8,139,78,230,226.8,3.39,0.032,1.648,4.41
1,3.53178,241.1,139,85,235,241.1,2.93,0.03,1.684,4.147
1,3.53647,213.1,139,77,227,213.1,3.66,0.034,1.633,4.692
1,3.54127,208.4,139,87,240,208.4,3.31,0.034,1.724,4.797
1,3.54598,212.0,140,84,227,212.0,3.37,0.034,1.624,4.716
1,3.55046,223.4,140,80,228,223.4,3.36,0.032,1.634,4.477
1,3.55438,255.2,140,82,208,255.2,2.87,0.028,1.487,3.918
1,3.55882,225.3,140,94,261,225.3,2.83,0.032,1.859,4.438
1,3.56294,242.5,140,83,224,242.5,2.98,0.03,1.6,4.124
1,3.56766,211.7,140,90,244,211.7,3.15,0.034,1.75,4.724
1,3.57272,197.6,139,92,263,197.6,3.3,0.036,1.892,5.06
1,3.57682,244.3,140,86,204,244.3,2.86,0.029,1.463,4.094
1,3.58099,239.4,139,93,207,239.4,2.7,0.03,1.485,4.178
1,3.58575,210.5,139,83,236,210.5,3.43,0.034,1.694,4.751
1,3.58985,243.7,139,85,197,243.7,2.9,0.03,1.42,4.103
1,3.59433,223.3,139,88,218,223.3,3.05,0.032,1.569,4.479
1,3.59869,229.1,139,89,203,229.1,2.94,0.031,1.465,4.365
1,3.60277,245.2,139,76,196,245.2,3.22,0.029,1.413,4.078
1,3.60765,205.1,139,83,255,205.1,3.52,0.035,1.838,4.876
1,3.61152,258.2,138,87,193,258.2,2.67,0.028,1.394,3.873
1,3.61586,230.2,139,87,216,230.2,3.0,0.031,1.56,4.344
1,3.62023,228.8,139,85,214,228.8,3.09,0.031,1.544,4.371
1,3.62445,237.2,139,81,211,237.2,3.12,0.03,1.523,4.217
1,3.62867,237.1,138,86,206,237.1,2.94,0.03,1.487,4.218
1,3.63327,217.2,138,87,234,217.2,3.17,0.033,1.694,4.603
1,3.63776,222.7,138,86,228,222.7,3.13,0.033,1.652,4.491
1,3.64263,205.4,137,86,220,205.4,3.4,0.035,1.604,4.869
1,3.64695,231.3,137,86,213,231.3,3.02,0.032,1.558,4.323
1,3.65164,213.4,137,89,241,213.4,3.16,0.034,1.766,4.685
1,3.65614,222.1,137,89,217,222.1,3.03,0.033,1.587,4.502
1,3.66025,243.3,137,84,199,243.3,2.94,0.03,1.451,4.111
1,3.66455,232.5,137,90,221,232.5,2.87,0.031,1.61,4.301
1,3.66896,227.2,137,85,199,227.2,3.11,0.032,1.454,4.402
1,3.67344,222.9,137,95,230,222.9,2.83,0.033,1.683,4.486
1,3.6782,210.3,137,88,242,210.3,3.24,0.035,1.77,4.756
1,3.68265,224.5,137,89,241,224.5,3.0,0.032,1.754,4.455
1,3.68679,241.7,137,89,208,241.7,2.79,0.03,1.517,4.138
1,3.69108,232.9,138,82,238,232.9,3.14,0.031,1.722,4.294
1,3.6957,216.9,138,83,216,216.9,3.33,0.033,1.562,4.611
1,3.69975,246.9,138,80,226,246.9,3.04,0.029,1.634,4.05
1,3.70406,231.9,137,89,223,231.9,2.91,0.031,1.624,4.311
1,3.70894,204.7,139,86,277,204.7,3.41,0.035,1.995,4.884
1,3.71298,247.7,139,79,236,247.7,3.07,0.029,1.693,4.038
1,3.71742,225.0,140,87,207,225.0,3.06,0.032,1.481,4.444
1,3.72128,259.1,139,88,196,259.1,2.63,0.028,1.416,3.859
1,3.72516,257.8,139,87,181,257.8,2.68,0.028,1.309,3.879
1,3.72903,258.6,139,83,209,258.6,2.8,0.028,1.512,3.868
1,3.73323,238.3,139,86,205,238.3,2.93,0.03,1.476,4.197
1,3.73737,241.2,139,76,200,241.2,3.27,0.03,1.44,4.145
1,3.74201,215.5,138,84,243,215.5,3.32,0.034,1.76,4.641
1,3.74605,248.0,138,83,240,248.0,2.92,0.029,1.738,4.033
1,3.75035,232.5,139,86,219,232.5,3.0,0.031,1.577,4.301
1,3.7549,219.7,139,82,223,219.7,3.33,0.033,1.605,4.552
1,3.75955,214.9,139,81,221,214.9,3.45,0.033,1.591,4.653
1,3.76384,233.4,139,90,229,233.4,2.86,0.031,1.649,4.285
1,3.76809,235.1,138,78,203,235.1,3.27,0.031,1.465,4.253
1,3.772,255.5,138,76,184,255.5,3.09,0.028,1.333,3.914
1,3.77596,252.5,138,81,214,252.5,2.93,0.029,1.554,3.96
1,3.7838,127.7,139,99,575,127.7,4.75,0.056,4.143,7.831
1,3.79169,126.7,141,100,570,126.7,4.74,0.056,4.054,7.895
1,3.79962,126.1,142,98,571,126.1,4.86,0.056,4.031,7.93
1,3.81046,92.3,144,104,863,92.3,6.25,0.075,5.998,10.835
1,3.81819,129.2,144,92,541,129.2,5.05,0.054,3.75,7.738
1,3.82549,137.0,146,97,550,137.0,4.52,0.05,3.777,7.3
1,3.83368,122.1,147,94,578,122.1,5.23,0.056,3.928,8.189
1,3.83735,272.9,147,79,201,272.9,2.78,0.025,1.365,3.665
1,3.84125,256.0,147,83,209,256.0,2.82,0.027,1.425,3.906
1,3.8455,235.6,147,85,209,235.6,3.0,0.029,1.422,4.244
1,3.84977,234.3,147,80,204,234.3,3.2,0.029,1.386,4.268
1,3.85413,229.1,147,85,237,229.1,3.08,0.03,1.61,4.365
1,3.8585,228.9,147,82,235,228.9,3.2,0.03,1.599,4.369
1,3.86293,225.8,147,82,238,225.8,3.24,0.03,1.622,4.429
1,3.86674,262.3,146,89,205,262.3,2.57,0.026,1.398,3.812
1,3.8712,224.2,147,90,245,224.2,2.97,0.03,1.668,4.46
1,3.87557,229.1,146,83,213,229.1,3.16,0.03,1.458,4.365
1,3.88004,223.4,146,84,239,223.4,3.2,0.031,1.642,4.477
1,3.884,252.8,146,81,190,252.8,2.93,0.027,1.308,3.956
1,3.88813,242.2,145,85,207,242.2,2.91,0.028,1.428,4.129
1,3.89274,216.9,145,86,209,216.9,3.22,0.032,1.442,4.611
1,3.89707,230.8,145,80,218,230.8,3.25,0.03,1.502,4.334
1,3.90143,229.5,144,81,196,229.5,3.23,0.03,1.355,4.357
1,3.90583,227.4,144,80,232,227.4,3.3,0.03,1.609,4.398
1,3.90993,243.8,144,78,221,243.8,3.15,0.028,1.528,4.101
1,3.91414,237.3,145,76,214,237.3,3.33,0.029,1.481,4.213
1,3.91858,225.3,145,88,218,225.3,3.03,0.031,1.504,4.439
1,3.92294,229.1,144,83,201,229.1,3.15,0.03,1.395,4.364
1,3.92757,216.3,144,88,240,216.3,3.15,0.032,1.665,4.624
1,3.93149,254.8,144,91,205,254.8,2.59,0.027,1.424,3.924
1,3.93571,237.0,144,91,244,237.0,2.78,0.029,1.696,4.219
1,3.94014,225.7,144,80,226,225.7,3.32,0.031,1.57,4.43
1,3.94457,225.6,143,80,233,225.6,3.32,0.031,1.627,4.433
1,3.94881,236.3,144,89,214,236.3,2.85,0.029,1.488,4.233
1,3.95302,237.4,144,85,248,237.4,2.97,0.029,1.73,4.213
1,3.95735,231.0,143,89,210,231.0,2.92,0.03,1.466,4.33
1,3.96177,226.1,143,87,194,226.1,3.05,0.031,1.352,4.422
1,3.9663,220.8,144,86,231,220.8,3.16,0.032,1.608,4.529
1,3.97061,232.2,143,84,238,232.2,3.08,0.03,1.659,4.307
1,3.97434,267.6,144,83,222,267.6,2.7,0.026,1.545,3.738
1,3.97864,233.0,144,87,208,233.0,2.96,0.03,1.443,4.292
1,3.98264,249.9,143,87,210,249.9,2.76,0.028,1.465,4.002
1,3.98716,221.0,144,84,254,221.0,3.23,0.032,1.771,4.524
1,3.99145,233.0,143,89,213,233.0,2.89,0.03,1.487,4.292
1,3.99577,231.7,144,85,202,231.7,3.05,0.03,1.401,4.317
1,3.99945,272.1,144,86,204,272.1,2.56,0.026,1.416,3.676
1,4.00382,228.9,145,85,251,228.9,3.08,0.03,1.737,4.37
1,4.00819,228.5,145,87,221,228.5,3.02,0.03,1.529,4.377
1,4.01229,244.1,145,88,224,244.1,2.79,0.028,1.543,4.097
1,4.01653,235.8,146,98,240,235.8,2.6,0.029,1.642,4.241
1,4.01709,1789.3,144,0,0,1789.3,0.0,0.004,,0.559
1,4.02153,225.1,143,87,218,225.1,3.06,0.031,1.52,4.443
1,4.02553,250.2,143,79,209,250.2,3.04,0.028,1.458,3.997
1,4.03014,216.8,143,84,229,216.8,3.29,0.032,1.596,4.612
1,4.03432,239.4,143,84,218,239.4,2.98,0.029,1.52,4.177
1,4.03815,260.9,144,82,194,260.9,2.8,0.027,1.351,3.832
1,4.04233,239.6,142,87,188,239.6,2.88,0.029,1.318,4.174
1,4.04669,229.1,142,84,237,229.1,3.12,0.031,1.663,4.364
1,4.05097,233.6,143,85,208,233.6,3.02,0.03,1.456,4.281
1,4.05485,257.9,143,77,207,257.9,3.02,0.027,1.448,3.877
1,4.05897,242.3,144,84,222,242.3,2.95,0.029,1.545,4.127
1,4.06311,241.9,144,91,233,241.9,2.73,0.029,1.621,4.133
1,4.06771,217.4,143,85,237,217.4,3.25,0.032,1.655,4.6
1,4.07205,230.5,144,78,219,230.5,3.34,0.03,1.522,4.338
1,4.07679,210.7,144,81,237,210.7,3.52,0.033,1.649,4.747
1,4.08089,244.2,143,81,204,244.2,3.03,0.029,1.422,4.096
1,4.08502,242.2,143,81,219,242.2,3.06,0.029,1.533,4.13
1,4.08916,241.3,143,86,198,241.3,2.89,0.029,1.391,4.144
1,4.09367,221.8,143,87,220,221.8,3.11,0.031,1.533,4.508
1,4.09796,232.9,144,83,208,232.9,3.1,0.03,1.45,4.294
1,4.10221,235.6,144,80,191,235.6,3.18,0.03,1.331,4.245
1,4.10657,229.1,143,94,232,229.1,2.79,0.03,1.615,4.365
1,4.11063,246.2,143,80,187,246.2,3.05,0.028,1.308,4.061
1,4.11471,245.5,143,86,194,245.5,2.84,0.029,1.359,4.073
1,4.11858,258.4,143,84,216,258.4,2.76,0.027,1.513,3.869
1,4.12287,232.8,143,84,209,232.8,3.07,0.03,1.464,4.296
1,4.12707,238.2,143,74,205,238.2,3.4,0.029,1.437,4.198
1,4.13127,238.2,144,85,240,238.2,2.96,0.029,1.674,4.199
1,4.13558,232.0,144,85,241,232.0,3.04,0.03,1.677,4.311
1,4.13967,244.5,144,87,194,244.5,2.82,0.028,1.348,4.089
1,4.14366,250.5,143,79,203,250.5,3.03,0.028,1.415,3.992
1,4.14742,266.2,142,87,198,266.2,2.59,0.026,1.393,3.757
1,4.1523,204.9,143,87,234,204.9,3.37,0.034,1.643,4.881
1,4.15698,213.8,143,83,193,213.8,3.38,0.033,1.354,4.678
1,4.16113,240.7,142,87,210,240.7,2.87,0.029,1.472,4.155
1,4.16498,260.0,142,90,203,260.0,2.56,0.027,1.429,3.846
1,4.16915,239.6,142,90,221,239.6,2.78,0.029,1.55,4.173
1,4.17353,228.5,142,79,213,228.5,3.32,0.031,1.499,4.377
1,4.17809,219.2,143,82,218,219.2,3.34,0.032,1.524,4.562
1,4.18247,228.6,143,77,238,228.6,3.41,0.031,1.666,4.375
1,4.18707,217.4,143,89,249,217.4,3.1,0.032,1.743,4.601
1,4.19158,221.6,142,88,213,221.6,3.08,0.032,1.499,4.513
1,4.19579,237.5,142,83,200,237.5,3.04,0.03,1.409,4.211
1,4.19934,281.9,142,85,207,281.9,2.5,0.025,1.458,3.547
1,4.20381,223.5,143,81,225,223.5,3.31,0.031,1.579,4.474
1,4.20834,221.0,143,91,250,221.0,2.98,0.032,1.753,4.525
1,4.21259,235.3,143,84,217,235.3,3.04,0.03,1.522,4.25
1,4.21633,267.3,142,89,188,267.3,2.52,0.026,1.322,3.741
1,4.22051,239.0,142,85,199,239.0,2.95,0.029,1.395,4.184
1,4.22447,253.0,142,84,216,253.0,2.82,0.028,1.516,3.953
1,4.22831,260.1,143,87,217,260.1,2.65,0.027,1.52,3.845
1,4.23273,226.0,142,91,223,226.0,2.92,0.031,1.565,4.425
1,4.23757,206.6,142,85,234,206.6,3.42,0.034,1.647,4.84
1,4.24163,246.6,142,85,236,246.6,2.86,0.028,1.657,4.055
1,4.2462,218.6,142,88,224,218.6,3.12,0.032,1.576,4.574
1,4.2502,250.3,142,82,241,250.3,2.92,0.028,1.69,3.996
1,4.25428,244.8,143,92,204,244.8,2.66,0.029,1.426,4.085
1,4.25816,257.9,142,89,192,257.9,2.61,0.027,1.35,3.877
1,4.26303,205.4,143,88,229,205.4,3.32,0.034,1.609,4.869
1,4.26753,222.1,143,93,230,222.1,2.91,0.032,1.609,4.503
1,4.27161,245.2,143,86,205,245.2,2.85,0.029,1.434,4.078
1,4.27576,241.4,143,83,210,241.4,2.99,0.029,1.471,4.142
1,4.27999,236.2,143,86,204,236.2,2.95,0.03,1.43,4.234
1,4.2843,231.8,143,91,218,231.8,2.84,0.03,1.53,4.314
1,4.28867,229.0,142,88,242,229.0,2.98,0.031,1.703,4.366
1,4.29276,244.6,142,83,210,244.6,2.96,0.029,1.476,4.089
1,4.29719,225.8,142,87,242,225.8,3.05,0.031,1.701,4.429
1,4.30127,245.1,142,84,235,245.1,2.91,0.029,1.654,4.08
1,4.30555,233.5,142,81,224,233.5,3.17,0.03,1.571,4.283
1,4.31006,221.6,142,83,230,221.6,3.26,0.032,1.62,4.513
1,4.31463,219.1,143,94,240,219.1,2.91,0.032,1.682,4.563
1,4.31866,247.7,143,83,212,247.7,2.92,0.028,1.479,4.037
1,4.32278,243.2,143,87,215,243.2,2.84,0.029,1.505,4.112
1,4.32749,212.0,143,86,222,212.0,3.29,0.033,1.548,4.717
1,4.3323,207.8,144,85,242,207.8,3.4,0.033,1.686,4.811
1,4.33658,233.9,144,86,216,233.9,2.98,0.03,1.506,4.276
1,4.34091,230.8,143,89,208,230.8,2.92,0.03,1.455,4.332
1,4.34503,243.2,143,85,190,243.2,2.9,0.029,1.334,4.112
1,4.34898,252.9,142,86,194,252.9,2.76,0.028,1.362,3.953
1,4.35316,239.3,142,89,226,239.3,2.82,0.029,1.589,4.179
1,4.35675,278.6,142,79,201,278.6,2.73,0.025,1.414,3.589
1,4.36108,230.6,142,81,241,230.6,3.21,0.031,1.701,4.336
1,4.36538,232.7,142,80,206,232.7,3.22,0.03,1.457,4.297
1,4.36971,231.1,141,83,234,231.1,3.13,0.031,1.655,4.328
1,4.37464,202.8,142,90,219,202.8,3.29,0.035,1.548,4.931
1,4.3781,289.1,141,91,181,289.1,2.28,0.025,1.286,3.459
1,4.38246,229.3,141,87,255,229.3,3.01,0.031,1.803,4.36
1,4.3866,241.2,142,85,214,241.2,2.93,0.029,1.511,4.146
1,4.39081,237.6,142,87,230,237.6,2.9,0.03,1.621,4.208
1,4.39526,224.7,142,78,221,224.7,3.42,0.031,1.564,4.451
1,4.399,267.5,141,88,201,267.5,2.55,0.026,1.419,3.739
1,4.40397,201.3,141,82,234,201.3,3.64,0.035,1.655,4.969
1,4.40854,218.8,141,82,223,218.8,3.34,0.032,1.582,4.57
1,4.41306,221.5,141,85,212,221.5,3.19,0.032,1.502,4.515
1,4.41716,243.5,141,84,205,243.5,2.93,0.029,1.453,4.106
1,4.42153,229.2,142,93,217,229.2,2.81,0.031,1.53,4.362
1,4.42592,227.8,142,81,231,227.8,3.25,0.031,1.63,4.39
1,4.43004,242.3,142,90,238,242.3,2.75,0.029,1.669,4.127
1,4.43424,238.0,142,90,219,238.0,2.8,0.03,1.543,4.202
1,4.43866,226.3,142,96,223,226.3,2.76,0.031,1.573,4.419
1,4.44294,234.1,142,91,220,234.1,2.82,0.03,1.556,4.272
1,4.44727,230.9,142,85,254,230.9,3.06,0.03,1.791,4.33
1,4.45195,213.7,142,86,230,213.7,3.27,0.033,1.619,4.68
1,4.4562,234.9,142,87,195,234.9,2.94,0.03,1.376,4.256
1,4.4604,238.3,142,89,201,238.3,2.83,0.03,1.413,4.197
1,4.46437,252.1,142,83,223,252.1,2.87,0.028,1.567,3.967
1,4.46883,223.8,143,89,222,223.8,3.01,0.031,1.556,4.467
1,4.47333,222.4,143,85,241,222.4,3.17,0.031,1.682,4.496
1,4.47777,225.2,143,88,249,225.2,3.03,0.031,1.745,4.441
1,4.48279,199.3,143,86,246,199.3,3.5,0.035,1.722,5.018
1,4.4871,232.1,143,84,207,232.1,3.08,0.03,1.449,4.309
1,4.49164,220.1,143,82,261,220.1,3.33,0.032,1.831,4.544
1,4.49643,208.8,143,86,222,208.8,3.34,0.034,1.559,4.789
1,4.50133,204.1,143,97,256,204.1,3.03,0.034,1.787,4.898
1,4.50602,213.0,144,89,247,213.0,3.17,0.033,1.718,4.695
1,4.51048,224.5,143,85,220,224.5,3.14,0.031,1.537,4.454
1,4.51483,229.9,143,85,228,229.9,3.07,0.031,1.602,4.349
1,4.51908,235.0,143,88,226,235.0,2.9,0.03,1.584,4.255
1,4.52383,210.7,143,87,245,210.7,3.27,0.033,1.71,4.745
1,4.52821,228.1,143,90,245,228.1,2.92,0.031,1.717,4.384
1,4.53252,232.1,143,76,215,232.1,3.4,0.03,1.506,4.309
1,4.53693,226.8,142,90,246,226.8,2.94,0.031,1.725,4.41
1,4.54163,213.0,142,88,232,213.0,3.2,0.033,1.631,4.696
1,4.54613,221.9,142,84,240,221.9,3.22,0.032,1.687,4.507
1,4.55034,237.7,142,88,240,237.7,2.87,0.03,1.686,4.207
1,4.55455,237.5,142,88,228,237.5,2.87,0.03,1.604,4.21
1,4.55928,211.6,142,78,237,211.6,3.63,0.033,1.666,4.725
1,4.56361,230.9,143,79,228,230.9,3.29,0.03,1.601,4.331
1,4.56811,221.9,143,80,225,221.9,3.38,0.032,1.577,4.506
1,4.57254,225.7,143,87,264,225.7,3.06,0.031,1.843,4.43
1,4.57707,221.0,143,83,215,221.0,3.27,0.032,1.507,4.524
1,4.58159,221.0,144,82,239,221.0,3.31,0.031,1.66,4.525
1,4.58587,233.7,143,88,205,233.7,2.92,0.03,1.431,4.28
1,4.59,241.9,143,82,214,241.9,3.02,0.029,1.499,4.134
1,4.59419,238.8,143,82,224,238.8,3.06,0.029,1.572,4.188
1,4.59842,236.3,142,85,238,236.3,2.99,0.03,1.679,4.231
1,4.6026,239.7,141,85,211,239.7,2.94,0.03,1.496,4.172
1,4.60664,247.5,142,81,211,247.5,2.99,0.029,1.493,4.041
1,4.61038,266.8,142,83,236,266.8,2.71,0.026,1.663,3.748
1,4.61463,235.7,142,88,215,235.7,2.89,0.03,1.516,4.242
1,4.61912,222.5,143,84,222,222.5,3.21,0.031,1.558,4.494
1,4.62356,225.1,142,87,207,225.1,3.06,0.031,1.457,4.442
1,4.62797,226.8,141,85,224,226.8,3.11,0.031,1.586,4.409
1,4.63224,234.3,141,85,233,234.3,3.01,0.03,1.652,4.268
1,4.63643,238.6,142,85,212,238.6,2.96,0.03,1.496,4.19
1,4.64121,209.4,141,86,223,209.4,3.33,0.034,1.575,4.776
1,4.64557,229.2,141,83,244,229.2,3.15,0.031,1.726,4.363
1,4.64931,267.0,141,87,229,267.0,2.58,0.027,1.622,3.745
1,4.65408,209.8,141,91,242,209.8,3.14,0.034,1.715,4.766
1,4.65791,260.8,141,85,220,260.8,2.71,0.027,1.557,3.834
1,4.66281,204.4,141,86,236,204.4,3.41,0.035,1.668,4.892
1,4.66739,218.2,141,90,237,218.2,3.06,0.033,1.682,4.584
1,4.67184,224.9,140,81,213,224.9,3.29,0.032,1.516,4.446
1,4.67645,216.8,140,80,228,216.8,3.46,0.033,1.624,4.613
1,4.68024,263.6,140,86,197,263.6,2.65,0.027,1.408,3.793
1,4.68514,204.3,140,81,245,204.3,3.63,0.035,1.751,4.896
1,4.68897,260.8,140,90,236,260.8,2.56,0.027,1.69,3.834
1,4.69366,213.2,140,84,245,213.2,3.35,0.034,1.755,4.691
1,4.6981,225.4,140,85,227,225.4,3.13,0.032,1.625,4.436
1,4.70244,230.1,140,82,225,230.1,3.18,0.031,1.614,4.346
1,4.70727,207.1,140,84,267,207.1,3.45,0.034,1.905,4.829
1,4.71182,220.0,140,87,229,220.0,3.13,0.032,1.632,4.545
1,4.71556,267.1,140,82,182,267.1,2.74,0.027,1.298,3.744
1,4.72005,222.6,141,89,249,222.6,3.03,0.032,1.764,4.492
1,4.72447,226.6,140,86,216,226.6,3.08,0.032,1.54,4.414
1,4.72888,226.6,140,80,233,226.6,3.31,0.031,1.662,4.412
1,4.73328,227.1,140,90,231,227.1,2.93,0.031,1.644,4.402
1,4.73735,246.1,140,91,230,246.1,2.68,0.029,1.643,4.064
1,4.74172,228.9,141,87,226,228.9,3.01,0.031,1.603,4.37
1,4.74611,227.4,140,85,236,227.4,3.1,0.031,1.681,4.398
1,4.75089,209.6,140,87,239,209.6,3.29,0.034,1.709,4.771
1,4.75518,232.9,140,87,232,232.9,2.96,0.031,1.657,4.294
1,4.75945,234.1,140,86,217,234.1,2.98,0.031,1.553,4.271
1,4.76424,208.6,140,90,259,208.6,3.2,0.034,1.848,4.795
1,4.76827,248.6,140,85,219,248.6,2.84,0.029,1.561,4.022
1,4.77283,219.3,141,82,258,219.3,3.34,0.032,1.833,4.56
1,4.77723,227.3,141,87,227,227.3,3.03,0.031,1.606,4.399
1,4.78175,221.2,141,87,242,221.2,3.12,0.032,1.718,4.52
1,4.7862,224.4,140,85,225,224.4,3.15,0.032,1.604,4.456
1,4.79024,247.8,140,85,207,247.8,2.85,0.029,1.474,4.036
1,4.79494,212.6,140,87,244,212.6,3.24,0.034,1.742,4.704
1,4.79942,223.1,141,88,247,223.1,3.06,0.032,1.756,4.482
1,4.80413,212.4,140,86,226,212.4,3.29,0.034,1.611,4.709
1,4.80862,223.0,141,83,231,223.0,3.24,0.032,1.646,4.484
1,4.8135,204.7,141,80,261,204.7,3.66,0.035,1.849,4.886
1,4.81792,226.5,141,89,249,226.5,2.98,0.031,1.766,4.414
1,4.82257,214.8,142,90,239,214.8,3.1,0.033,1.69,4.656
1,4.82696,228.0,141,86,222,228.0,3.06,0.031,1.576,4.387
1,4.83148,221.3,141,88,237,221.3,3.08,0.032,1.68,4.519
1,4.83592,225.0,141,85,244,225.0,3.14,0.031,1.727,4.444
1,4.84095,198.7,141,85,259,198.7,3.55,0.036,1.834,5.032
1,4.84492,252.2,141,84,229,252.2,2.83,0.028,1.624,3.965
1,4.84969,209.7,141,87,237,209.7,3.29,0.034,1.683,4.769
1,4.85324,281.5,140,86,199,281.5,2.48,0.025,1.419,3.552
1,4.85787,215.9,141,91,263,215.9,3.05,0.033,1.871,4.631
1,4.86264,209.8,141,94,231,209.8,3.04,0.034,1.645,4.766
1,4.86778,194.4,141,89,242,194.4,3.47,0.037,1.717,5.144
1,4.87244,214.9,141,85,247,214.9,3.29,0.033,1.749,4.654
1,4.87678,230.0,141,80,229,230.0,3.26,0.031,1.623,4.348
1,4.88139,217.1,141,85,253,217.1,3.25,0.033,1.789,4.607
1,4.88588,222.7,141,82,259,222.7,3.29,0.032,1.833,4.491
1,4.89018,232.8,141,90,240,232.8,2.86,0.031,1.706,4.295
1,4.89435,239.7,140,86,244,239.7,2.91,0.03,1.739,4.171
1,4.89966,188.1,140,82,258,188.1,3.89,0.038,1.843,5.315
1,4.90418,221.1,141,88,251,221.1,3.08,0.032,1.78,4.524
1,4.90824,246.5,141,81,217,246.5,3.0,0.029,1.544,4.056
1,4.91261,228.6,141,91,212,228.6,2.88,0.031,1.51,4.374
1,4.91702,226.8,141,74,239,226.8,3.58,0.031,1.699,4.41
1,4.92107,247.0,141,84,215,247.0,2.89,0.029,1.53,4.049
1,4.9258,211.4,141,92,243,211.4,3.09,0.034,1.726,4.731
1,4.93053,211.4,141,82,245,211.4,3.46,0.034,1.744,4.73
1,4.93466,242.5,141,90,238,242.5,2.75,0.029,1.69,4.124
1,4.94005,185.4,141,79,267,185.4,4.1,0.038,1.887,5.394
1,4.94441,229.4,141,88,247,229.4,2.97,0.031,1.752,4.359
1,4.94907,214.5,141,94,251,214.5,2.98,0.033,1.785,4.662
1,4.95374,214.4,141,90,253,214.4,3.11,0.033,1.801,4.665
1,4.95823,222.6,141,93,216,222.6,2.9,0.032,1.539,4.493
1,4.96236,242.5,140,82,235,242.5,3.02,0.029,1.681,4.123
1,4.967,215.2,140,85,209,215.2,3.28,0.033,1.49,4.647
1,4.97121,237.5,140,80,224,237.5,3.16,0.03,1.599,4.211
1,4.97596,210.5,140,86,238,210.5,3.31,0.034,1.7,4.751
1,4.98088,203.5,140,86,258,203.5,3.43,0.035,1.843,4.914
1,4.98571,207.0,140,89,261,207.0,3.26,0.035,1.867,4.831
1,4.98962,255.4,140,86,223,255.4,2.73,0.028,1.593,3.916
1,4.99443,208.1,140,83,237,208.1,3.47,0.034,1.692,4.805
1,4.99919,210.0,140,85,265,210.0,3.36,0.034,1.892,4.762
1,5.00415,201.8,140,71,239,201.8,4.19,0.035,1.707,4.957
1,5.00869,220.4,140,87,243,220.4,3.13,0.032,1.733,4.537
1,5.01282,241.7,140,78,235,241.7,3.18,0.03,1.683,4.137
1,5.01695,242.3,140,88,223,242.3,2.81,0.029,1.592,4.126
1,5.02089,253.6,140,83,195,253.6,2.85,0.028,1.394,3.943
1,5.02533,225.2,140,83,260,225.2,3.21,0.032,1.858,4.44
1,5.0301,209.7,140,86,239,209.7,3.33,0.034,1.705,4.768
1,5.03438,233.7,140,89,219,233.7,2.88,0.031,1.562,4.279
1,5.03919,207.9,140,87,256,207.9,3.32,0.034,1.832,4.809
1,5.04397,209.2,141,88,233,209.2,3.26,0.034,1.656,4.781
1,5.04878,207.7,141,92,263,207.7,3.14,0.034,1.863,4.814
1,5.05268,256.3,141,82,231,256.3,2.85,0.028,1.633,3.901
1,5.05687,238.7,141,90,228,238.7,2.79,0.03,1.618,4.19
1,5.06199,195.3,141,83,262,195.3,3.7,0.036,1.86,5.12
1,5.06627,234.0,141,87,245,234.0,2.95,0.03,1.737,4.274
1,5.07036,244.7,141,91,238,244.7,2.69,0.029,1.689,4.087
1,5.07493,218.4,141,83,276,218.4,3.31,0.032,1.955,4.579
1,5.07949,219.4,141,84,249,219.4,3.26,0.032,1.771,4.558
1,5.08423,211.3,141,84,265,211.3,3.38,0.034,1.875,4.733
1,5.08877,219.9,140,80,215,219.9,3.41,0.032,1.535,4.549
1,5.09332,220.2,141,81,258,220.2,3.36,0.032,1.837,4.541
1,5.09747,240.5,141,85,229,240.5,2.94,0.03,1.628,4.158
1,5.10219,212.1,141,83,251,212.1,3.41,0.033,1.78,4.714
1,5.10709,204.1,141,89,265,204.1,3.3,0.035,1.87,4.901
1,5.11184,210.3,142,82,240,210.3,3.48,0.034,1.691,4.756
1,5.11635,222.1,143,88,239,222.1,3.07,0.032,1.678,4.502
1,5.12077,225.8,143,88,240,225.8,3.02,0.031,1.682,4.429
1,5.12555,209.5,143,81,246,209.5,3.54,0.033,1.718,4.773
1,5.13022,213.9,144,84,254,213.9,3.34,0.033,1.766,4.675
1,5.13453,232.3,144,88,248,232.3,2.93,0.03,1.722,4.304
1,5.13957,198.4,145,89,250,198.4,3.4,0.035,1.723,5.04
1,5.14447,203.9,146,88,263,203.9,3.34,0.034,1.809,4.904
1,5.14896,222.5,146,89,249,222.5,3.03,0.031,1.712,4.494
1,5.15424,189.5,145,90,279,189.5,3.52,0.036,1.916,5.278
1,5.15884,217.7,145,91,242,217.7,3.03,0.032,1.666,4.594
1,5.16304,238.0,145,94,259,238.0,2.68,0.029,1.789,4.202
1,5.16776,211.7,146,87,252,211.7,3.26,0.032,1.728,4.724
1,5.17208,231.7,146,79,237,231.7,3.28,0.03,1.628,4.316
1,5.17637,232.9,146,83,231,232.9,3.1,0.029,1.582,4.293
1,5.18097,217.4,145,87,238,217.4,3.17,0.032,1.636,4.601
1,5.18562,215.0,146,89,260,215.0,3.14,0.032,1.781,4.652
1,5.19018,219.7,145,82,238,219.7,3.33,0.031,1.635,4.552
1,5.19499,207.6,146,85,232,207.6,3.4,0.033,1.589,4.817
1,5.19926,234.3,146,86,255,234.3,2.98,0.029,1.751,4.269
1,5.20426,200.2,145,82,248,200.2,3.66,0.034,1.707,4.995
1,5.20872,223.9,146,90,264,223.9,2.98,0.031,1.805,4.465
1,5.21309,229.2,146,79,238,229.2,3.31,0.03,1.631,4.364
1,5.21756,223.7,146,96,235,223.7,2.79,0.031,1.613,4.47
1,5.22189,230.7,146,89,247,230.7,2.92,0.03,1.697,4.334
1,5.22707,193.0,146,86,279,193.0,3.61,0.036,1.914,5.181
1,5.23142,229.9,146,91,229,229.9,2.87,0.03,1.568,4.35
1,5.23673,188.3,146,90,282,188.3,3.54,0.036,1.925,5.309
1,5.24197,191.0,147,90,274,191.0,3.49,0.036,1.871,5.237
1,5.24589,255.1,146,85,224,255.1,2.77,0.027,1.536,3.92
1,5.25037,223.0,146,85,239,223.0,3.17,0.031,1.639,4.484
1,5.25424,258.9,146,81,227,258.9,2.86,0.026,1.552,3.863
1,5.25848,235.4,147,86,241,235.4,2.96,0.029,1.645,4.248
1,5.26301,220.7,147,86,247,220.7,3.16,0.031,1.681,4.532
1,5.26736,230.2,146,83,254,230.2,3.14,0.03,1.736,4.344
1,5.27183,223.7,146,88,269,223.7,3.05,0.031,1.837,4.471
1,5.27654,212.3,147,89,258,212.3,3.18,0.032,1.756,4.71
1,5.28146,203.1,147,90,256,203.1,3.28,0.033,1.74,4.923
1,5.28613,214.2,147,84,241,214.2,3.34,0.032,1.639,4.669
1,5.29092,208.8,147,86,239,208.8,3.34,0.033,1.628,4.79
1,5.29555,216.3,147,87,247,216.3,3.19,0.032,1.688,4.623
1,5.29976,237.3,147,86,210,237.3,2.94,0.029,1.432,4.214
1,5.30432,219.1,147,90,264,219.1,3.04,0.031,1.793,4.565
1,5.30871,228.1,148,78,230,228.1,3.37,0.03,1.559,4.384
1,5.31361,204.2,147,87,253,204.2,3.38,0.033,1.72,4.898
1,5.31804,225.4,147,81,218,225.4,3.29,0.03,1.478,4.437
1,5.32292,205.2,147,81,243,205.2,3.61,0.033,1.649,4.874
1,5.32751,217.8,148,81,250,217.8,3.4,0.031,1.691,4.591
1,5.33207,219.0,148,89,248,219.0,3.08,0.031,1.676,4.565
1,5.33707,200.1,148,76,283,200.1,3.94,0.034,1.907,4.997
1,5.34167,217.3,148,83,267,217.3,3.33,0.031,1.806,4.602
1,5.34642,210.5,148,89,225,210.5,3.2,0.032,1.524,4.75
1,5.35059,240.2,147,86,201,240.2,2.9,0.028,1.363,4.163
1,5.35603,183.6,147,77,278,183.6,4.24,0.037,1.9,5.447
1,5.36081,209.4,146,87,258,209.4,3.29,0.033,1.761,4.775
1,5.36577,201.6,146,87,233,201.6,3.42,0.034,1.594,4.962
1,5.37043,214.3,147,81,261,214.3,3.46,0.032,1.777,4.666
1,5.37521,209.4,146,91,248,209.4,3.15,0.033,1.697,4.776
1,5.37951,232.5,146,91,237,232.5,2.84,0.029,1.623,4.3
1,5.38435,206.8,146,90,267,206.8,3.22,0.033,1.827,4.835
1,5.38896,216.7,146,85,284,216.7,3.26,0.032,1.945,4.614
1,5.39353,219.0,146,92,224,219.0,2.98,0.031,1.532,4.566
1,5.39785,231.1,146,90,244,231.1,2.89,0.03,1.67,4.328
1,5.40182,252.2,146,77,219,252.2,3.09,0.027,1.506,3.964
1,5.40676,202.4,145,82,278,202.4,3.61,0.034,1.911,4.94
1,5.41156,208.4,145,78,246,208.4,3.69,0.033,1.693,4.799
1,5.41628,211.6,146,83,236,211.6,3.42,0.032,1.617,4.725
1,5.42076,223.4,146,90,267,223.4,2.98,0.031,1.833,4.476
1,5.42597,191.8,146,88,248,191.8,3.55,0.036,1.699,5.213
1,5.43105,196.9,146,98,254,196.9,3.11,0.035,1.738,5.078
1,5.43547,226.4,146,81,214,226.4,3.27,0.03,1.473,4.418
1,5.43997,221.8,146,80,253,221.8,3.38,0.031,1.738,4.508
1,5.44484,205.4,145,82,240,205.4,3.56,0.034,1.657,4.869
1,5.44903,238.7,146,89,215,238.7,2.82,0.029,1.477,4.19
1,5.45328,235.4,146,82,231,235.4,3.11,0.029,1.585,4.249
1,5.45775,223.6,145,80,242,223.6,3.35,0.031,1.672,4.472
1,5.462,235.8,145,86,251,235.8,2.96,0.029,1.736,4.241
1,5.46685,206.1,145,88,259,206.1,3.31,0.033,1.791,4.852
1,5.47145,217.1,145,91,244,217.1,3.04,0.032,1.686,4.607
1,5.47593,223.4,145,86,239,223.4,3.12,0.031,1.655,4.476
1,5.48071,209.4,144,83,250,209.4,3.45,0.033,1.734,4.775
1,5.48509,228.1,145,88,240,228.1,2.99,0.03,1.655,4.384
1,5.48991,207.3,145,88,252,207.3,3.29,0.033,1.738,4.824
1,5.49451,217.4,146,84,239,217.4,3.29,0.032,1.64,4.6
1,5.49944,202.9,146,86,288,202.9,3.44,0.034,1.973,4.928
1,5.50381,228.8,146,87,241,228.8,3.01,0.03,1.643,4.37
1,5.50835,220.5,146,86,230,220.5,3.16,0.031,1.571,4.535
1,5.51324,204.5,148,81,258,204.5,3.62,0.033,1.75,4.889
1,5.5179,214.3,147,91,243,214.3,3.08,0.032,1.658,4.666
1,5.52232,226.1,146,86,256,226.1,3.09,0.03,1.751,4.423
1,5.52689,219.0,147,85,280,219.0,3.22,0.031,1.91,4.566
1,5.53123,230.3,147,79,245,230.3,3.3,0.03,1.663,4.343
1,5.53548,235.5,147,84,221,235.5,3.03,0.029,1.501,4.246
1,5.54039,203.6,147,80,244,203.6,3.68,0.033,1.66,4.912
1,5.54552,195.0,147,88,267,195.0,3.5,0.035,1.816,5.128
1,5.55043,203.6,147,86,244,203.6,3.43,0.033,1.657,4.912
1,5.55514,212.5,147,87,242,212.5,3.25,0.032,1.647,4.707
1,5.55996,207.2,147,83,250,207.2,3.49,0.033,1.703,4.826
1,5.56438,226.1,147,89,241,226.1,2.98,0.03,1.643,4.422
1,5.56876,228.6,146,84,212,228.6,3.13,0.03,1.451,4.375
1,5.57337,216.9,146,80,225,216.9,3.46,0.032,1.539,4.609
1,5.57844,197.3,147,91,271,197.3,3.34,0.035,1.847,5.067
1,5.58279,229.7,147,83,203,229.7,3.15,0.03,1.382,4.353
1,5.58711,231.3,146,83,194,231.3,3.12,0.03,1.325,4.323
1,5.59199,205.2,146,83,267,205.2,3.52,0.033,1.83,4.873
1,5.59668,212.9,146,82,271,212.9,3.44,0.032,1.85,4.698
1,5.60108,227.2,146,83,243,227.2,3.18,0.03,1.66,4.402
1,5.6053,237.2,147,82,222,237.2,3.08,0.029,1.51,4.216
1,5.61003,211.4,146,82,230,211.4,3.46,0.032,1.576,4.73
1,5.6143,234.5,146,80,217,234.5,3.2,0.029,1.492,4.264
1,5.61897,214.0,146,87,273,214.0,3.22,0.032,1.873,4.672
1,5.624,198.7,146,86,238,198.7,3.51,0.034,1.626,5.034
1,5.62916,193.9,146,86,261,193.9,3.6,0.035,1.788,5.158
1,5.63364,223.0,147,94,241,223.0,2.86,0.031,1.642,4.485
1,5.63841,209.9,147,89,245,209.9,3.21,0.032,1.663,4.765
1,5.64297,219.4,147,83,214,219.4,3.29,0.031,1.461,4.558
1,5.64753,219.3,147,88,216,219.3,3.11,0.031,1.467,4.56
1,5.65192,227.7,147,86,221,227.7,3.06,0.03,1.504,4.392
1,5.65674,207.6,147,87,243,207.6,3.32,0.033,1.654,4.817
1,5.66077,247.6,147,89,217,247.6,2.72,0.027,1.469,4.039
1,5.66536,218.2,148,81,244,218.2,3.39,0.031,1.653,4.583
1,5.66969,230.8,147,86,236,230.8,3.02,0.029,1.599,4.333
1,5.67403,230.3,147,90,262,230.3,2.9,0.029,1.778,4.343
1,5.6784,229.1,147,85,234,229.1,3.08,0.03,1.59,4.365
1,5.68274,230.1,147,89,225,230.1,2.93,0.029,1.525,4.346
1,5.68666,255.2,148,82,217,255.2,2.87,0.026,1.466,3.919
1,5.69103,229.0,148,84,200,229.0,3.12,0.03,1.354,4.366
1,5.69591,204.8,148,85,247,204.8,3.45,0.033,1.672,4.882
1,5.70095,198.6,148,85,270,198.6,3.55,0.034,1.818,5.036
1,5.70527,231.5,148,82,229,231.5,3.16,0.029,1.547,4.32
1,5.7101,206.9,149,82,238,206.9,3.54,0.033,1.599,4.834
1,5.71482,212.0,148,84,230,212.0,3.37,0.032,1.556,4.716
1,5.7191,233.3,148,91,242,233.3,2.83,0.029,1.635,4.287
1,5.72352,226.2,147,89,217,226.2,2.98,0.03,1.474,4.42
1,5.72781,233.4,146,80,248,233.4,3.21,0.029,1.696,4.284
1,5.73199,238.9,147,89,219,238.9,2.82,0.028,1.487,4.186
1,5.73624,235.5,147,87,240,235.5,2.93,0.029,1.639,4.246
1,5.74075,221.9,146,89,248,221.9,3.04,0.031,1.697,4.508
1,5.74499,235.8,147,86,220,235.8,2.96,0.029,1.501,4.24
1,5.74957,218.4,146,91,248,218.4,3.02,0.031,1.696,4.578
1,5.75415,218.2,146,85,245,218.2,3.23,0.031,1.682,4.582
1,5.75889,211.0,146,85,253,211.0,3.35,0.032,1.73,4.74
1,5.76312,236.4,146,85,257,236.4,2.99,0.029,1.758,4.23
1,5.76777,214.8,145,85,229,214.8,3.29,0.032,1.575,4.656
1,5.77183,246.8,146,83,196,246.8,2.93,0.028,1.343,4.052
1,5.77671,204.6,145,82,225,204.6,3.58,0.034,1.55,4.888
1,5.78094,236.5,144,86,214,236.5,2.95,0.029,1.482,4.228
1,5.78519,235.4,144,88,227,235.4,2.9,0.029,1.578,4.247
1,5.7891,255.8,145,82,237,255.8,2.86,0.027,1.637,3.91
1,5.79373,216.0,146,86,245,216.0,3.23,0.032,1.683,4.63
1,5.79808,230.0,146,85,227,230.0,3.07,0.03,1.556,4.348
1,5.80292,206.5,146,81,249,206.5,3.59,0.033,1.706,4.842
1,5.80721,233.1,146,94,222,233.1,2.74,0.029,1.524,4.29
1,5.81192,212.3,146,82,241,212.3,3.45,0.032,1.657,4.711
1,5.81629,228.6,145,88,238,228.6,2.98,0.03,1.637,4.374
1,5.82043,241.7,145,86,212,241.7,2.89,0.029,1.466,4.137
1,5.82519,209.9,145,83,259,209.9,3.44,0.033,1.788,4.764
1,5.82944,235.8,145,86,208,235.8,2.96,0.029,1.441,4.242
1,5.83441,200.9,146,89,255,200.9,3.36,0.034,1.749,4.978
1,5.83921,208.5,145,88,277,208.5,3.27,0.033,1.905,4.797
1,5.84381,217.6,146,83,246,217.6,3.32,0.032,1.692,4.595
1,5.8482,227.7,145,83,250,227.7,3.18,0.03,1.722,4.393
1,5.85271,221.5,146,78,237,221.5,3.47,0.031,1.626,4.515
1,5.857,233.4,146,84,214,233.4,3.06,0.029,1.467,4.285
1,5.86114,241.4,146,94,230,241.4,2.64,0.028,1.576,4.142
1,5.86562,223.4,146,82,213,223.4,3.28,0.031,1.457,4.477
1,5.87018,219.3,146,83,250,219.3,3.3,0.031,1.71,4.561
1,5.87438,238.2,146,77,232,238.2,3.27,0.029,1.586,4.198
1,5.87825,258.4,146,74,223,258.4,3.14,0.027,1.527,3.87
1,5.88226,249.3,146,83,206,249.3,2.9,0.028,1.416,4.012
1,5.89054,120.8,147,99,594,120.8,5.02,0.056,4.036,8.28
1,5.89841,127.0,148,90,564,127.0,5.25,0.053,3.812,7.873
1,5.90678,119.5,150,97,593,119.5,5.18,0.056,3.965,8.368
1,5.91786,90.2,151,105,828,90.2,6.33,0.073,5.465,11.084
1,5.92604,122.3,153,100,586,122.3,4.91,0.054,3.836,8.178
1,5.93471,115.4,153,99,606,115.4,5.25,0.057,3.963,8.664
1,5.94246,128.9,154,94,544,128.9,4.95,0.05,3.53,7.758
1,5.94693,223.9,154,84,214,223.9,3.19,0.029,1.388,4.467
1,5.95125,231.6,154,88,236,231.6,2.94,0.028,1.533,4.318
1,5.95579,219.9,154,89,229,219.9,3.07,0.03,1.491,4.547
1,5.96022,225.9,153,80,227,225.9,3.32,0.029,1.484,4.426
1,5.9649,213.5,152,80,216,213.5,3.51,0.031,1.421,4.683
1,5.96948,218.4,152,84,216,218.4,3.27,0.03,1.414,4.579
1,5.97362,241.7,152,78,248,241.7,3.18,0.027,1.633,4.138
1,5.97789,234.0,153,83,213,234.0,3.09,0.028,1.393,4.274
1,5.98269,208.7,153,87,250,208.7,3.3,0.031,1.641,4.792
1,5.98715,224.1,152,83,232,224.1,3.23,0.029,1.522,4.462
1,5.99193,209.1,153,87,246,209.1,3.3,0.031,1.61,4.782
1,5.99666,211.3,153,88,231,211.3,3.23,0.031,1.514,4.733
1,6.00093,234.3,152,83,210,234.3,3.08,0.028,1.384,4.267
1,6.00535,226.3,152,76,242,226.3,3.49,0.029,1.596,4.418
1,6.00991,219.3,151,82,223,219.3,3.34,0.03,1.474,4.559
1,6.01045,1840.1,150,0,0,1840.1,0.0,0.004,,0.543
1,6.01482,228.7,149,93,229,228.7,2.82,0.029,1.535,4.373
1,6.019,239.2,149,87,238,239.2,2.88,0.028,1.598,4.18
1,6.02364,215.9,149,86,234,215.9,3.23,0.031,1.569,4.632
1,6.0283,214.5,148,86,203,214.5,3.25,0.031,1.369,4.662
1,6.03313,207.1,148,85,223,207.1,3.41,0.033,1.499,4.828
1,6.03654,293.3,148,78,193,293.3,2.62,0.023,1.305,3.41
1,6.04093,227.5,148,84,230,227.5,3.14,0.03,1.552,4.395
1,6.04572,208.8,148,89,280,208.8,3.23,0.032,1.891,4.789
1,6.05059,205.2,148,84,230,205.2,3.48,0.033,1.552,4.873
1,6.05509,222.5,148,77,245,222.5,3.5,0.03,1.657,4.494
1,6.06032,191.1,148,91,273,191.1,3.45,0.035,1.842,5.232
1,6.06489,218.8,148,76,228,218.8,3.61,0.031,1.543,4.57
1,6.06902,241.8,148,80,209,241.8,3.1,0.028,1.417,4.135
1,6.07368,214.6,148,81,224,214.6,3.45,0.032,1.519,4.66
1,6.07793,235.4,147,85,213,235.4,3.0,0.029,1.449,4.248
1,6.08228,229.8,147,84,226,229.8,3.11,0.03,1.536,4.352
1,6.08632,247.8,147,85,203,247.8,2.85,0.027,1.379,4.036
1,6.09016,260.5,148,79,189,260.5,2.92,0.026,1.277,3.839
1,6.09404,257.5,147,80,229,257.5,2.91,0.026,1.558,3.883
1,6.09827,236.2,147,97,236,236.2,2.62,0.029,1.604,4.233
1,6.10233,246.8,147,86,206,246.8,2.83,0.028,1.405,4.051
1,6.10633,249.5,146,80,233,249.5,3.01,0.027,1.597,4.008
1,6.1101,265.9,146,83,182,265.9,2.72,0.026,1.251,3.761
1,6.11422,242.4,146,85,245,242.4,2.91,0.028,1.672,4.126
1,6.11828,246.6,146,82,212,246.6,2.97,0.028,1.452,4.056
1,6.12254,234.5,146,82,210,234.5,3.12,0.029,1.443,4.264
1,6.1267,240.5,145,91,228,240.5,2.74,0.029,1.572,4.158
1,6.13081,243.5,145,81,193,243.5,3.04,0.028,1.326,4.107
1,6.13431,285.6,146,86,178,285.6,2.44,0.024,1.224,3.501
1,6.13815,260.3,146,81,195,260.3,2.85,0.026,1.333,3.841
1,6.14223,245.2,146,83,180,245.2,2.95,0.028,1.238,4.078
1,6.14654,231.8,145,86,196,231.8,3.01,0.03,1.352,4.314
1,6.15084,232.5,145,84,193,232.5,3.07,0.03,1.327,4.301
1,6.15542,218.5,144,85,220,218.5,3.23,0.032,1.523,4.576
1,6.15885,291.6,144,84,205,291.6,2.45,0.024,1.422,3.429
1,6.16346,216.6,144,88,251,216.6,3.15,0.032,1.746,4.617
1,6.1678,230.7,144,85,243,230.7,3.06,0.03,1.691,4.335
1,6.17199,238.4,143,88,235,238.4,2.86,0.029,1.641,4.195
1,6.17657,218.6,143,89,243,218.6,3.08,0.032,1.696,4.575
1,6.18059,248.4,143,87,189,248.4,2.78,0.028,1.322,4.026
1,6.18493,230.4,143,82,241,230.4,3.18,0.03,1.688,4.34
1,6.18938,225.0,142,92,222,225.0,2.9,0.031,1.562,4.444
1,6.19448,196.0,141,91,242,196.0,3.36,0.036,1.711,5.103
1,6.19816,272.1,142,84,196,272.1,2.62,0.026,1.383,3.675
1,6.20285,213.0,142,83,228,213.0,3.39,0.033,1.609,4.695
1,6.20685,250.0,141,85,189,250.0,2.82,0.028,1.341,3.999
1,6.21124,228.0,141,87,206,228.0,3.02,0.031,1.459,4.386
1,6.21603,208.5,142,83,217,208.5,3.47,0.034,1.531,4.796
1,6.21984,262.7,142,85,204,262.7,2.69,0.027,1.435,3.807
1,6.22471,205.4,143,89,243,205.4,3.28,0.034,1.709,4.869
1,6.22907,229.0,142,89,225,229.0,2.94,0.031,1.58,4.367
1,6.23335,234.1,141,87,231,234.1,2.95,0.03,1.633,4.272
1,6.23808,211.2,142,87,248,211.2,3.27,0.033,1.752,4.735
1,6.24229,237.6,142,92,200,237.6,2.74,0.03,1.409,4.208
1,6.2469,216.9,142,83,247,216.9,3.33,0.032,1.737,4.61
1,6.25136,224.4,142,88,226,224.4,3.04,0.031,1.592,4.456
1,6.25551,241.0,142,88,200,241.0,2.83,0.029,1.408,4.15
1,6.25973,236.9,142,88,239,236.9,2.88,0.03,1.685,4.221
1,6.26367,253.4,141,81,198,253.4,2.92,0.028,1.4,3.946
1,6.26753,259.3,142,84,214,259.3,2.75,0.027,1.511,3.856
1,6.27215,216.5,141,86,238,216.5,3.22,0.033,1.686,4.619
1,6.27626,243.1,142,87,221,243.1,2.84,0.029,1.56,4.113
1,6.2812,202.3,142,86,257,202.3,3.45,0.035,1.809,4.944
1,6.28547,234.3,142,95,222,234.3,2.7,0.03,1.562,4.267
1,6.28932,259.7,142,89,212,259.7,2.6,0.027,1.489,3.851
1,6.29313,262.6,142,77,182,262.6,2.97,0.027,1.283,3.808
1,6.29753,227.3,141,80,226,227.3,3.3,0.031,1.6,4.399
1,6.30218,214.9,141,89,233,214.9,3.14,0.033,1.653,4.653
1,6.30656,228.5,141,95,234,228.5,2.76,0.031,1.658,4.376
1,6.31125,213.3,141,85,219,213.3,3.31,0.033,1.552,4.687
1,6.31553,233.5,141,90,193,233.5,2.86,0.03,1.37,4.283
1,6.32012,218.0,141,86,210,218.0,3.2,0.033,1.492,4.588
1,6.32456,225.0,141,96,218,225.0,2.78,0.031,1.543,4.445
1,6.32945,204.6,142,84,217,204.6,3.49,0.035,1.536,4.886
1,6.33404,218.0,141,82,220,218.0,3.36,0.032,1.553,4.588
1,6.3381,246.0,141,88,232,246.0,2.77,0.029,1.642,4.066
1,6.34222,242.7,141,92,220,242.7,2.69,0.029,1.553,4.12
1,6.34659,228.9,141,79,193,228.9,3.32,0.031,1.371,4.369
1,6.35119,217.2,141,91,244,217.2,3.04,0.033,1.729,4.603
1,6.35506,258.4,141,84,214,258.4,2.76,0.027,1.521,3.871
1,6.35941,230.0,141,88,221,230.0,2.96,0.031,1.566,4.348
1,6.36384,225.8,141,85,213,225.8,3.13,0.031,1.515,4.428
1,6.36772,257.9,141,85,195,257.9,2.74,0.028,1.39,3.878
1,6.37197,235.3,141,80,205,235.3,3.19,0.03,1.46,4.249
1,6.37586,257.2,141,94,200,257.2,2.48,0.028,1.417,3.888
1,6.37991,246.5,141,90,225,246.5,2.7,0.029,1.602,4.057
1,6.38402,243.6,140,85,224,243.6,2.9,0.029,1.599,4.105
1,6.38836,230.4,140,88,231,230.4,2.96,0.031,1.646,4.341
1,6.39266,232.5,140,82,214,232.5,3.15,0.031,1.524,4.301
1,6.39759,202.7,140,91,243,202.7,3.25,0.035,1.738,4.934
1,6.40157,251.4,139,86,201,251.4,2.78,0.029,1.442,3.978
1,6.40591,230.6,139,83,249,230.6,3.13,0.031,1.787,4.336
1,6.41062,212.1,139,86,235,212.1,3.29,0.034,1.688,4.714
1,6.41497,230.0,139,85,207,230.0,3.07,0.031,1.485,4.347
1,6.41925,233.3,139,86,226,233.3,2.99,0.031,1.624,4.286
1,6.42302,265.5,139,92,189,265.5,2.46,0.027,1.356,3.766
1,6.42725,236.3,139,87,201,236.3,2.92,0.03,1.451,4.232
1,6.4311,260.1,138,85,212,260.1,2.71,0.028,1.535,3.845
1,6.43501,255.8,139,80,218,255.8,2.93,0.028,1.57,3.91
1,6.43953,220.9,139,91,244,220.9,2.98,0.033,1.757,4.526
1,6.4438,234.3,139,81,212,234.3,3.16,0.031,1.529,4.268
1,6.44793,242.3,138,86,208,242.3,2.88,0.03,1.506,4.127
1,6.45238,224.5,138,91,212,224.5,2.94,0.032,1.541,4.454
1,6.45732,202.6,138,79,232,202.6,3.75,0.036,1.687,4.935
1,6.46186,220.0,138,87,214,220.0,3.13,0.033,1.556,4.545
1,6.46585,250.6,138,89,215,250.6,2.69,0.029,1.555,3.991
1,6.46995,244.0,138,74,203,244.0,3.32,0.03,1.466,4.099
1,6.47386,256.2,138,83,189,256.2,2.82,0.028,1.37,3.903
1,6.47848,216.2,138,94,205,216.2,2.95,0.034,1.49,4.626
1,6.48256,245.4,138,83,194,245.4,2.95,0.029,1.404,4.076
1,6.48684,233.5,138,89,214,233.5,2.89,0.031,1.55,4.283
1,6.4906,265.8,137,81,206,265.8,2.79,0.027,1.501,3.763
1,6.49521,217.0,137,84,215,217.0,3.29,0.034,1.57,4.608
1,6.50017,201.6,137,85,237,201.6,3.5,0.036,1.725,4.96
1,6.50463,224.2,137,80,224,224.2,3.35,0.033,1.637,4.46
1,6.50896,231.0,137,87,230,231.0,2.99,0.032,1.679,4.329
1,6.51343,223.7,136,84,212,223.7,3.19,0.033,1.557,4.471
1,6.51767,236.2,136,82,204,236.2,3.1,0.031,1.498,4.234
1,6.52212,224.5,136,90,211,224.5,2.97,0.033,1.556,4.454
1,6.52643,232.1,136,87,204,232.1,2.97,0.032,1.502,4.309
1,6.53028,259.5,136,82,185,259.5,2.82,0.028,1.355,3.853
1,6.53449,237.4,137,85,263,237.4,2.97,0.031,1.923,4.212
1,6.53894,225.0,136,82,240,225.0,3.25,0.033,1.763,4.444
1,6.54355,217.0,137,85,241,217.0,3.25,0.034,1.761,4.609
1,6.54794,227.7,137,85,204,227.7,3.1,0.032,1.495,4.392
1,6.55257,215.9,137,84,233,215.9,3.31,0.034,1.698,4.633
1,6.55684,234.3,137,83,213,234.3,3.09,0.031,1.563,4.268
1,6.56129,224.7,137,81,232,224.7,3.3,0.033,1.695,4.451
1,6.56583,220.2,137,89,217,220.2,3.06,0.033,1.589,4.541
1,6.57016,231.1,136,80,204,231.1,3.25,0.032,1.499,4.327
1,6.57507,203.8,136,85,241,203.8,3.46,0.036,1.768,4.907
1,6.5796,220.7,137,81,224,220.7,3.36,0.033,1.641,4.531
1,6.58354,253.6,136,83,199,253.6,2.85,0.029,1.457,3.943
1,6.58805,221.9,136,89,211,221.9,3.04,0.033,1.557,4.506
1,6.59216,243.2,136,81,180,243.2,3.05,0.03,1.325,4.112
1,6.59672,219.4,136,84,214,219.4,3.26,0.033,1.573,4.557
1,6.60093,237.4,136,89,193,237.4,2.84,0.031,1.417,4.212
1,6.60561,213.6,136,90,257,213.6,3.12,0.034,1.888,4.682
1,6.61044,207.1,136,84,238,207.1,3.45,0.035,1.742,4.828
1,6.61477,230.9,136,83,207,230.9,3.13,0.032,1.521,4.33
1,6.61896,238.5,136,91,241,238.5,2.76,0.031,1.769,4.193
1,6.62317,237.7,136,84,208,237.7,3.0,0.031,1.527,4.207
1,6.62756,227.8,136,86,228,227.8,3.06,0.032,1.679,4.39
1,6.63161,246.7,136,84,199,246.7,2.9,0.03,1.465,4.054
1,6.63621,217.6,136,83,216,217.6,3.32,0.034,1.592,4.595
1,6.64,263.8,136,95,195,263.8,2.39,0.028,1.436,3.791
1,6.64396,252.7,136,76,192,252.7,3.12,0.029,1.409,3.957
1,6.64826,232.3,135,78,255,232.3,3.31,0.032,1.879,4.305
1,6.65287,216.7,136,84,232,216.7,3.3,0.034,1.707,4.615
1,6.65684,252.4,137,85,241,252.4,2.8,0.029,1.761,3.962
1,6.66091,245.6,137,84,201,245.6,2.91,0.03,1.473,4.072
1,6.66567,210.0,137,85,236,210.0,3.36,0.035,1.721,4.762
1,6.67003,229.2,137,89,223,229.2,2.94,0.032,1.62,4.362
1,6.67467,215.7,137,84,253,215.7,3.31,0.034,1.849,4.635
1,6.67867,249.7,138,85,224,249.7,2.83,0.029,1.63,4.005
1,6.68311,225.4,138,78,232,225.4,3.41,0.032,1.679,4.437
1,6.68729,239.2,138,80,188,239.2,3.14,0.03,1.365,4.18
1,6.69124,253.6,137,89,219,253.6,2.66,0.029,1.595,3.944
1,6.6957,223.7,137,84,223,223.7,3.19,0.033,1.626,4.469
1,6.70016,224.4,138,85,226,224.4,3.15,0.032,1.645,4.457
1,6.70434,239.5,138,87,209,239.5,2.88,0.03,1.519,4.175
1,6.70811,265.1,138,85,184,265.1,2.66,0.027,1.34,3.771
1,6.71209,251.0,138,86,194,251.0,2.78,0.029,1.403,3.983
1,6.7162,243.7,138,90,197,243.7,2.74,0.03,1.427,4.104
1,6.72075,219.5,138,81,207,219.5,3.38,0.033,1.502,4.557
1,6.72464,257.2,138,83,242,257.2,2.81,0.028,1.751,3.889
1,6.72857,254.7,137,85,191,254.7,2.77,0.029,1.388,3.925
1,6.73273,240.1,137,86,193,240.1,2.91,0.03,1.408,4.166
1,6.73689,240.7,137,78,183,240.7,3.2,0.03,1.338,4.155
1,6.74121,231.3,137,83,232,231.3,3.13,0.032,1.694,4.324
1,6.74532,243.5,137,83,177,243.5,2.97,0.03,1.295,4.107
1,6.74915,260.9,137,78,198,260.9,2.95,0.028,1.45,3.833
1,6.75325,243.9,137,82,197,243.9,3.0,0.03,1.436,4.101
1,6.75763,228.7,136,84,211,228.7,3.12,0.032,1.547,4.372
1,6.76157,253.4,137,81,196,253.4,2.92,0.029,1.436,3.946
1,6.76589,231.5,137,86,228,231.5,3.01,0.032,1.667,4.319
1,6.77037,223.4,136,78,221,223.4,3.44,0.033,1.626,4.476
1,6.77494,218.9,135,85,237,218.9,3.23,0.034,1.75,4.569
1,6.77928,230.0,135,82,231,230.0,3.18,0.032,1.714,4.348
1,6.78337,244.9,136,85,231,244.9,2.88,0.03,1.702,4.083
1,6.78752,240.8,137,86,226,240.8,2.9,0.03,1.655,4.152
1,6.7921,218.3,137,82,236,218.3,3.35,0.033,1.725,4.581
1,6.7965,227.1,137,86,237,227.1,3.07,0.032,1.723,4.404
1,6.8007,238.3,137,88,241,238.3,2.86,0.031,1.759,4.196
1,6.80533,215.9,137,91,238,215.9,3.05,0.034,1.738,4.632
1,6.80963,232.7,138,91,197,232.7,2.83,0.031,1.433,4.297
1,6.81362,250.7,138,85,206,250.7,2.82,0.029,1.496,3.989
1,6.81834,212.0,138,75,250,212.0,3.77,0.034,1.815,4.716
1,6.82278,224.8,138,83,213,224.8,3.22,0.032,1.549,4.448
1,6.8273,221.5,138,85,240,221.5,3.19,0.033,1.739,4.515
1,6.83173,225.6,138,88,220,225.6,3.02,0.032,1.6,4.433
1,6.83654,207.8,138,83,248,207.8,3.48,0.035,1.791,4.813
1,6.84043,257.6,139,83,203,257.6,2.81,0.028,1.465,3.881
1,6.84475,231.1,138,78,225,231.1,3.33,0.031,1.638,4.327
1,6.84888,242.1,137,79,222,242.1,3.14,0.03,1.614,4.131
1,6.85357,213.5,138,85,228,213.5,3.31,0.034,1.652,4.685
1,6.85762,247.1,138,84,228,247.1,2.89,0.029,1.656,4.047
1,6.86227,214.9,138,88,219,214.9,3.17,0.034,1.586,4.654
1,6.86691,215.7,139,84,215,215.7,3.31,0.033,1.555,4.636
1,6.87118,233.9,139,91,221,233.9,2.82,0.031,1.589,4.274
1,6.87522,247.6,139,85,225,247.6,2.85,0.029,1.614,4.04
1,6.88025,199.0,139,87,260,199.0,3.47,0.036,1.864,5.025
1,6.88401,265.4,139,86,211,265.4,2.63,0.027,1.514,3.768
1,6.88791,256.9,139,84,216,256.9,2.78,0.028,1.556,3.892
1,6.89248,218.8,139,92,250,218.8,2.98,0.033,1.798,4.571
1,6.89635,258.1,139,84,206,258.1,2.77,0.028,1.478,3.874
1,6.9013,202.1,139,79,248,202.1,3.76,0.036,1.785,4.948
1,6.90598,213.8,139,78,213,213.8,3.6,0.034,1.533,4.678
1,6.91018,238.0,139,88,199,238.0,2.86,0.03,1.433,4.201
1,6.91456,228.5,138,82,221,228.5,3.2,0.032,1.601,4.377
1,6.91899,225.5,138,88,208,225.5,3.02,0.032,1.506,4.435
1,6.9231,243.2,139,88,201,243.2,2.8,0.03,1.441,4.112
1,6.9276,222.4,140,80,242,222.4,3.37,0.032,1.729,4.496
1,6.93149,257.2,140,85,180,257.2,2.74,0.028,1.285,3.887
1,6.93608,217.9,139,86,211,217.9,3.2,0.033,1.517,4.589
1,6.94043,229.7,140,79,213,229.7,3.31,0.031,1.524,4.353
1,6.94461,239.3,139,82,216,239.3,3.06,0.03,1.554,4.179
1,6.94902,226.4,139,84,231,226.4,3.15,0.032,1.661,4.416
1,6.953,251.3,139,81,204,251.3,2.95,0.029,1.463,3.98
1,6.95694,254.0,140,87,206,254.0,2.72,0.028,1.472,3.938
1,6.96142,223.1,140,87,244,223.1,3.09,0.032,1.739,4.482
1,6.9661,214.0,140,83,211,214.0,3.38,0.033,1.501,4.673
1,6.97029,238.3,141,84,202,238.3,3.0,0.03,1.43,4.196
1,6.97414,260.1,141,89,240,260.1,2.59,0.027,1.701,3.845
1,6.97831,239.5,140,80,212,239.5,3.13,0.03,1.508,4.175
1,6.98259,234.0,141,87,232,234.0,2.95,0.03,1.647,4.274
1,6.98722,215.9,141,89,232,215.9,3.12,0.033,1.645,4.633
1,6.99146,235.9,140,83,226,235.9,3.06,0.03,1.607,4.239
1,6.99576,232.6,141,88,220,232.6,2.93,0.031,1.563,4.299
1,6.9999,241.2,141,83,226,241.2,3.0,0.029,1.605,4.145
1,7.00377,258.6,140,86,194,258.6,2.7,0.028,1.383,3.867
1,7.00783,246.2,140,87,222,246.2,2.8,0.029,1.577,4.062
1,7.01219,229.3,141,82,244,229.3,3.19,0.031,1.73,4.362
1,7.01645,235.0,141,77,248,235.0,3.32,0.03,1.755,4.256
1,7.02079,230.3,141,84,222,230.3,3.1,0.031,1.578,4.343
1,7.02581,199.3,141,91,253,199.3,3.31,0.036,1.798,5.018
1,7.03058,209.5,141,78,252,209.5,3.67,0.034,1.793,4.772
1,7.03538,208.3,141,93,246,208.3,3.1,0.034,1.744,4.801
1,7.03926,258.2,141,87,237,258.2,2.67,0.027,1.678,3.873
1,7.0435,235.8,142,82,218,235.8,3.1,0.03,1.538,4.24
1,7.04747,251.7,142,92,208,251.7,2.59,0.028,1.463,3.973
1,7.05202,219.8,142,88,230,219.8,3.1,0.032,1.618,4.549
1,7.05631,233.0,142,98,242,233.0,2.63,0.03,1.701,4.293
1,7.06001,270.2,142,78,197,270.2,2.85,0.026,1.386,3.7
1,7.06435,230.5,142,81,210,230.5,3.21,0.031,1.481,4.339
1,7.06847,243.1,142,89,219,243.1,2.77,0.029,1.546,4.114
1,7.07222,266.2,142,78,223,266.2,2.89,0.027,1.577,3.756
1,7.07673,221.7,142,94,235,221.7,2.88,0.032,1.653,4.51
1,7.08171,200.9,142,87,243,200.9,3.43,0.035,1.714,4.978
1,7.08579,245.3,142,93,191,245.3,2.63,0.029,1.342,4.076
1,7.09052,211.4,142,86,259,211.4,3.3,0.033,1.823,4.731
1,7.09471,238.3,141,80,189,238.3,3.15,0.03,1.339,4.197
1,7.09925,220.4,141,89,245,220.4,3.06,0.032,1.731,4.537
1,7.10383,218.5,142,87,251,218.5,3.16,0.032,1.773,4.576
1,7.10809,234.6,141,90,242,234.6,2.84,0.03,1.71,4.263
1,7.11219,244.1,142,84,210,244.1,2.93,0.029,1.482,4.097
1,7.11713,202.5,142,85,246,202.5,3.49,0.035,1.738,4.939
1,7.12215,199.2,142,85,258,199.2,3.54,0.035,1.812,5.021
1,7.12681,214.5,142,76,213,214.5,3.68,0.033,1.503,4.662
1,7.13125,225.4,142,81,215,225.4,3.29,0.031,1.516,4.436
1,7.13524,250.1,141,87,224,250.1,2.76,0.028,1.585,3.998
1,7.13956,231.8,140,79,216,231.8,3.28,0.031,1.536,4.315
1,7.14348,254.9,140,84,196,254.9,2.8,0.028,1.4,3.923
1,7.14843,202.1,141,83,267,202.1,3.58,0.035,1.898,4.949
1,7.153,218.7,140,80,245,218.7,3.43,0.033,1.742,4.573
1,7.15722,237.2,140,87,228,237.2,2.91,0.03,1.627,4.216
1,7.16114,254.8,140,86,211,254.8,2.74,0.028,1.503,3.925
1,7.16569,219.7,140,84,248,219.7,3.25,0.033,1.778,4.551
1,7.1698,243.4,140,93,220,243.4,2.65,0.029,1.58,4.108
1,7.17483,199.0,140,88,276,199.0,3.43,0.036,1.973,5.025
1,7.17956,211.2,140,83,278,211.2,3.42,0.034,1.988,4.735
1,7.18444,205.1,139,86,233,205.1,3.4,0.035,1.675,4.876
1,7.18914,212.7,139,83,235,212.7,3.4,0.034,1.692,4.701
1,7.1935,229.5,140,93,218,229.5,2.81,0.031,1.559,4.358
1,7.19775,235.4,140,90,233,235.4,2.83,0.03,1.659,4.248
1,7.20227,221.2,140,87,224,221.2,3.12,0.032,1.6,4.52
1,7.20624,251.6,140,79,209,251.6,3.02,0.028,1.497,3.975
1,7.21039,240.7,139,85,243,240.7,2.93,0.03,1.746,4.154
1,7.21484,224.9,139,83,237,224.9,3.21,0.032,1.7,4.447
1,7.21979,202.2,139,80,237,202.2,3.71,0.036,1.703,4.946
1,7.22501,191.4,139,89,222,191.4,3.52,0.038,1.599,5.224
1,7.2291,244.3,139,82,212,244.3,2.99,0.029,1.519,4.093
1,7.23306,252.5,139,85,221,252.5,2.8,0.029,1.593,3.96
1,7.23759,220.8,139,88,251,220.8,3.09,0.033,1.808,4.53
1,7.2419,232.0,139,81,228,232.0,3.19,0.031,1.637,4.31
1,7.24655,215.4,139,77,219,215.4,3.62,0.033,1.578,4.642
1,7.25057,248.7,139,90,222,248.7,2.68,0.029,1.596,4.02
1,7.25483,234.8,140,92,215,234.8,2.78,0.03,1.534,4.26
1,7.25917,230.2,140,88,240,230.2,2.96,0.031,1.71,4.345
1,7.26298,262.5,140,85,199,262.5,2.69,0.027,1.423,3.809
1,7.26766,213.7,139,83,234,213.7,3.38,0.034,1.682,4.679
1,7.27231,215.2,139,89,240,215.2,3.13,0.033,1.723,4.647
1,7.27674,225.7,139,85,262,225.7,3.13,0.032,1.879,4.431
1,7.28138,215.4,140,91,228,215.4,3.06,0.033,1.633,4.642
1,7.28575,228.9,140,77,204,228.9,3.4,0.031,1.454,4.37
1,7.29046,212.3,140,80,230,212.3,3.53,0.034,1.635,4.71
1,7.29423,265.1,140,81,210,265.1,2.79,0.027,1.498,3.772
1,7.29876,220.7,141,97,238,220.7,2.8,0.032,1.69,4.532
1,7.30338,216.6,141,88,257,216.6,3.15,0.033,1.819,4.617
1,7.30789,221.7,141,84,240,221.7,3.22,0.032,1.699,4.511
1,7.31236,223.7,142,81,236,223.7,3.31,0.032,1.664,4.471
1,7.31723,205.6,142,92,272,205.6,3.17,0.034,1.906,4.864
1,7.3213,245.7,143,92,243,245.7,2.65,0.028,1.701,4.071
1,7.32538,245.0,143,84,214,245.0,2.92,0.028,1.491,4.082
1,7.33016,209.0,143,79,215,209.0,3.63,0.033,1.502,4.786
1,7.3349,211.0,143,88,237,211.0,3.23,0.033,1.658,4.738
1,7.33951,217.0,144,84,255,217.0,3.29,0.032,1.775,4.608
1,7.34426,210.5,143,86,252,210.5,3.31,0.033,1.755,4.751
1,7.34886,217.5,143,89,252,217.5,3.1,0.032,1.766,4.597
1,7.35384,200.8,143,93,251,200.8,3.21,0.035,1.753,4.98
1,7.35861,209.5,144,88,263,209.5,3.25,0.033,1.825,4.773
1,7.36339,209.3,144,85,254,209.3,3.37,0.033,1.763,4.778
1,7.36791,221.3,144,91,238,221.3,2.98,0.031,1.654,4.52
1,7.37282,203.7,143,85,276,203.7,3.47,0.034,1.923,4.91
1,7.37727,224.8,144,88,259,224.8,3.03,0.031,1.806,4.449
1,7.38143,240.1,144,80,218,240.1,3.12,0.029,1.519,4.164
1,7.38635,203.3,143,93,248,203.3,3.17,0.034,1.731,4.919
1,7.39038,248.4,143,76,211,248.4,3.18,0.028,1.477,4.026
1,7.39466,233.3,143,88,253,233.3,2.92,0.03,1.773,4.285
1,7.39931,215.0,143,86,254,215.0,3.24,0.033,1.779,4.65
1,7.40369,228.2,142,89,217,228.2,2.95,0.031,1.525,4.382
1,7.40799,233.0,142,87,259,233.0,2.96,0.03,1.816,4.292
1,7.41263,215.2,142,94,235,215.2,2.97,0.033,1.65,4.647
1,7.41748,206.3,143,84,268,206.3,3.46,0.034,1.874,4.848
1,7.422,221.1,143,85,244,221.1,3.19,0.032,1.715,4.522
1,7.4266,217.4,142,92,269,217.4,3.0,0.032,1.898,4.6
1,7.43119,218.1,142,88,216,218.1,3.13,0.032,1.517,4.585
1,7.43583,215.3,143,89,255,215.3,3.13,0.032,1.781,4.645
1,7.44027,225.4,144,83,247,225.4,3.21,0.031,1.718,4.436
1,7.44427,249.7,143,86,235,249.7,2.79,0.028,1.646,4.005
1,7.44924,201.4,143,84,242,201.4,3.55,0.035,1.688,4.966
1,7.45307,261.0,144,88,215,261.0,2.61,0.027,1.494,3.832
1,7.45777,212.7,144,84,290,212.7,3.36,0.033,2.015,4.7
1,7.4622,226.1,144,86,237,226.1,3.09,0.031,1.65,4.424
1,7.46682,216.3,144,79,253,216.3,3.51,0.032,1.759,4.624
1,7.47095,241.9,144,81,199,241.9,3.06,0.029,1.383,4.134
1,7.47564,213.5,143,91,265,213.5,3.09,0.033,1.848,4.684
1,7.48068,198.1,143,84,273,198.1,3.61,0.035,1.904,5.048
1,7.48514,224.6,143,84,234,224.6,3.18,0.031,1.634,4.452
1,7.49009,201.7,143,87,266,201.7,3.42,0.035,1.867,4.957
1,7.49463,220.4,143,86,245,220.4,3.17,0.032,1.716,4.538
1,7.49942,208.8,143,85,253,208.8,3.38,0.033,1.765,4.79
1,7.50419,209.9,143,83,230,209.9,3.44,0.033,1.612,4.764
1,7.50771,284.1,143,84,184,284.1,2.51,0.025,1.289,3.52
1,7.51165,253.3,143,89,248,253.3,2.66,0.028,1.732,3.947
1,7.51665,200.1,143,90,267,200.1,3.33,0.035,1.867,4.997
1,7.52052,258.4,143,84,227,258.4,2.76,0.027,1.583,3.87
1,7.52519,213.9,143,83,264,213.9,3.38,0.033,1.843,4.675
1,7.52947,234.1,143,88,248,234.1,2.91,0.03,1.73,4.272
1,7.53385,227.9,143,93,229,227.9,2.83,0.031,1.604,4.387
1,7.53855,212.7,143,85,262,212.7,3.32,0.033,1.833,4.701
1,7.54317,216.6,143,91,240,216.6,3.04,0.032,1.673,4.616
1,7.54777,217.3,143,85,264,217.3,3.25,0.032,1.847,4.603
1,7.55216,228.0,143,89,249,228.0,2.96,0.031,1.739,4.387
1,7.55726,196.1,143,78,244,196.1,3.92,0.036,1.701,5.099
1,7.56177,221.4,143,86,238,221.4,3.15,0.032,1.67,4.516
1,7.5664,216.4,143,89,242,216.4,3.12,0.032,1.691,4.621
1,7.57067,233.7,143,93,252,233.7,2.76,0.03,1.758,4.278
1,7.57505,228.4,143,89,246,228.4,2.95,0.031,1.718,4.379
1,7.57966,217.1,143,86,212,217.1,3.21,0.032,1.482,4.606
1,7.58389,236.4,144,95,221,236.4,2.67,0.029,1.538,4.23
1,7.59035,154.7,144,92,411,154.7,4.22,0.045,2.851,6.465
1,7.59642,164.9,145,88,427,164.9,4.13,0.042,2.94,6.063
1,7.60406,130.9,145,93,462,130.9,4.93,0.053,3.18,7.64
1,7.61073,149.8,145,93,445,149.8,4.31,0.046,3.062,6.675
1,7.61791,139.3,146,89,452,139.3,4.84,0.049,3.087,7.181
1,7.62505,140.2,147,91,457,140.2,4.7,0.048,3.099,7.132
1,7.63155,153.9,148,90,451,153.9,4.33,0.044,3.043,6.5
1,7.63834,147.1,149,91,471,147.1,4.48,0.046,3.165,6.798
1,7.64534,143.0,149,94,474,143.0,4.46,0.047,3.173,6.992
1,7.65167,157.9,149,94,429,157.9,4.04,0.042,2.873,6.333
1,7.65923,132.3,151,97,485,132.3,4.67,0.05,3.22,7.557
1,7.66674,133.0,151,91,466,133.0,4.96,0.05,3.075,7.516
1,7.67439,130.8,152,97,504,130.8,4.73,0.05,3.311,7.648
1,7.68132,144.2,153,97,467,144.2,4.29,0.045,3.056,6.933
1,7.68836,142.0,153,87,473,142.0,4.86,0.046,3.091,7.04
1,7.6953,144.0,154,100,486,144.0,4.17,0.045,3.163,6.943
1,7.70224,144.2,154,93,451,144.2,4.48,0.045,2.921,6.937
1,7.70902,147.5,155,101,455,147.5,4.03,0.044,2.927,6.78
1,7.71644,134.7,156,99,490,134.7,4.5,0.048,3.149,7.423
1,7.72336,144.7,156,83,482,144.7,5.0,0.044,3.081,6.912
1,7.73002,150.0,157,94,453,150.0,4.26,0.043,2.895,6.666
1,7.73701,143.0,157,90,447,143.0,4.66,0.045,2.856,6.991
1,7.74381,147.1,157,91,448,147.1,4.48,0.043,2.852,6.8
1,7.75107,137.8,156,98,465,137.8,4.44,0.046,2.974,7.256
1,7.75746,156.5,157,91,435,156.5,4.21,0.041,2.779,6.39
1,7.76463,139.5,156,89,455,139.5,4.83,0.046,2.908,7.171
1,7.77071,164.5,157,94,430,164.5,3.88,0.039,2.736,6.078
1,7.77756,146.0,158,92,455,146.0,4.47,0.043,2.882,6.849
1,7.78438,146.6,159,98,448,146.6,4.17,0.043,2.825,6.819
1,7.79088,153.7,159,104,411,153.7,3.75,0.041,2.587,6.506
1,7.79795,141.5,160,95,474,141.5,4.46,0.044,2.964,7.068
1,7.80475,147.1,160,93,427,147.1,4.39,0.043,2.673,6.797
1,7.81087,163.4,160,95,413,163.4,3.86,0.038,2.576,6.119
1,7.81688,166.4,160,89,412,166.4,4.05,0.038,2.569,6.011
1,7.82312,160.3,161,88,400,160.3,4.25,0.039,2.481,6.24
1,7.82958,154.8,162,97,403,154.8,4.0,0.04,2.49,6.461
1,7.83643,146.0,162,87,414,146.0,4.72,0.042,2.555,6.847
1,7.84241,167.1,163,95,392,167.1,3.78,0.037,2.408,5.986
1,7.84873,158.3,163,99,421,158.3,3.83,0.039,2.578,6.316
1,7.85471,167.3,163,92,377,167.3,3.9,0.037,2.305,5.979
1,7.86131,151.5,163,93,390,151.5,4.26,0.041,2.396,6.6
1,7.86765,157.6,163,94,403,157.6,4.05,0.039,2.469,6.347
1,7.87377,163.4,164,91,410,163.4,4.03,0.037,2.503,6.118
1,7.87993,162.4,164,90,387,162.4,4.1,0.037,2.359,6.157
1,7.88615,160.8,165,97,399,160.8,3.85,0.038,2.42,6.217
1,7.89155,185.1,165,91,367,185.1,3.56,0.033,2.225,5.401
1,7.89826,149.0,165,94,415,149.0,4.28,0.041,2.512,6.71
1,7.9042,168.3,166,90,379,168.3,3.96,0.036,2.287,5.941
1,7.91034,162.8,166,89,377,162.8,4.14,0.037,2.264,6.141
1,7.91613,172.7,167,94,358,172.7,3.7,0.035,2.143,5.792
1,7.92178,176.9,167,100,389,176.9,3.39,0.034,2.324,5.653
1,7.92803,160.2,167,92,409,160.2,4.07,0.037,2.444,6.241
1,7.93438,157.4,167,87,389,157.4,4.38,0.038,2.324,6.352
1,7.93995,179.6,168,89,367,179.6,3.75,0.033,2.187,5.568
1,7.94586,169.2,167,92,405,169.2,3.86,0.035,2.423,5.912
1,7.95228,155.7,167,90,413,155.7,4.28,0.038,2.47,6.421
1,7.95858,158.6,167,85,394,158.6,4.45,0.038,2.354,6.306
1,7.96545,145.7,169,93,443,145.7,4.43,0.041,2.624,6.862
1,7.97136,169.2,170,94,383,169.2,3.77,0.035,2.258,5.911
1,7.97539,247.7,169,82,182,247.7,2.95,0.024,1.079,4.037
1,7.97861,310.5,169,78,141,310.5,2.48,0.019,0.835,3.22
1,7.98179,315.0,168,80,144,315.0,2.38,0.019,0.853,3.175
1,7.98507,304.7,168,78,149,304.7,2.52,0.02,0.889,3.282
1,7.98906,250.5,167,83,198,250.5,2.89,0.024,1.187,3.992
1,7.99259,283.5,166,87,152,283.5,2.43,0.021,0.916,3.528
1,7.99647,257.6,166,82,138,257.6,2.84,0.023,0.828,3.883
1,7.99964,315.4,166,89,120,315.4,2.14,0.019,0.722,3.17
1,8.00321,280.6,165,81,156,280.6,2.64,0.022,0.944,3.563
1,8.00694,267.7,164,88,154,267.7,2.55,0.023,0.937,3.735
1,8.01048,282.6,164,82,165,282.6,2.59,0.022,1.003,3.538
1,8.01393,290.3,163,78,149,290.3,2.65,0.021,0.912,3.445
1,8.01747,282.4,164,72,151,282.4,2.95,0.022,0.92,3.542
1,8.0215,247.8,163,87,191,247.8,2.78,0.025,1.17,4.036
1,8.02487,297.3,162,84,148,297.3,2.4,0.021,0.914,3.364
1,8.029,241.9,161,90,146,241.9,2.76,0.026,0.904,4.134
1,8.03284,260.2,160,79,164,260.2,2.92,0.024,1.022,3.843
1,8.03703,238.7,160,75,192,238.7,3.35,0.026,1.201,4.19
1,8.04102,251.0,159,84,178,251.0,2.85,0.025,1.119,3.984
1,8.04459,280.2,158,87,159,280.2,2.46,0.023,1.004,3.57
1,8.04814,281.1,157,87,133,281.1,2.45,0.023,0.851,3.557
1,8.05158,291.4,156,81,162,291.4,2.54,0.022,1.036,3.432
1,8.0551,283.7,155,80,152,283.7,2.64,0.023,0.984,3.525
1,8.05924,241.7,154,87,171,241.7,2.85,0.027,1.108,4.137
1,8.06288,274.8,154,84,179,274.8,2.6,0.024,1.161,3.64
1,8.06718,232.4,154,85,173,232.4,3.04,0.028,1.122,4.304
1,8.07064,288.9,153,86,133,288.9,2.41,0.023,0.864,3.461
1,8.07452,257.7,153,80,184,257.7,2.91,0.025,1.199,3.88
1,8.07813,276.9,152,86,132,276.9,2.52,0.024,0.87,3.612
1,8.08158,290.1,151,82,167,290.1,2.52,0.023,1.102,3.447
1,8.0855,255.5,151,79,181,255.5,2.97,0.026,1.203,3.915
1,8.08871,311.2,151,80,148,311.2,2.41,0.021,0.984,3.213
1,8.09163,342.6,150,79,121,342.6,2.22,0.019,0.806,2.919
1,8.09588,235.3,150,84,181,235.3,3.04,0.028,1.207,4.251
1,8.09989,249.1,150,79,172,249.1,3.05,0.027,1.149,4.014
1,8.1038,255.7,149,80,167,255.7,2.93,0.026,1.118,3.911
1,8.10718,296.2,149,88,146,296.2,2.3,0.023,0.983,3.376
1,8.11063,289.9,148,86,132,289.9,2.41,0.023,0.889,3.45
1,8.11408,290.1,148,85,158,290.1,2.43,0.023,1.068,3.448
1,8.11766,279.1,147,80,166,279.1,2.69,0.024,1.126,3.583
1,8.12035,371.6,147,84,153,371.6,1.92,0.018,1.045,2.691
1,8.12361,306.6,146,89,145,306.6,2.2,0.022,0.995,3.261
1,8.12743,262.2,147,78,163,262.2,2.93,0.026,1.112,3.814
1,8.13077,298.6,146,79,146,298.6,2.54,0.023,0.997,3.349
1,8.1351,231.3,146,89,209,231.3,2.91,0.03,1.43,4.323
1,8.13826,315.8,146,86,131,315.8,2.21,0.022,0.898,3.167
1,8.14203,265.8,146,91,177,265.8,2.48,0.026,1.215,3.763
1,8.14505,331.2,145,88,140,331.2,2.06,0.021,0.964,3.019
1,8.14834,303.6,145,80,123,303.6,2.47,0.023,0.846,3.294
1,8.15271,228.6,145,76,177,228.6,3.45,0.03,1.223,4.374
1,8.15611,294.2,144,87,142,294.2,2.34,0.024,0.987,3.399
1,8.1597,278.6,144,87,159,278.6,2.48,0.025,1.104,3.589
1,8.16346,265.8,143,87,187,265.8,2.59,0.026,1.312,3.762
1,8.16757,243.3,143,81,185,243.3,3.04,0.029,1.294,4.11
1,8.17131,267.9,143,80,176,267.9,2.8,0.026,1.233,3.732
1,8.17449,314.5,143,86,160,314.5,2.22,0.022,1.122,3.18
1,8.17805,280.7,142,80,166,280.7,2.67,0.025,1.167,3.562
1,8.18147,292.0,141,80,156,292.0,2.57,0.024,1.111,3.425
1,8.18564,239.8,140,83,170,239.8,3.01,0.03,1.211,4.171
1,8.18965,249.5,140,82,178,249.5,2.93,0.029,1.268,4.008
1,8.19525,178.7,141,92,356,178.7,3.65,0.04,2.529,5.596
1,8.20168,155.4,141,94,387,155.4,4.11,0.046,2.74,6.436
1,8.20788,161.4,141,93,379,161.4,4.0,0.044,2.682,6.198
1,8.21409,161.1,141,88,376,161.1,4.23,0.044,2.662,6.207
1,8.21972,177.5,142,96,346,177.5,3.52,0.04,2.446,5.633
1,8.22504,188.0,142,91,347,188.0,3.51,0.038,2.45,5.318
1,8.23095,169.2,142,95,356,169.2,3.73,0.042,2.5,5.909
1,8.2363,187.1,143,88,347,187.1,3.64,0.037,2.426,5.345
1,8.24206,173.6,144,91,357,173.6,3.8,0.04,2.477,5.76
1,8.24775,175.6,144,86,389,175.6,3.97,0.04,2.703,5.696
1,8.25367,168.9,145,97,367,168.9,3.66,0.041,2.536,5.921
1,8.25897,188.9,145,90,353,188.9,3.53,0.037,2.433,5.295
1,8.26542,154.9,146,93,409,154.9,4.17,0.044,2.804,6.457
1,8.2715,164.6,146,88,373,164.6,4.14,0.042,2.55,6.074
1,8.27743,168.5,146,96,367,168.5,3.71,0.041,2.509,5.936
1,8.28344,166.5,147,91,373,166.5,3.96,0.041,2.534,6.007
1,8.28942,167.4,147,91,375,167.4,3.94,0.041,2.541,5.974
1,8.2947,189.3,149,84,343,189.3,3.77,0.036,2.306,5.284
1,8.30089,161.5,149,87,384,161.5,4.27,0.041,2.568,6.19
1,8.30653,177.4,150,101,386,177.4,3.35,0.038,2.579,5.637
1,8.3124,170.4,151,94,372,170.4,3.75,0.039,2.472,5.87
1,8.31828,169.9,151,93,355,169.9,3.8,0.039,2.347,5.885
1,8.32403,173.9,151,90,379,173.9,3.83,0.038,2.506,5.752
1,8.3304,157.0,152,90,353,157.0,4.25,0.042,2.325,6.368
1,8.33607,176.5,152,91,363,176.5,3.74,0.037,2.388,5.667
1,8.34165,179.2,153,91,359,179.2,3.68,0.036,2.347,5.58
1,8.34756,169.1,153,90,343,169.1,3.94,0.039,2.244,5.913
1,8.35264,197.0,153,90,336,197.0,3.38,0.033,2.194,5.077
1,8.35832,176.1,153,86,345,176.1,3.96,0.037,2.254,5.68
1,8.36451,161.6,153,92,357,161.6,4.04,0.04,2.332,6.19
1,8.37056,165.1,153,93,390,165.1,3.91,0.04,2.55,6.056
1,8.37642,170.7,153,91,363,170.7,3.86,0.038,2.372,5.857
1,8.38216,174.3,153,88,350,174.3,3.91,0.038,2.287,5.738
1,8.38813,167.4,154,89,371,167.4,4.03,0.039,2.415,5.974
1,8.39405,169.0,154,90,377,169.0,3.94,0.038,2.445,5.917
1,8.40006,166.3,154,89,363,166.3,4.05,0.039,2.358,6.012
1,8.40576,175.3,154,91,372,175.3,3.76,0.037,2.407,5.705
1,8.4116,171.5,155,89,373,171.5,3.93,0.038,2.41,5.832
1,8.41728,176.1,155,93,359,176.1,3.66,0.037,2.319,5.679
1,8.42338,163.7,156,88,389,163.7,4.17,0.039,2.496,6.109
1,8.42897,178.9,156,98,348,178.9,3.42,0.036,2.236,5.589
1,8.43462,177.2,156,86,366,177.2,3.94,0.036,2.345,5.644
1,8.44031,175.5,156,78,338,175.5,4.38,0.036,2.167,5.697
1,8.44633,166.2,157,86,397,166.2,4.2,0.038,2.536,6.018
1,8.45224,169.3,156,93,352,169.3,3.81,0.038,2.25,5.905
1,8.45828,165.4,157,95,339,165.4,3.82,0.039,2.163,6.046
1,8.46453,160.2,157,103,412,160.2,3.64,0.04,2.624,6.244
1,8.4703,173.1,157,87,349,173.1,3.98,0.037,2.222,5.777
1,8.47583,181.0,157,94,336,181.0,3.53,0.035,2.138,5.525
1,8.48123,185.1,158,95,363,185.1,3.41,0.034,2.299,5.402
1,8.4874,162.2,158,91,371,162.2,4.06,0.039,2.347,6.165
1,8.49282,184.3,158,82,339,184.3,3.97,0.034,2.148,5.426
1,8.49874,168.9,158,86,384,168.9,4.13,0.038,2.432,5.92
1,8.50396,191.8,158,91,333,191.8,3.44,0.033,2.115,5.214
1,8.50989,168.6,158,91,380,168.6,3.91,0.038,2.408,5.931
1,8.51597,164.6,158,92,374,164.6,3.96,0.038,2.361,6.077
1,8.52172,173.9,159,89,356,173.9,3.88,0.036,2.243,5.75
1,8.52757,170.8,159,87,355,170.8,4.04,0.037,2.236,5.854
1,8.53393,157.2,160,86,384,157.2,4.44,0.04,2.404,6.36
1,8.53969,173.5,160,86,354,173.5,4.02,0.036,2.214,5.765
1,8.54398,233.1,159,86,186,233.1,2.99,0.027,1.168,4.291
1,8.54806,245.5,159,83,177,245.5,2.95,0.026,1.112,4.074
1,8.55146,293.8,160,88,140,293.8,2.32,0.021,0.878,3.403
1,8.55509,275.3,159,77,145,275.3,2.83,0.023,0.908,3.632
1,8.55927,239.6,158,89,187,239.6,2.81,0.026,1.184,4.174
1,8.56359,231.3,158,79,198,231.3,3.28,0.027,1.251,4.324
1,8.56796,228.9,157,89,175,228.9,2.94,0.028,1.115,4.368
1,8.57175,263.7,157,84,179,263.7,2.71,0.024,1.138,3.792
1,8.57571,252.6,158,80,169,252.6,2.97,0.025,1.069,3.959
1,8.57941,270.7,157,88,170,270.7,2.52,0.024,1.082,3.694
1,8.58338,251.3,157,90,173,251.3,2.65,0.025,1.099,3.979
1,8.58724,259.7,157,84,168,259.7,2.75,0.025,1.075,3.851
1,8.59051,305.0,156,84,162,305.0,2.34,0.021,1.037,3.279
1,8.59471,238.6,156,83,163,238.6,3.03,0.027,1.048,4.191
1,8.59528,1743.4,154,55,0,1743.4,0.63,0.004,,0.574
1,8.59897,270.6,155,83,164,270.6,2.67,0.024,1.062,3.695
1,8.60261,275.0,154,92,162,275.0,2.37,0.024,1.047,3.637
1,8.6065,257.0,154,83,189,257.0,2.81,0.025,1.226,3.891
1,8.61072,237.0,154,83,189,237.0,3.05,0.027,1.224,4.219
1,8.61427,281.5,154,83,179,281.5,2.57,0.023,1.16,3.552
1,8.61759,301.9,153,75,118,301.9,2.65,0.022,0.774,3.312
1,8.62103,290.7,152,83,163,290.7,2.49,0.023,1.072,3.44
1,8.62437,299.1,152,86,188,299.1,2.33,0.022,1.243,3.343
1,8.62774,296.8,151,79,181,296.8,2.56,0.022,1.196,3.369
1,8.6314,272.8,151,73,178,272.8,3.01,0.024,1.177,3.666
1,8.63581,227.1,151,83,182,227.1,3.18,0.029,1.204,4.402
1,8.63877,337.0,150,87,148,337.0,2.05,0.02,0.983,2.967
1,8.64265,258.0,150,80,188,258.0,2.91,0.026,1.256,3.876
1,8.64619,282.0,149,83,157,282.0,2.56,0.024,1.049,3.546
1,8.64991,269.0,149,90,169,269.0,2.48,0.025,1.136,3.717
1,8.65408,240.2,149,79,195,240.2,3.16,0.028,1.311,4.163
1,8.65814,246.3,149,89,176,246.3,2.74,0.027,1.182,4.06
1,8.6624,234.4,147,86,195,234.4,2.98,0.029,1.323,4.265
1,8.66631,255.7,147,79,157,255.7,2.97,0.027,1.07,3.911
1,8.67059,233.9,146,81,163,233.9,3.17,0.029,1.113,4.276
1,8.67436,265.4,147,77,198,265.4,2.94,0.026,1.35,3.768
1,8.67902,214.5,146,82,204,214.5,3.41,0.032,1.399,4.662
1,8.68229,306.1,145,83,163,306.1,2.36,0.023,1.123,3.267
1,8.68642,241.7,144,80,202,241.7,3.1,0.029,1.401,4.137
1,8.69019,265.7,144,86,173,265.7,2.63,0.026,1.197,3.764
1,8.69364,289.2,144,80,159,289.2,2.59,0.024,1.102,3.457
1,8.69761,251.8,143,85,183,251.8,2.8,0.028,1.273,3.971
1,8.70185,235.9,143,90,200,235.9,2.83,0.03,1.399,4.24
1,8.70561,266.0,144,84,180,266.0,2.69,0.026,1.25,3.76
1,8.70986,235.4,143,85,182,235.4,3.0,0.03,1.272,4.248
1,8.71405,238.7,143,87,180,238.7,2.89,0.029,1.257,4.19
1,8.71794,257.0,143,87,172,257.0,2.68,0.027,1.202,3.891
1,8.72163,271.0,143,85,146,271.0,2.6,0.026,1.024,3.69
1,8.72508,290.0,143,86,159,290.0,2.41,0.024,1.11,3.449
1,8.72881,268.5,143,81,169,268.5,2.76,0.026,1.181,3.725
1,8.73244,275.1,143,85,161,275.1,2.57,0.025,1.125,3.635
1,8.73642,251.4,143,83,172,251.4,2.88,0.028,1.205,3.977
1,8.74051,244.7,143,82,165,244.7,2.99,0.029,1.16,4.086
1,8.74419,271.8,143,89,169,271.8,2.48,0.026,1.181,3.68
1,8.74808,257.0,143,76,169,257.0,3.07,0.027,1.186,3.891
1,8.75165,279.8,143,82,152,279.8,2.61,0.025,1.06,3.574
1,8.75536,269.2,142,88,167,269.2,2.53,0.026,1.174,3.715
1,8.75964,233.7,142,83,238,233.7,3.09,0.03,1.675,4.278
1,8.76313,286.9,142,88,177,286.9,2.38,0.024,1.242,3.485
1,8.76708,253.0,143,86,202,253.0,2.76,0.028,1.414,3.952
1,8.77119,243.5,142,81,169,243.5,3.04,0.029,1.187,4.107
1,8.77466,288.0,141,78,169,288.0,2.67,0.025,1.197,3.472
1,8.77862,252.5,141,84,175,252.5,2.83,0.028,1.24,3.96
1,8.78277,241.1,141,91,175,241.1,2.74,0.029,1.243,4.148
1,8.78653,265.5,141,76,187,265.5,2.97,0.027,1.325,3.766
1,8.79045,255.2,141,77,172,255.2,3.05,0.028,1.223,3.918
1,8.7946,241.2,141,87,205,241.2,2.86,0.029,1.455,4.147
1,8.79794,298.9,141,78,172,298.9,2.57,0.024,1.22,3.345
1,8.80166,269.1,141,83,154,269.1,2.69,0.026,1.092,3.716
1,8.80577,243.1,141,90,210,243.1,2.74,0.029,1.495,4.113
1,8.80951,267.5,140,84,170,267.5,2.67,0.027,1.211,3.738
1,8.81342,256.0,140,83,191,256.0,2.82,0.028,1.36,3.906
1,8.81727,259.9,140,80,184,259.9,2.89,0.028,1.319,3.848
1,8.82082,281.3,141,84,190,281.3,2.54,0.025,1.351,3.554
1,8.82424,292.5,141,79,166,292.5,2.6,0.024,1.179,3.419
1,8.82803,263.5,141,78,192,263.5,2.92,0.027,1.363,3.795
1,8.83167,275.2,141,80,202,275.2,2.73,0.026,1.436,3.633
1,8.83577,243.6,141,85,185,243.6,2.9,0.029,1.314,4.104
1,8.83927,285.9,140,80,163,285.9,2.62,0.025,1.16,3.498
1,8.84345,239.1,140,78,190,239.1,3.22,0.03,1.355,4.183
1,8.84705,278.0,140,80,174,278.0,2.7,0.026,1.237,3.597
1,8.85069,274.7,140,83,185,274.7,2.63,0.026,1.319,3.64
1,8.85442,268.1,140,84,173,268.1,2.66,0.027,1.238,3.729
1,8.85822,263.1,140,84,186,263.1,2.72,0.027,1.332,3.801
1,8.86248,234.8,140,80,199,234.8,3.19,0.03,1.425,4.259
1,8.86603,282.0,140,84,196,282.0,2.53,0.025,1.402,3.546
1,8.86972,270.6,140,80,165,270.6,2.77,0.026,1.179,3.695
1,8.87724,133.0,141,97,515,133.0,4.65,0.053,3.65,7.521
1,8.88479,132.4,142,102,509,132.4,4.44,0.053,3.588,7.55
1,8.8928,124.9,142,95,532,124.9,5.06,0.056,3.737,8.008
1,8.9038,90.9,145,105,854,90.9,6.29,0.076,5.903,11.0
1,8.91174,126.0,146,98,544,126.0,4.86,0.054,3.724,7.939
1,8.91941,130.3,147,94,529,130.3,4.9,0.052,3.598,7.674
1,8.92689,133.7,148,92,548,133.7,4.88,0.05,3.695,7.477
1,8.93104,240.8,148,85,200,240.8,2.93,0.028,1.349,4.152
1,8.93533,233.4,148,89,212,233.4,2.89,0.029,1.43,4.285
1,8.93919,258.7,147,80,151,258.7,2.9,0.026,1.027,3.865
1,8.94309,256.4,147,82,202,256.4,2.85,0.026,1.373,3.9
1,8.94779,212.7,147,84,200,212.7,3.36,0.032,1.368,4.701
1,8.95219,227.4,146,76,171,227.4,3.47,0.03,1.171,4.397
1,8.95599,263.5,145,83,186,263.5,2.74,0.026,1.283,3.795
1,8.9597,269.0,145,83,146,269.0,2.69,0.026,1.009,3.718
1,8.96383,242.5,145,75,180,242.5,3.3,0.028,1.242,4.123
1,8.967,315.1,144,81,160,315.1,2.35,0.022,1.111,3.174
1,8.97036,297.7,144,82,170,297.7,2.46,0.023,1.178,3.359
1,8.97428,254.8,144,81,197,254.8,2.91,0.027,1.366,3.925
1,8.97832,248.0,144,79,195,248.0,3.06,0.028,1.357,4.033
1,8.98227,253.0,143,83,160,253.0,2.86,0.028,1.12,3.952
1,8.98711,206.5,144,85,216,206.5,3.42,0.034,1.506,4.842
1,8.99095,260.7,143,85,190,260.7,2.71,0.027,1.328,3.836
1,8.99479,260.0,142,82,158,260.0,2.81,0.027,1.106,3.847
1,8.99901,237.0,142,83,199,237.0,3.05,0.03,1.405,4.219
1,9.00326,235.8,142,82,183,235.8,3.1,0.03,1.287,4.242
1,9.00716,255.9,142,82,180,255.9,2.86,0.028,1.266,3.909
1,9.01078,276.4,142,82,151,276.4,2.65,0.026,1.069,3.617
1,9.01561,207.1,141,80,228,207.1,3.62,0.034,1.615,4.828
1,9.01992,232.1,141,86,199,232.1,3.01,0.031,1.416,4.308
1,9.02397,246.8,141,81,183,246.8,3.0,0.029,1.299,4.052
1,9.02735,295.6,140,84,171,295.6,2.42,0.024,1.226,3.383
1,9.031,274.4,139,75,198,274.4,2.92,0.026,1.425,3.644
1,9.03725,160.0,140,87,429,160.0,4.31,0.045,3.068,6.25
1,9.04391,150.1,141,88,434,150.1,4.54,0.047,3.076,6.662
1,9.05032,156.0,142,95,407,156.0,4.05,0.045,2.868,6.412
1,9.05719,145.6,143,101,460,145.6,4.08,0.048,3.215,6.866
1,9.0642,142.6,143,93,479,142.6,4.52,0.049,3.338,7.012
1,9.0705,158.8,143,96,430,158.8,3.94,0.044,3.006,6.298
1,9.07762,140.4,145,95,445,140.4,4.5,0.049,3.081,7.123
1,9.08423,151.3,146,93,458,151.3,4.26,0.045,3.146,6.608
1,9.09102,147.3,146,96,469,147.3,4.24,0.046,3.206,6.79
1,9.09774,148.9,147,98,458,148.9,4.11,0.046,3.12,6.717
1,9.10467,144.2,147,96,485,144.2,4.33,0.047,3.292,6.934
1,9.11147,147.1,148,92,486,147.1,4.43,0.046,3.286,6.799
1,9.11837,144.9,149,96,469,144.9,4.31,0.046,3.153,6.902
1,9.12524,145.6,149,93,457,145.6,4.43,0.046,3.057,6.87
1,9.13231,141.5,151,94,473,141.5,4.51,0.047,3.134,7.066
1,9.13916,145.9,151,95,471,145.9,4.33,0.045,3.112,6.855
1,9.14619,142.2,153,92,469,142.2,4.59,0.046,3.074,7.033
1,9.1527,153.8,153,90,425,153.8,4.34,0.043,2.778,6.504
1,9.15969,143.1,154,92,465,143.1,4.56,0.045,3.023,6.988
1,9.16658,145.1,154,89,437,145.1,4.65,0.045,2.832,6.892
1,9.17285,159.5,155,93,449,159.5,4.05,0.04,2.892,6.271
1,9.17925,156.3,156,96,449,156.3,4.0,0.041,2.873,6.399
1,9.18611,145.8,157,98,490,145.8,4.2,0.044,3.126,6.86
1,9.19213,166.0,158,92,452,166.0,3.93,0.038,2.865,6.024
1,9.19856,155.7,157,89,454,155.7,4.33,0.041,2.882,6.424
1,9.20549,144.2,159,95,474,144.2,4.38,0.044,2.991,6.935
1,9.21197,154.3,160,85,451,154.3,4.57,0.041,2.827,6.48
1,9.21861,150.7,161,96,465,150.7,4.15,0.041,2.896,6.635
1,9.22484,160.5,162,97,461,160.5,3.85,0.039,2.852,6.231
1,9.23153,149.3,162,91,442,149.3,4.42,0.041,2.721,6.697
1,9.23808,152.9,162,98,426,152.9,4.01,0.04,2.625,6.542
1,9.2442,163.4,162,88,412,163.4,4.17,0.038,2.539,6.12
1,9.25054,157.7,163,94,430,157.7,4.05,0.039,2.643,6.342
1,9.25692,156.8,164,92,440,156.8,4.16,0.039,2.689,6.376
1,9.26322,158.6,165,88,422,158.6,4.3,0.038,2.556,6.306
1,9.26994,148.9,165,84,417,148.9,4.8,0.041,2.52,6.716
1,9.27683,145.1,166,104,436,145.1,3.98,0.042,2.629,6.892
1,9.28335,153.4,166,97,430,153.4,4.03,0.039,2.582,6.52
1,9.28952,162.1,166,89,403,162.1,4.16,0.037,2.425,6.168
1,9.2961,151.9,167,83,404,151.9,4.76,0.039,2.414,6.585
1,9.30258,154.3,167,88,382,154.3,4.42,0.039,2.28,6.48
1,9.30838,172.5,168,93,388,172.5,3.74,0.035,2.315,5.797
1,9.31473,157.5,168,88,393,157.5,4.33,0.038,2.336,6.348
1,9.3203,179.3,169,98,387,179.3,3.41,0.033,2.292,5.576
1,9.32631,166.5,169,96,368,166.5,3.75,0.036,2.177,6.005
1,9.33241,164.0,169,87,368,164.0,4.2,0.036,2.176,6.097
1,9.33892,153.5,169,91,400,153.5,4.3,0.039,2.365,6.516
1,9.34466,174.1,169,86,356,174.1,4.01,0.034,2.103,5.743
1,9.35122,152.4,170,91,398,152.4,4.33,0.039,2.34,6.56
1,9.35723,166.6,170,93,376,166.6,3.87,0.035,2.207,6.004
1,9.36322,167.0,170,96,386,167.0,3.74,0.035,2.267,5.988
1,9.36972,153.7,170,93,375,153.7,4.2,0.038,2.205,6.507
1,9.37571,167.1,171,91,385,167.1,3.95,0.035,2.254,5.985
1,9.3815,172.6,171,88,380,172.6,3.95,0.034,2.225,5.794
1,9.38746,167.9,172,95,369,167.9,3.76,0.035,2.151,5.956
1,9.39338,169.0,172,88,399,169.0,4.04,0.034,2.323,5.918
1,9.39936,167.2,172,93,418,167.2,3.86,0.035,2.429,5.981
1,9.40584,154.2,172,94,402,154.2,4.14,0.038,2.344,6.484
1,9.41234,153.8,172,88,438,153.8,4.43,0.038,2.55,6.503
1,9.41814,172.5,172,86,402,172.5,4.04,0.034,2.34,5.798
1,9.42197,261.0,172,79,154,261.0,2.91,0.022,0.896,3.831
1,9.42532,298.3,172,80,167,298.3,2.51,0.02,0.971,3.352
1,9.42886,282.8,171,84,171,282.8,2.53,0.021,0.998,3.536
1,9.43258,269.1,170,84,174,269.1,2.65,0.022,1.022,3.716
1,9.43649,255.4,169,85,166,255.4,2.76,0.023,0.984,3.916
1,9.44043,254.1,169,84,162,254.1,2.81,0.023,0.959,3.936
1,9.44414,269.5,169,77,162,269.5,2.89,0.022,0.958,3.71
1,9.44781,272.3,168,84,140,272.3,2.62,0.022,0.831,3.673
1,9.451,313.3,167,80,169,313.3,2.39,0.019,1.008,3.191
1,9.45468,272.0,167,84,161,272.0,2.63,0.022,0.964,3.676
1,9.45829,277.0,167,84,163,277.0,2.58,0.022,0.976,3.61
1,9.46227,251.1,166,82,144,251.1,2.91,0.024,0.867,3.983
1,9.46569,292.4,165,82,145,292.4,2.5,0.021,0.881,3.42
1,9.4696,255.7,166,82,169,255.7,2.86,0.024,1.023,3.91
1,9.47291,302.3,165,88,126,302.3,2.26,0.02,0.763,3.308
1,9.4771,238.8,164,84,169,238.8,2.99,0.026,1.032,4.188
1,9.48044,299.1,164,76,139,299.1,2.64,0.02,0.848,3.343
1,9.48373,303.5,163,79,145,303.5,2.5,0.02,0.887,3.295
1,9.48707,299.9,163,81,139,299.9,2.47,0.02,0.85,3.334
1,9.49078,269.2,162,85,165,269.2,2.62,0.023,1.02,3.714
1,9.49454,266.5,162,90,159,266.5,2.5,0.023,0.983,3.753
1,9.49821,271.9,161,73,156,271.9,3.02,0.023,0.974,3.678
1,9.50172,285.3,159,81,137,285.3,2.6,0.022,0.864,3.505
1,9.50577,246.9,159,87,173,246.9,2.79,0.025,1.091,4.051
1,9.50919,292.6,158,84,134,292.6,2.44,0.022,0.844,3.418
1,9.51282,275.1,158,84,157,275.1,2.6,0.023,0.996,3.636
1,9.51636,282.6,157,82,145,282.6,2.59,0.023,0.924,3.538
1,9.52003,272.7,157,88,161,272.7,2.5,0.023,1.027,3.667
1,9.52358,281.3,156,85,158,281.3,2.51,0.023,1.012,3.555
1,9.5275,255.3,156,83,172,255.3,2.83,0.025,1.102,3.917
1,9.53133,261.0,155,84,155,261.0,2.74,0.025,0.994,3.831
1,9.53522,257.3,155,73,173,257.3,3.19,0.025,1.118,3.887
1,9.53845,309.7,155,80,167,309.7,2.42,0.021,1.078,3.229
1,9.54214,270.8,154,88,175,270.8,2.52,0.024,1.132,3.692
1,9.54577,275.6,154,85,142,275.6,2.56,0.024,0.92,3.629
1,9.54945,271.6,153,77,169,271.6,2.87,0.024,1.103,3.682
1,9.55296,284.9,153,86,139,284.9,2.45,0.023,0.912,3.51
1,9.55619,309.9,152,87,160,309.9,2.23,0.021,1.05,3.226
1,9.55978,278.7,153,77,138,278.7,2.8,0.024,0.906,3.588
1,9.56392,241.5,152,77,173,241.5,3.23,0.027,1.143,4.14
1,9.56717,307.0,151,80,142,307.0,2.44,0.022,0.945,3.257
1,9.57125,245.5,150,76,169,245.5,3.22,0.027,1.13,4.073
1,9.57473,286.8,149,86,140,286.8,2.43,0.023,0.936,3.487
1,9.57889,240.9,149,82,180,240.9,3.04,0.028,1.206,4.15
1,9.58227,295.1,149,84,163,295.1,2.42,0.023,1.096,3.389
1,9.58564,297.4,149,84,175,297.4,2.4,0.023,1.177,3.363
1,9.58949,259.2,149,84,181,259.2,2.76,0.026,1.216,3.858
1,9.59295,289.6,148,86,150,289.6,2.41,0.023,1.015,3.453
1,9.59643,287.5,148,83,155,287.5,2.51,0.024,1.049,3.478
1,9.60004,277.0,148,79,157,277.0,2.74,0.024,1.063,3.611
1,9.60382,264.0,147,81,195,264.0,2.81,0.026,1.322,3.788
1,9.60695,320.3,148,86,137,320.3,2.18,0.021,0.93,3.122
1,9.61055,277.6,148,83,164,277.6,2.6,0.024,1.109,3.602
1,9.61467,242.5,147,95,200,242.5,2.6,0.028,1.364,4.124
1,9.61833,273.3,146,81,183,273.3,2.71,0.025,1.254,3.659
1,9.62157,308.9,146,87,158,308.9,2.23,0.022,1.083,3.237
1,9.62517,277.5,146,88,163,277.5,2.46,0.025,1.115,3.604
1,9.6291,254.5,146,84,152,254.5,2.81,0.027,1.045,3.929
1,9.63266,280.8,145,77,138,280.8,2.78,0.025,0.953,3.562
1,9.63681,241.0,144,84,180,241.0,2.96,0.029,1.246,4.15
1,9.64294,163.1,145,86,374,163.1,4.28,0.042,2.579,6.13
1,9.64849,180.2,146,92,357,180.2,3.62,0.038,2.445,5.55
1,9.65437,170.2,147,88,365,170.2,4.01,0.04,2.489,5.875
1,9.66013,173.5,147,89,336,173.5,3.89,0.039,2.283,5.765
1,9.66575,178.0,147,87,369,178.0,3.88,0.038,2.506,5.619
1,9.67119,184.0,148,83,351,184.0,3.93,0.037,2.369,5.434
1,9.67688,175.7,149,87,375,175.7,3.92,0.038,2.518,5.691
1,9.68319,158.3,149,87,385,158.3,4.36,0.042,2.578,6.317
1,9.68917,167.3,150,87,369,167.3,4.12,0.04,2.458,5.979
1,9.69555,156.8,151,95,382,156.8,4.03,0.042,2.536,6.376
1,9.70114,178.8,151,94,368,178.8,3.57,0.037,2.436,5.594
1,9.70695,172.1,152,77,356,172.1,4.53,0.038,2.35,5.81
1,9.71285,169.7,151,92,365,169.7,3.84,0.039,2.414,5.894
1,9.7188,167.9,152,94,361,167.9,3.8,0.039,2.37,5.956
1,9.72434,180.4,152,94,342,180.4,3.54,0.036,2.241,5.542
1,9.73016,171.9,153,98,388,171.9,3.56,0.038,2.534,5.817
1,9.73574,179.4,153,92,357,179.4,3.64,0.036,2.329,5.576
1,9.7411,186.3,154,88,331,186.3,3.66,0.035,2.154,5.367
1,9.74671,178.3,154,85,348,178.3,3.96,0.036,2.257,5.61
1,9.75251,172.6,154,91,345,172.6,3.82,0.038,2.241,5.795
1,9.75786,186.9,155,86,354,186.9,3.73,0.035,2.292,5.352
1,9.7639,165.5,154,84,336,165.5,4.32,0.039,2.176,6.042
1,9.76945,180.1,155,89,332,180.1,3.74,0.036,2.143,5.552
1,9.7753,171.0,155,86,344,171.0,4.08,0.038,2.213,5.849
1,9.78139,164.3,156,90,378,164.3,4.06,0.039,2.431,6.088
1,9.78725,170.8,156,94,367,170.8,3.74,0.037,2.348,5.855
1,9.79297,174.6,157,89,351,174.6,3.86,0.037,2.241,5.727
1,9.79872,174.1,157,91,370,174.1,3.79,0.036,2.347,5.743
1,9.80462,169.4,158,87,392,169.4,4.07,0.037,2.477,5.902
1,9.81013,181.4,159,97,346,181.4,3.41,0.035,2.176,5.514
1,9.81616,165.9,159,97,363,165.9,3.73,0.038,2.286,6.028
1,9.82165,182.1,158,94,345,182.1,3.5,0.035,2.182,5.49
1,9.8274,174.0,159,83,375,174.0,4.15,0.036,2.366,5.747
1,9.83322,171.7,158,90,354,171.7,3.88,0.037,2.232,5.823
1,9.83923,166.4,159,97,392,166.4,3.72,0.038,2.467,6.009
1,9.845,173.3,159,87,381,173.3,3.98,0.036,2.394,5.77
1,9.85064,177.3,159,83,312,177.3,4.08,0.035,1.959,5.641
1,9.85645,172.3,159,86,357,172.3,4.05,0.036,2.244,5.804
1,9.86169,190.5,159,83,326,190.5,3.79,0.033,2.046,5.249
1,9.86719,181.8,160,93,364,181.8,3.55,0.034,2.275,5.5
1,9.873,172.3,160,89,354,172.3,3.91,0.036,2.21,5.805
1,9.87847,182.7,161,88,363,182.7,3.73,0.034,2.253,5.473
1,9.88394,182.8,161,83,343,182.8,3.95,0.034,2.124,5.47
1,9.88993,167.1,161,91,361,167.1,3.95,0.037,2.242,5.985
1,9.89584,169.1,161,91,368,169.1,3.9,0.037,2.29,5.915
1,9.90154,175.6,161,91,353,175.6,3.75,0.035,2.193,5.695
1,9.90704,181.8,161,97,342,181.8,3.4,0.034,2.122,5.501
1,9.91295,169.1,161,88,379,169.1,4.03,0.037,2.347,5.914
1,9.91875,172.4,162,100,360,172.4,3.48,0.036,2.223,5.8
1,9.92402,189.6,161,88,338,189.6,3.6,0.033,2.095,5.274
1,9.93008,165.0,162,90,370,165.0,4.04,0.037,2.289,6.06
1,9.93611,166.0,163,93,361,166.0,3.89,0.037,2.221,6.026
1,9.94124,195.0,162,91,334,195.0,3.38,0.032,2.059,5.128
1,9.94661,186.3,163,87,349,186.3,3.7,0.033,2.142,5.369
1,9.95283,160.7,164,87,372,160.7,4.29,0.038,2.271,6.222
1,9.95825,184.6,164,89,343,184.6,3.65,0.033,2.095,5.417
1,9.96447,160.7,163,91,376,160.7,4.1,0.038,2.299,6.224
1,9.97035,169.9,164,97,374,169.9,3.64,0.036,2.285,5.885
1,9.97533,201.1,164,89,333,201.1,3.35,0.03,2.029,4.972
1,9.98081,182.2,163,86,340,182.2,3.83,0.034,2.078,5.489
1,9.98474,254.5,163,79,174,254.5,2.98,0.024,1.072,3.93
1,9.9887,252.7,162,91,182,252.7,2.61,0.024,1.122,3.958
1,9.99268,251.3,162,84,173,251.3,2.84,0.025,1.072,3.979
1,9.99657,257.3,160,82,179,257.3,2.84,0.024,1.117,3.887
1,10.00073,240.5,160,78,203,240.5,3.2,0.026,1.273,4.158
1,10.00532,217.6,159,94,196,217.6,2.93,0.029,1.228,4.596
1,10.00918,259.2,159,89,179,259.2,2.6,0.024,1.124,3.859
1,10.01272,282.4,159,85,166,282.4,2.5,0.022,1.042,3.541
1,10.01647,266.6,158,82,185,266.6,2.74,0.024,1.168,3.751
1,10.02059,242.6,158,85,182,242.6,2.91,0.026,1.154,4.123
1,10.02483,236.3,158,82,184,236.3,3.1,0.027,1.169,4.232
1,10.02882,250.5,156,79,165,250.5,3.03,0.026,1.053,3.993
1,10.03338,219.2,157,79,188,219.2,3.46,0.029,1.202,4.562
1,10.03689,284.6,156,92,175,284.6,2.29,0.023,1.124,3.513
1,10.04052,276.1,155,85,173,276.1,2.56,0.023,1.114,3.622
1,10.04494,226.1,155,85,199,226.1,3.12,0.029,1.281,4.423
1,10.04889,252.8,155,92,179,252.8,2.58,0.026,1.156,3.956
1,10.052,321.7,154,83,162,321.7,2.25,0.02,1.054,3.108
1,10.05546,289.0,153,83,169,289.0,2.5,0.023,1.099,3.46
1,10.0593,260.8,154,87,172,260.8,2.64,0.025,1.119,3.834
1,10.0632,255.9,153,85,179,255.9,2.76,0.026,1.167,3.907
1,10.06708,257.8,153,79,186,257.8,2.95,0.025,1.214,3.879
1,10.07096,257.9,152,81,184,257.9,2.87,0.025,1.205,3.878
1,10.07507,243.6,152,80,177,243.6,3.08,0.027,1.163,4.105
1,10.07899,255.1,152,82,177,255.1,2.87,0.026,1.164,3.92
1,10.08299,249.8,152,83,210,249.8,2.89,0.026,1.386,4.004
1,10.08699,250.0,151,84,179,250.0,2.86,0.026,1.183,4.001
1,10.09112,242.0,151,92,186,242.0,2.69,0.027,1.234,4.132
1,10.09485,268.3,150,80,160,268.3,2.79,0.025,1.07,3.727
1,10.09851,273.1,149,83,166,273.1,2.65,0.025,1.111,3.662
1,10.1017,313.9,149,86,143,313.9,2.22,0.021,0.958,3.185
1,10.10572,248.3,149,81,181,248.3,2.98,0.027,1.218,4.027
1,10.11009,229.0,149,85,195,229.0,3.08,0.029,1.308,4.367
1,10.11385,266.3,148,73,169,266.3,3.09,0.025,1.139,3.756
1,10.11806,237.2,148,82,190,237.2,3.08,0.028,1.285,4.216
1,10.1223,236.0,148,86,179,236.0,2.96,0.029,1.205,4.237
1,10.12613,260.9,148,84,186,260.9,2.74,0.026,1.255,3.833
1,10.13006,254.7,149,82,189,254.7,2.87,0.026,1.27,3.926
1,10.13419,242.2,149,85,180,242.2,2.91,0.028,1.214,4.128
1,10.13853,229.9,148,87,216,229.9,3.0,0.029,1.453,4.349
1,10.14251,251.3,148,83,180,251.3,2.88,0.027,1.216,3.979
1,10.14641,256.4,148,87,157,256.4,2.69,0.026,1.059,3.9
1,10.15067,235.1,147,87,185,235.1,2.93,0.029,1.254,4.253
1,10.15471,247.2,146,85,173,247.2,2.86,0.028,1.178,4.045
1,10.15864,254.5,147,90,191,254.5,2.62,0.027,1.297,3.93
1,10.16233,270.9,146,80,184,270.9,2.77,0.025,1.253,3.692
1,10.167,214.4,146,88,193,214.4,3.18,0.032,1.317,4.663
1,10.17078,264.0,146,88,189,264.0,2.58,0.026,1.295,3.788
1,10.17516,228.2,145,83,211,228.2,3.17,0.03,1.458,4.382
1,10.17932,240.7,145,81,201,240.7,3.08,0.029,1.391,4.155
1,10.18364,231.4,144,84,214,231.4,3.09,0.03,1.489,4.321
1,10.18746,262.0,143,82,166,262.0,2.79,0.027,1.156,3.817
1,10.19141,252.9,144,86,176,252.9,2.76,0.028,1.228,3.954
1,10.19544,248.5,144,83,198,248.5,2.91,0.028,1.38,4.024
1,10.19848,328.9,144,87,160,328.9,2.1,0.021,1.106,3.041
1,10.20207,278.1,144,87,204,278.1,2.48,0.025,1.42,3.596
1,10.20596,257.0,144,89,172,257.0,2.62,0.027,1.197,3.89
1,10.21022,234.9,143,86,194,234.9,2.97,0.03,1.355,4.257
1,10.21462,227.2,143,85,226,227.2,3.11,0.031,1.582,4.401
1,10.2189,234.0,143,88,193,234.0,2.91,0.03,1.345,4.274
1,10.2225,277.4,142,81,153,277.4,2.67,0.025,1.081,3.605
1,10.22642,254.9,142,82,169,254.9,2.87,0.028,1.194,3.923
1,10.23026,260.6,141,83,161,260.6,2.77,0.027,1.142,3.838
1,10.23388,276.6,142,82,201,276.6,2.65,0.025,1.416,3.615
1,10.23751,275.4,141,95,176,275.4,2.29,0.026,1.245,3.631
1,10.24203,221.2,141,86,190,221.2,3.15,0.032,1.345,4.521
1,10.24607,247.3,141,80,176,247.3,3.03,0.029,1.252,4.044
1,10.25011,247.8,140,85,177,247.8,2.85,0.029,1.258,4.036
1,10.2539,263.3,141,84,185,263.3,2.71,0.027,1.315,3.798
1,10.25824,230.5,140,80,195,230.5,3.25,0.031,1.389,4.337
1,10.26197,268.6,141,87,174,268.6,2.57,0.026,1.235,3.723
1,10.2661,242.0,142,87,189,242.0,2.85,0.029,1.334,4.132
1,10.26973,275.1,142,89,169,275.1,2.45,0.026,1.191,3.636
1,10.27383,243.8,142,82,214,243.8,3.0,0.029,1.505,4.101
1,10.27779,253.1,142,80,196,253.1,2.96,0.028,1.382,3.951
1,10.28185,245.8,141,82,175,245.8,2.98,0.029,1.238,4.069
1,10.28577,255.7,141,82,185,255.7,2.86,0.028,1.31,3.91
1,10.2897,254.5,141,87,179,254.5,2.71,0.028,1.27,3.93
1,10.29333,275.5,141,91,184,275.5,2.39,0.026,1.304,3.63
1,10.29701,271.0,141,86,152,271.0,2.57,0.026,1.077,3.69
1,10.30077,266.5,141,77,199,266.5,2.92,0.027,1.416,3.753
1,10.30512,229.7,141,77,190,229.7,3.39,0.031,1.35,4.354
1,10.3095,228.3,141,82,188,228.3,3.21,0.031,1.338,4.381
1,10.31397,223.8,141,81,196,223.8,3.31,0.032,1.393,4.468
1,10.31768,269.6,141,84,181,269.6,2.65,0.026,1.282,3.709
1,10.32169,249.1,141,82,186,249.1,2.94,0.028,1.318,4.014
1,10.32566,252.4,141,83,181,252.4,2.86,0.028,1.282,3.962
1,10.32947,262.3,141,81,188,262.3,2.82,0.027,1.333,3.812
1,10.33359,242.5,141,83,187,242.5,2.98,0.029,1.331,4.123
1,10.33791,231.6,141,82,198,231.6,3.16,0.031,1.405,4.319
1,10.34213,237.0,141,85,218,237.0,2.98,0.03,1.541,4.219
1,10.34579,273.5,141,83,161,273.5,2.64,0.026,1.138,3.656
1,10.34967,257.7,142,82,192,257.7,2.84,0.027,1.359,3.881
1,10.35362,252.9,142,89,169,252.9,2.67,0.028,1.187,3.954
1,10.358,228.5,142,85,173,228.5,3.09,0.031,1.221,4.376
1,10.36201,249.1,142,74,185,249.1,3.25,0.028,1.305,4.014
1,10.36556,281.3,142,83,155,281.3,2.57,0.025,1.095,3.555
1,10.36927,269.5,141,83,169,269.5,2.68,0.026,1.195,3.711
1,10.37266,295.3,141,89,180,295.3,2.28,0.024,1.28,3.386
1,10.37643,265.6,141,83,184,265.6,2.72,0.027,1.31,3.765
1,10.38039,252.3,140,85,177,252.3,2.8,0.028,1.267,3.963
1,10.38416,265.1,141,83,167,265.1,2.73,0.027,1.19,3.772
1,10.38817,249.8,141,80,204,249.8,3.0,0.028,1.443,4.004
1,10.39183,273.1,141,87,178,273.1,2.53,0.026,1.264,3.662
1,10.39575,254.9,141,89,203,254.9,2.64,0.028,1.437,3.923
1,10.3995,266.6,141,86,173,266.6,2.62,0.027,1.225,3.75
1,10.40313,275.8,141,83,177,275.8,2.62,0.026,1.258,3.626
1,10.40709,252.0,141,82,160,252.0,2.9,0.028,1.131,3.968
1,10.4108,269.9,141,81,191,269.9,2.74,0.026,1.351,3.705
1,10.41447,272.4,142,87,172,272.4,2.53,0.026,1.213,3.671
1,10.41831,260.7,141,77,172,260.7,2.99,0.027,1.219,3.836
1,10.42238,245.6,142,87,211,245.6,2.81,0.029,1.489,4.071
1,10.42592,282.4,142,85,154,282.4,2.5,0.025,1.085,3.541
1,10.42978,258.9,142,80,171,258.9,2.9,0.027,1.207,3.863
1,10.43361,261.4,143,80,158,261.4,2.87,0.027,1.108,3.826
1,10.43755,253.6,142,87,158,253.6,2.72,0.028,1.113,3.943
1,10.44132,265.3,142,82,194,265.3,2.76,0.027,1.363,3.77
1,10.44579,223.7,142,86,207,223.7,3.12,0.031,1.457,4.471
1,10.44964,259.7,142,87,191,259.7,2.66,0.027,1.343,3.85
1,10.45316,283.7,142,81,152,283.7,2.61,0.025,1.069,3.525
1,10.45974,152.0,143,97,426,152.0,4.07,0.046,2.986,6.579
1,10.46564,169.5,143,94,429,169.5,3.76,0.041,2.999,5.898
1,10.4726,143.8,144,93,442,143.8,4.49,0.048,3.067,6.956
1,10.47913,153.0,146,97,420,153.0,4.04,0.045,2.883,6.537
1,10.48601,145.4,146,92,435,145.4,4.49,0.047,2.979,6.878
1,10.49272,149.0,147,95,425,149.0,4.24,0.046,2.903,6.711
1,10.49964,144.5,147,98,466,144.5,4.24,0.047,3.173,6.919
1,10.50638,148.4,147,85,436,148.4,4.76,0.046,2.959,6.736
1,10.51301,150.9,148,92,456,150.9,4.32,0.045,3.092,6.627
1,10.51968,149.8,147,87,450,149.8,4.6,0.045,3.051,6.677
1,10.52636,149.9,149,91,456,149.9,4.4,0.045,3.073,6.673
1,10.53306,149.1,149,94,457,149.1,4.28,0.045,3.064,6.709
1,10.54019,140.4,151,91,478,140.4,4.7,0.047,3.167,7.125
1,10.54695,148.0,152,95,469,148.0,4.27,0.044,3.087,6.756
1,10.55396,142.5,153,89,448,142.5,4.73,0.046,2.935,7.016
1,10.56118,138.5,154,89,480,138.5,4.87,0.047,3.125,7.22
1,10.56841,138.3,154,92,499,138.3,4.72,0.047,3.238,7.231
1,10.57592,133.2,155,98,478,133.2,4.6,0.049,3.092,7.51
1,10.58322,137.1,155,96,475,137.1,4.56,0.047,3.061,7.293
1,10.58995,148.5,156,97,471,148.5,4.17,0.043,3.017,6.736
1,10.59723,137.3,156,91,475,137.3,4.8,0.047,3.04,7.283
1,10.60396,148.6,157,101,480,148.6,4.0,0.043,3.065,6.727
1,10.61075,147.3,157,82,459,147.3,4.97,0.043,2.915,6.788
1,10.61692,162.1,157,92,440,162.1,4.02,0.039,2.792,6.171
1,10.62361,149.6,157,93,442,149.6,4.31,0.043,2.814,6.684
1,10.63031,149.1,158,92,448,149.1,4.37,0.042,2.831,6.706
1,10.63681,153.8,158,92,434,153.8,4.24,0.041,2.754,6.503
1,10.64388,141.5,159,93,478,141.5,4.56,0.045,3.013,7.066
1,10.65052,150.6,159,100,460,150.6,3.99,0.042,2.885,6.642
1,10.65719,149.9,160,94,457,149.9,4.26,0.042,2.862,6.672
1,10.66377,152.1,160,95,433,152.1,4.15,0.041,2.702,6.574
1,10.66982,165.2,161,97,387,165.2,3.74,0.038,2.41,6.052
1,10.6765,149.8,161,87,455,149.8,4.61,0.041,2.824,6.677
1,10.68285,157.4,161,87,414,157.4,4.38,0.039,2.565,6.352
1,10.68927,155.8,162,87,414,155.8,4.43,0.04,2.553,6.418
1,10.69578,153.6,163,91,423,153.6,4.29,0.04,2.6,6.512
1,10.70218,156.3,163,91,419,156.3,4.22,0.039,2.576,6.399
1,10.70898,147.0,163,94,410,147.0,4.34,0.042,2.519,6.804
1,10.71469,175.2,163,97,395,175.2,3.53,0.035,2.418,5.706
1,10.72111,155.8,163,100,407,155.8,3.85,0.039,2.5,6.418
1,10.72726,162.4,162,90,407,162.4,4.1,0.038,2.503,6.156
1,10.7339,150.7,163,86,429,150.7,4.63,0.041,2.63,6.634
1,10.73996,165.0,163,92,368,165.0,3.95,0.037,2.263,6.061
1,10.74623,159.5,164,93,402,159.5,4.05,0.038,2.453,6.27
1,10.75263,156.2,164,84,370,156.2,4.57,0.039,2.253,6.4
1,10.75914,153.6,166,93,407,153.6,4.2,0.039,2.454,6.51
1,10.76483,175.6,166,87,385,175.6,3.93,0.034,2.323,5.693
1,10.77075,169.0,166,87,393,169.0,4.08,0.036,2.37,5.917
1,10.77659,171.0,166,93,391,171.0,3.77,0.035,2.357,5.848
1,10.78216,179.5,166,87,395,179.5,3.84,0.034,2.388,5.571
1,10.78834,162.0,166,97,389,162.0,3.82,0.037,2.337,6.173
1,10.79399,176.8,167,91,357,176.8,3.73,0.034,2.14,5.656
1,10.80003,165.8,167,100,416,165.8,3.62,0.036,2.489,6.032
1,10.80635,158.2,167,89,373,158.2,4.26,0.038,2.233,6.321
1,10.81264,158.9,167,93,388,158.9,4.06,0.038,2.324,6.294
1,10.81842,173.0,167,88,362,173.0,3.94,0.035,2.159,5.78
1,10.82458,162.3,168,86,430,162.3,4.3,0.037,2.566,6.161
1,10.83445,101.3,169,104,757,101.3,5.7,0.058,4.483,9.873
1,10.84491,95.7,171,98,784,95.7,6.4,0.061,4.597,10.454
1,10.85513,97.9,172,106,799,97.9,5.78,0.059,4.644,10.219
1,10.86572,94.4,174,110,806,94.4,5.78,0.061,4.634,10.592
1,10.87316,134.4,175,92,543,134.4,4.85,0.043,3.11,7.44
1,10.88071,132.5,175,90,532,132.5,5.03,0.043,3.033,7.55
1,10.88785,140.0,176,90,507,140.0,4.76,0.041,2.886,7.142
1,10.89142,279.8,174,86,143,279.8,2.49,0.021,0.819,3.574
1,10.89515,268.3,173,82,152,268.3,2.73,0.022,0.878,3.727
1,10.89878,275.6,172,82,147,275.6,2.66,0.021,0.855,3.629
1,10.90198,312.5,171,77,124,312.5,2.49,0.019,0.724,3.2
1,10.90628,232.8,171,88,181,232.8,2.93,0.025,1.062,4.296
1,10.90959,301.8,170,87,134,301.8,2.29,0.019,0.785,3.314
1,10.91258,334.0,169,86,155,334.0,2.09,0.018,0.916,2.994
1,10.91655,252.1,168,89,177,252.1,2.67,0.024,1.058,3.967
1,10.91999,291.2,167,78,178,291.2,2.64,0.021,1.067,3.434
1,10.92395,252.3,167,87,180,252.3,2.73,0.024,1.078,3.964
1,10.92752,279.9,166,85,170,279.9,2.52,0.022,1.023,3.573
1,10.93065,319.9,167,83,154,319.9,2.26,0.019,0.924,3.126
1,10.93403,295.5,166,83,153,295.5,2.45,0.02,0.922,3.384
1,10.93752,286.8,165,84,156,286.8,2.49,0.021,0.949,3.487
1,10.94145,254.3,165,79,166,254.3,2.99,0.024,1.009,3.933
1,10.94449,329.8,164,82,116,329.8,2.22,0.018,0.706,3.032
1,10.94779,302.2,163,88,128,302.2,2.26,0.02,0.782,3.309
1,10.95132,283.5,163,93,170,283.5,2.28,0.022,1.041,3.527
1,10.95425,342.0,163,85,143,342.0,2.06,0.018,0.879,2.924
1,10.95816,255.5,162,81,172,255.5,2.9,0.024,1.059,3.914
1,10.96209,254.2,162,84,176,254.2,2.81,0.024,1.086,3.934
1,10.96599,256.4,162,85,165,256.4,2.75,0.024,1.019,3.9
1,10.97025,234.8,162,81,176,234.8,3.16,0.026,1.084,4.26
1,10.9743,247.2,162,84,204,247.2,2.89,0.025,1.264,4.045
1,10.97804,267.4,161,82,172,267.4,2.74,0.023,1.07,3.74
1,10.98185,262.5,160,81,154,262.5,2.82,0.024,0.96,3.81
1,10.98536,284.8,160,87,170,284.8,2.42,0.022,1.06,3.512
1,10.98929,254.8,159,84,157,254.8,2.8,0.025,0.984,3.925
1,10.99321,255.0,159,83,163,255.0,2.84,0.025,1.027,3.922
1,10.99688,272.5,158,85,150,272.5,2.59,0.023,0.948,3.67
1,11.00084,252.4,157,84,184,252.4,2.83,0.025,1.174,3.962
1,11.00476,255.1,156,87,133,255.1,2.7,0.025,0.851,3.919
1,11.00886,244.0,156,89,178,244.0,2.76,0.026,1.142,4.098
1,11.01219,300.3,155,82,151,300.3,2.44,0.022,0.977,3.33
1,11.01572,283.2,155,87,154,283.2,2.43,0.023,0.999,3.531
1,11.01944,269.0,155,87,185,269.0,2.56,0.024,1.197,3.718
1,11.02334,256.4,154,83,193,256.4,2.82,0.025,1.247,3.899
1,11.02673,294.4,154,87,154,294.4,2.34,0.022,1.005,3.396
1,11.03067,253.8,153,86,165,253.8,2.75,0.026,1.08,3.941
1,11.03466,250.8,153,77,148,250.8,3.11,0.026,0.973,3.987
1,11.03851,259.5,152,80,179,259.5,2.89,0.025,1.181,3.853
1,11.0423,263.8,151,79,161,263.8,2.88,0.025,1.064,3.79
1,11.04622,255.5,151,83,191,255.5,2.83,0.026,1.268,3.915
1,11.04918,338.0,150,87,140,338.0,2.04,0.02,0.934,2.959
1,11.05306,257.8,150,84,161,257.8,2.77,0.026,1.077,3.879
1,11.05708,248.7,149,81,161,248.7,2.98,0.027,1.079,4.02
1,11.0608,268.7,150,83,179,268.7,2.69,0.025,1.19,3.722
1,11.06478,251.1,150,86,168,251.1,2.78,0.027,1.121,3.982
1,11.06889,243.3,150,88,171,243.3,2.8,0.027,1.141,4.109
1,11.07241,284.1,150,78,119,284.1,2.71,0.024,0.797,3.52
1,11.07539,335.8,150,78,119,335.8,2.29,0.02,0.794,2.978
1,11.07948,244.4,149,90,166,244.4,2.73,0.027,1.114,4.092
1,11.08293,289.9,149,81,151,289.9,2.55,0.023,1.009,3.449
1,11.08666,268.2,150,82,173,268.2,2.73,0.025,1.155,3.728
1,11.09017,284.5,149,90,165,284.5,2.34,0.024,1.11,3.515
1,11.09422,246.9,149,84,149,246.9,2.89,0.027,0.995,4.05
1,11.09978,179.9,151,92,356,179.9,3.63,0.037,2.363,5.56
1,11.10526,182.5,150,84,346,182.5,3.91,0.036,2.302,5.479
1,11.11106,172.5,150,93,342,172.5,3.74,0.039,2.287,5.795
1,11.11686,172.3,150,97,366,172.3,3.59,0.039,2.444,5.803
1,11.12187,199.8,150,90,345,199.8,3.34,0.033,2.301,5.006
1,11.12732,183.4,150,89,359,183.4,3.68,0.036,2.391,5.453
1,11.13275,184.1,151,92,337,184.1,3.54,0.036,2.233,5.433
1,11.13867,169.0,151,87,367,169.0,4.08,0.039,2.43,5.916
1,11.14431,177.2,152,84,339,177.2,4.03,0.037,2.233,5.643
1,11.14946,194.3,152,96,363,194.3,3.22,0.034,2.381,5.146
1,11.15534,170.0,153,93,367,170.0,3.79,0.039,2.409,5.881
1,11.1619,152.5,152,87,359,152.5,4.52,0.043,2.354,6.558
1,11.16758,175.8,153,89,371,175.8,3.83,0.037,2.421,5.688
1,11.17343,171.0,153,88,374,171.0,3.99,0.038,2.449,5.848
1,11.17949,165.0,153,89,377,165.0,4.09,0.04,2.46,6.061
1,11.18566,162.2,154,91,355,162.2,4.07,0.04,2.303,6.166
1,11.19122,179.8,155,90,355,179.8,3.71,0.036,2.295,5.563
1,11.1977,154.5,156,93,407,154.5,4.18,0.042,2.614,6.474
1,11.20328,179.0,155,94,341,179.0,3.57,0.036,2.191,5.586
1,11.20898,175.5,156,91,357,175.5,3.76,0.037,2.296,5.696
1,11.21484,170.6,156,88,323,170.6,4.0,0.038,2.07,5.862
1,11.22054,175.4,156,88,328,175.4,3.89,0.037,2.109,5.7
1,11.22602,182.5,155,91,338,182.5,3.61,0.035,2.176,5.48
1,11.23225,160.4,156,92,370,160.4,4.07,0.04,2.378,6.234
1,11.23797,175.1,156,83,338,175.1,4.13,0.037,2.165,5.711
1,11.2439,168.4,156,94,386,168.4,3.79,0.038,2.466,5.937
1,11.2499,166.7,156,91,371,166.7,3.96,0.039,2.38,5.999
1,11.25601,163.6,156,90,384,163.6,4.07,0.039,2.456,6.111
1,11.26106,198.0,157,92,334,198.0,3.29,0.032,2.124,5.05
1,11.26692,170.6,158,87,364,170.6,4.04,0.037,2.312,5.86
1,11.27259,176.5,157,87,344,176.5,3.91,0.036,2.19,5.667
1,11.27872,163.2,158,94,377,163.2,3.91,0.039,2.391,6.128
1,11.28475,165.9,158,92,341,165.9,3.93,0.038,2.161,6.029
1,11.29015,185.0,158,88,367,185.0,3.68,0.034,2.33,5.404
1,11.29646,158.5,159,81,369,158.5,4.67,0.04,2.327,6.31
1,11.30208,177.9,158,91,369,177.9,3.71,0.035,2.329,5.623
1,11.30773,177.2,159,92,368,177.2,3.68,0.036,2.318,5.643
1,11.31341,176.1,159,88,346,176.1,3.87,0.036,2.176,5.68
1,11.31924,171.6,159,95,368,171.6,3.68,0.037,2.312,5.829
1,11.32481,179.5,159,94,356,179.5,3.56,0.035,2.238,5.572
1,11.33067,170.6,160,102,383,170.6,3.45,0.037,2.399,5.862
1,11.33683,162.3,160,89,383,162.3,4.15,0.039,2.394,6.162
1,11.343,162.1,160,92,369,162.1,4.02,0.039,2.302,6.17
1,11.34887,170.5,160,89,369,170.5,3.95,0.037,2.306,5.865
1,11.35448,178.3,160,92,380,178.3,3.66,0.035,2.374,5.61
1,11.36061,163.0,161,99,371,163.0,3.72,0.038,2.308,6.133
1,11.36624,177.6,160,92,353,177.6,3.67,0.035,2.203,5.632
1,11.37167,184.2,160,90,366,184.2,3.62,0.034,2.286,5.428
1,11.37705,185.7,160,93,341,185.7,3.47,0.034,2.136,5.384
1,11.38262,179.7,160,99,385,179.7,3.37,0.035,2.41,5.563
1,11.38835,174.5,160,86,368,174.5,4.0,0.036,2.299,5.732
1,11.39419,171.0,160,86,355,171.0,4.08,0.036,2.218,5.846
1,11.3999,175.1,161,87,362,175.1,3.94,0.036,2.253,5.71
1,11.40581,169.3,161,85,386,169.3,4.17,0.037,2.403,5.905
1,11.41119,185.7,161,88,328,185.7,3.67,0.033,2.033,5.385
1,11.41694,174.1,161,90,373,174.1,3.83,0.036,2.315,5.742
1,11.42241,182.6,161,93,328,182.6,3.53,0.034,2.035,5.477
1,11.42805,177.3,161,88,377,177.3,3.85,0.035,2.336,5.64
1,11.43408,165.9,161,89,367,165.9,4.06,0.037,2.274,6.026
1,11.43969,178.3,162,91,351,178.3,3.7,0.035,2.172,5.608
1,11.44337,271.5,162,84,152,271.5,2.63,0.023,0.941,3.684
1,11.44722,259.8,161,83,187,259.8,2.78,0.024,1.159,3.849
1,11.45168,224.2,160,82,203,224.2,3.26,0.028,1.262,4.461
1,11.45571,248.2,160,84,202,248.2,2.88,0.025,1.26,4.029
1,11.46001,232.6,159,86,179,232.6,3.0,0.027,1.125,4.3
1,11.46406,246.9,159,86,190,246.9,2.83,0.026,1.199,4.05
1,11.46826,238.1,158,84,188,238.1,3.0,0.027,1.191,4.2
1,11.4722,253.7,157,82,161,253.7,2.88,0.025,1.023,3.942
1,11.47661,226.9,156,89,201,226.9,2.97,0.028,1.285,4.407
1,11.48032,269.2,156,84,200,269.2,2.65,0.024,1.286,3.714
1,11.48386,282.3,155,83,142,282.3,2.56,0.023,0.918,3.542
1,11.48765,264.1,156,83,195,264.1,2.74,0.024,1.25,3.786
1,11.49188,236.6,156,82,190,236.6,3.09,0.027,1.22,4.226
1,11.49538,285.4,155,83,165,285.4,2.53,0.023,1.066,3.504
1,11.49919,262.4,155,88,149,262.4,2.6,0.025,0.964,3.811
1,11.50293,267.8,154,85,199,267.8,2.64,0.024,1.287,3.733
1,11.50736,225.5,154,90,183,225.5,2.96,0.029,1.185,4.434
1,11.51161,235.2,154,88,198,235.2,2.9,0.028,1.282,4.252
1,11.51588,234.5,153,87,165,234.5,2.94,0.028,1.079,4.265
1,11.5199,248.7,152,82,197,248.7,2.94,0.026,1.291,4.021
1,11.52351,277.1,151,82,147,277.1,2.64,0.024,0.969,3.608
1,11.52712,276.8,150,88,162,276.8,2.46,0.024,1.079,3.612
1,11.53129,239.5,150,81,176,239.5,3.09,0.028,1.172,4.175
1,11.53453,308.5,150,83,164,308.5,2.34,0.022,1.097,3.241
1,11.53818,274.4,149,86,184,274.4,2.54,0.025,1.239,3.644
1,11.54223,247.1,148,81,189,247.1,3.0,0.027,1.277,4.046
1,11.5461,258.0,148,86,154,258.0,2.7,0.026,1.038,3.877
1,11.54972,276.3,148,78,172,276.3,2.78,0.025,1.163,3.619
1,11.55321,286.9,147,86,152,286.9,2.43,0.024,1.031,3.486
1,11.55707,258.9,147,80,161,258.9,2.9,0.026,1.093,3.862
1,11.56097,256.6,147,82,215,256.6,2.85,0.027,1.464,3.897
1,11.56489,254.7,147,83,183,254.7,2.84,0.027,1.246,3.926
1,11.56811,310.7,146,80,161,310.7,2.41,0.022,1.107,3.218
1,11.57139,304.5,145,83,164,304.5,2.37,0.023,1.128,3.284
1,11.5754,249.8,145,79,199,249.8,3.04,0.028,1.37,4.002
1,11.5789,285.1,145,87,170,285.1,2.42,0.024,1.172,3.508
1,11.5829,250.2,144,84,183,250.2,2.85,0.028,1.274,3.996
1,11.58658,271.8,144,83,185,271.8,2.66,0.026,1.286,3.679
1,11.5899,301.0,144,78,161,301.0,2.56,0.023,1.121,3.323
1,11.59429,228.1,143,87,206,228.1,3.02,0.031,1.434,4.384
1,11.59859,232.2,143,82,181,232.2,3.15,0.03,1.264,4.306
1,11.60244,259.6,143,86,170,259.6,2.69,0.027,1.189,3.852
1,11.6061,273.9,143,87,200,273.9,2.52,0.026,1.398,3.652
1,11.61036,234.8,143,83,204,234.8,3.08,0.03,1.428,4.26
1,11.61409,267.6,143,84,196,267.6,2.67,0.026,1.375,3.737
1,11.6181,249.3,143,83,200,249.3,2.9,0.028,1.404,4.011
1,11.62171,277.2,142,83,177,277.2,2.61,0.025,1.247,3.607
1,11.62548,265.5,143,88,196,265.5,2.57,0.026,1.376,3.766
1,11.62887,294.5,143,87,176,294.5,2.34,0.024,1.236,3.396
1,11.63322,229.9,142,84,193,229.9,3.11,0.031,1.361,4.349
1,11.63712,256.2,142,80,200,256.2,2.93,0.027,1.405,3.903
1,11.64123,243.5,142,84,170,243.5,2.93,0.029,1.195,4.107
1,11.64466,291.6,142,89,163,291.6,2.31,0.024,1.152,3.429
1,11.64849,261.1,142,86,193,261.1,2.67,0.027,1.364,3.83
1,11.65264,241.0,141,79,193,241.0,3.15,0.029,1.365,4.149
1,11.65625,277.0,141,83,135,277.0,2.61,0.026,0.959,3.61
1,11.66042,239.5,141,90,202,239.5,2.78,0.03,1.43,4.175
1,11.66438,252.6,141,87,200,252.6,2.73,0.028,1.417,3.958
1,11.66848,244.0,141,83,188,244.0,2.96,0.029,1.336,4.099
1,11.67256,244.9,141,85,218,244.9,2.88,0.029,1.542,4.083
1,11.6768,235.8,141,86,196,235.8,2.96,0.03,1.392,4.24
1,11.68051,269.9,141,80,203,269.9,2.78,0.026,1.436,3.705
1,11.68497,224.3,141,86,193,224.3,3.11,0.032,1.365,4.458
1,11.68914,239.9,141,81,169,239.9,3.09,0.029,1.194,4.169
1,11.69365,221.4,141,83,194,221.4,3.26,0.032,1.375,4.516
1,11.69795,232.9,141,86,212,232.9,3.0,0.03,1.505,4.294
1,11.70207,242.6,141,89,188,242.6,2.78,0.029,1.334,4.122
1,11.7057,275.2,141,84,163,275.2,2.6,0.026,1.155,3.634
1,11.7099,238.4,141,77,214,238.4,3.27,0.03,1.52,4.194
1,11.71373,260.9,140,88,198,260.9,2.61,0.027,1.409,3.834
1,11.71777,247.4,140,83,204,247.4,2.92,0.029,1.456,4.042
1,11.72178,249.7,141,84,191,249.7,2.86,0.028,1.355,4.005
1,11.72525,288.1,140,82,170,288.1,2.54,0.025,1.212,3.471
1,11.72913,257.6,140,80,146,257.6,2.91,0.028,1.045,3.881
1,11.7332,245.9,140,86,165,245.9,2.84,0.029,1.178,4.067
1,11.73734,241.3,140,86,177,241.3,2.89,0.03,1.261,4.145
1,11.7416,234.9,140,86,223,234.9,2.97,0.03,1.592,4.258
1,11.74538,264.2,141,88,208,264.2,2.58,0.027,1.472,3.784
1,11.74896,279.5,141,79,164,279.5,2.72,0.025,1.161,3.577
1,11.75226,302.9,141,84,169,302.9,2.36,0.023,1.194,3.302
1,11.75587,277.1,140,77,153,277.1,2.81,0.026,1.087,3.609
1,11.75966,264.1,141,86,184,264.1,2.64,0.027,1.305,3.786
1,11.76352,259.0,141,83,184,259.0,2.79,0.027,1.307,3.861
1,11.76723,269.2,140,86,163,269.2,2.59,0.026,1.161,3.715
1,11.77159,229.2,140,88,215,229.2,2.97,0.031,1.536,4.362
1,11.77561,249.2,140,86,178,249.2,2.8,0.029,1.276,4.013
1,11.77913,283.9,140,84,184,283.9,2.52,0.025,1.313,3.523
1,11.7832,245.8,140,92,182,245.8,2.65,0.029,1.3,4.069
1,11.78698,264.5,140,80,184,264.5,2.84,0.027,1.314,3.78
1,11.79069,269.8,140,82,174,269.8,2.71,0.027,1.245,3.706
1,11.79449,263.2,140,84,161,263.2,2.71,0.027,1.152,3.8
1,11.79819,269.7,140,79,167,269.7,2.82,0.027,1.2,3.708
1,11.80178,278.5,139,78,185,278.5,2.76,0.026,1.331,3.591
1,11.80587,244.6,139,85,184,244.6,2.89,0.029,1.319,4.088
1,11.80955,271.6,140,85,175,271.6,2.6,0.026,1.253,3.682
1,11.81389,230.6,140,91,189,230.6,2.86,0.031,1.356,4.337
1,11.81791,249.1,139,90,178,249.1,2.68,0.029,1.28,4.015
1,11.82156,273.6,138,81,177,273.6,2.71,0.026,1.278,3.655
1,11.8258,235.7,139,87,177,235.7,2.93,0.031,1.28,4.242
1,11.83031,222.0,138,89,197,222.0,3.04,0.033,1.426,4.505
1,11.83476,224.5,137,84,210,224.5,3.18,0.032,1.53,4.454
1,11.83827,285.2,137,84,159,285.2,2.5,0.026,1.165,3.506
1,11.84172,289.4,137,83,151,289.4,2.5,0.025,1.1,3.455
1,11.84552,263.6,137,85,163,263.6,2.68,0.028,1.188,3.794
1,11.84904,284.0,137,86,153,284.0,2.46,0.026,1.115,3.521
1,11.85316,242.4,137,90,199,242.4,2.75,0.03,1.456,4.125
1,11.85702,259.1,136,87,171,259.1,2.66,0.028,1.255,3.86
1,11.86107,247.0,137,82,192,247.0,2.96,0.03,1.402,4.049
1,11.86494,258.8,137,82,176,258.8,2.83,0.028,1.284,3.864
1,11.86949,219.5,138,81,221,219.5,3.37,0.033,1.609,4.555
1,11.87328,264.0,137,84,192,264.0,2.71,0.028,1.404,3.788
1,11.87645,315.8,137,80,137,315.8,2.37,0.023,1.001,3.166
1,11.88034,256.6,136,84,180,256.6,2.78,0.029,1.324,3.897
1,11.88481,224.1,135,93,192,224.1,2.88,0.033,1.422,4.462
1,11.88844,274.8,136,87,166,274.8,2.51,0.027,1.224,3.638
1,11.89256,242.7,135,95,169,242.7,2.6,0.03,1.249,4.12
1,11.89662,246.5,135,87,176,246.5,2.8,0.03,1.304,4.057
1,11.90037,266.6,135,81,163,266.6,2.78,0.028,1.204,3.751
1,11.90429,255.4,136,83,179,255.4,2.83,0.029,1.321,3.915
1,11.90745,316.5,136,80,146,316.5,2.37,0.023,1.079,3.16
1,11.91399,152.8,136,85,450,152.8,4.62,0.048,3.302,6.544
1,11.91972,174.6,137,91,434,174.6,3.78,0.042,3.164,5.728
1,11.92607,157.4,138,98,428,157.4,3.89,0.046,3.092,6.354
1,11.9333,138.3,139,91,476,138.3,4.77,0.052,3.431,7.23
1,11.93985,152.7,140,89,459,152.7,4.41,0.047,3.288,6.549
1,11.94642,152.3,140,93,436,152.3,4.24,0.047,3.118,6.568
1,11.95305,150.9,140,82,432,150.9,4.85,0.047,3.074,6.629
1,11.96005,142.9,141,91,469,142.9,4.61,0.05,3.325,6.998
1,11.96673,149.6,142,91,461,149.6,4.41,0.047,3.242,6.683
1,11.97328,152.6,142,93,457,152.6,4.23,0.046,3.211,6.552
1,11.98061,136.5,143,95,471,136.5,4.63,0.051,3.297,7.324
1,11.98794,136.4,144,89,473,136.4,4.94,0.051,3.291,7.33
1,11.99486,144.4,145,93,487,144.4,4.47,0.048,3.37,6.927
1,12.00241,132.5,146,92,501,132.5,4.92,0.052,3.433,7.546
1,12.00936,144.0,147,93,494,144.0,4.48,0.047,3.364,6.947
1,12.01643,141.3,147,93,483,141.3,4.57,0.048,3.275,7.077
1,12.02324,146.8,149,97,455,146.8,4.21,0.046,3.062,6.811
1,12.02972,154.4,149,90,454,154.4,4.32,0.043,3.048,6.475
1,12.03651,147.2,150,91,475,147.2,4.48,0.045,3.175,6.794
1,12.04356,142.0,150,100,486,142.0,4.23,0.047,3.239,7.043
1,12.05001,154.8,151,97,444,154.8,4.0,0.043,2.943,6.459
1,12.0568,147.3,152,94,466,147.3,4.33,0.045,3.07,6.787
1,12.06339,151.7,152,92,478,151.7,4.3,0.043,3.14,6.593
1,12.07012,148.6,153,92,428,148.6,4.39,0.044,2.8,6.729
1,12.07701,145.3,154,98,477,145.3,4.21,0.045,3.109,6.884
1,12.08344,155.5,154,100,451,155.5,3.86,0.042,2.929,6.43
1,12.09011,149.9,154,92,452,149.9,4.35,0.043,2.926,6.669
1,12.09699,145.3,155,101,448,145.3,4.09,0.044,2.884,6.884
1,12.10337,156.7,156,93,426,156.7,4.12,0.041,2.731,6.38
1,12.11008,149.1,156,96,435,149.1,4.19,0.043,2.779,6.707
1,12.11617,164.2,157,99,425,164.2,3.69,0.039,2.703,6.092
1,12.12218,166.5,157,93,424,166.5,3.87,0.038,2.693,6.005
1,12.12898,146.9,158,95,452,146.9,4.3,0.043,2.863,6.805
1,12.13482,171.2,159,92,414,171.2,3.81,0.037,2.613,5.841
1,12.1419,141.4,159,95,418,141.4,4.47,0.045,2.629,7.074
1,12.14819,158.9,160,90,423,158.9,4.2,0.039,2.639,6.295
1,12.15408,169.8,161,89,408,169.8,3.97,0.037,2.538,5.89
1,12.16055,154.6,161,96,409,154.6,4.04,0.04,2.548,6.469
1,12.16666,163.6,161,89,392,163.6,4.12,0.038,2.433,6.112
1,12.17261,168.1,161,95,402,168.1,3.76,0.037,2.491,5.949
1,12.17872,163.6,162,86,409,163.6,4.26,0.038,2.531,6.111
1,12.18446,174.1,162,91,378,174.1,3.79,0.035,2.333,5.742
1,12.19013,176.6,163,97,413,176.6,3.5,0.035,2.538,5.663
1,12.19661,154.2,163,93,428,154.2,4.18,0.04,2.628,6.484
1,12.20252,169.1,163,97,368,169.1,3.66,0.036,2.254,5.914
1,12.20824,174.9,163,89,371,174.9,3.85,0.035,2.276,5.717
1,12.21446,160.8,164,93,403,160.8,4.01,0.038,2.46,6.22
1,12.22069,160.5,164,86,388,160.5,4.35,0.038,2.363,6.231
1,12.2268,163.7,165,89,371,163.7,4.12,0.037,2.252,6.11
1,12.23232,181.4,165,96,364,181.4,3.45,0.033,2.206,5.513
1,12.23833,166.2,165,93,390,166.2,3.88,0.036,2.355,6.016
1,12.24421,170.0,166,92,384,170.0,3.84,0.035,2.315,5.882
1,12.24964,184.2,166,91,380,184.2,3.58,0.033,2.282,5.43
1,12.25614,153.8,166,92,419,153.8,4.24,0.039,2.515,6.5
1,12.26234,161.5,166,96,372,161.5,3.87,0.037,2.237,6.192
1,12.26871,156.9,167,95,397,156.9,4.03,0.038,2.375,6.373
1,12.27478,164.7,168,89,384,164.7,4.09,0.036,2.289,6.071
1,12.28095,162.0,168,88,402,162.0,4.21,0.037,2.389,6.172
1,12.28761,150.3,169,96,415,150.3,4.16,0.039,2.456,6.654
1,12.2941,154.0,170,91,431,154.0,4.28,0.038,2.535,6.494
1,12.29781,269.3,169,77,156,269.3,2.89,0.022,0.924,3.713
1,12.3016,264.3,169,76,169,264.3,2.99,0.022,1.002,3.784
1,12.30509,286.3,168,83,137,286.3,2.53,0.021,0.814,3.493
1,12.30834,307.3,168,83,141,307.3,2.35,0.019,0.84,3.255
1,12.312,273.5,167,91,170,273.5,2.41,0.022,1.019,3.656
1,12.31603,248.2,167,86,138,248.2,2.81,0.024,0.825,4.029
1,12.32005,248.7,166,85,222,248.7,2.84,0.024,1.337,4.021
1,12.32368,275.3,166,80,156,275.3,2.72,0.022,0.937,3.632
1,12.32687,313.5,165,90,150,313.5,2.13,0.019,0.906,3.189
1,12.33046,278.6,165,83,159,278.6,2.59,0.022,0.963,3.59
1,12.33457,243.3,163,86,189,243.3,2.87,0.025,1.158,4.11
1,12.3386,248.3,162,88,165,248.3,2.75,0.025,1.017,4.027
1,12.34217,279.6,161,77,144,279.6,2.79,0.022,0.895,3.576
1,12.34575,279.5,161,91,161,279.5,2.36,0.022,1.001,3.578
1,12.34897,310.3,160,91,163,310.3,2.12,0.02,1.021,3.222
1,12.35227,303.1,160,82,154,303.1,2.41,0.021,0.966,3.299
1,12.35589,276.7,159,86,163,276.7,2.52,0.023,1.029,3.614
1,12.35908,313.6,159,79,150,313.6,2.42,0.02,0.943,3.188
1,12.36268,277.5,159,79,144,277.5,2.74,0.023,0.904,3.603
1,12.36657,257.1,158,80,175,257.1,2.92,0.025,1.108,3.889
1,12.3702,275.3,158,80,164,275.3,2.72,0.023,1.038,3.633
1,12.37408,258.0,157,77,211,258.0,3.02,0.025,1.344,3.876
1,12.37773,273.9,157,82,180,273.9,2.67,0.023,1.149,3.652
1,12.38136,275.7,156,81,177,275.7,2.69,0.023,1.134,3.627
1,12.38434,335.1,155,81,112,335.1,2.21,0.019,0.723,2.984
1,12.38771,296.7,154,82,155,296.7,2.47,0.022,1.006,3.37
1,12.39113,292.4,154,76,140,292.4,2.7,0.022,0.91,3.42
1,12.39517,247.6,154,77,189,247.6,3.15,0.026,1.234,4.039
1,12.39879,276.3,153,82,175,276.3,2.65,0.024,1.143,3.62
1,12.4028,249.3,152,85,152,249.3,2.83,0.026,0.997,4.011
1,12.40664,260.4,151,93,161,260.4,2.48,0.025,1.065,3.841
1,12.41039,266.8,151,85,174,266.8,2.65,0.025,1.155,3.748
1,12.41449,244.0,150,86,176,244.0,2.86,0.027,1.173,4.098
1,12.4188,231.8,150,80,182,231.8,3.24,0.029,1.212,4.313
1,12.42257,265.2,150,85,172,265.2,2.66,0.025,1.144,3.77
1,12.42619,276.5,150,88,152,276.5,2.47,0.024,1.012,3.616
1,12.42939,312.4,149,81,165,312.4,2.37,0.021,1.105,3.201
1,12.43294,281.1,149,84,174,281.1,2.54,0.024,1.163,3.557
1,12.4368,259.5,149,85,193,259.5,2.72,0.026,1.293,3.853
1,12.44028,286.9,149,76,136,286.9,2.75,0.023,0.912,3.486
1,12.44382,282.8,148,78,164,282.8,2.72,0.024,1.109,3.536
1,12.4474,279.0,147,78,149,279.0,2.76,0.024,1.011,3.584
1,12.45175,230.2,147,85,196,230.2,3.07,0.029,1.329,4.343
1,12.45589,241.1,147,85,181,241.1,2.93,0.028,1.23,4.148
1,12.46008,238.7,147,80,180,238.7,3.14,0.028,1.223,4.189
1,12.46379,270.1,148,80,193,270.1,2.78,0.025,1.31,3.702
1,12.4675,269.3,148,84,168,269.3,2.65,0.025,1.138,3.714
1,12.47129,264.0,148,82,158,264.0,2.77,0.026,1.07,3.787
1,12.47508,263.8,147,79,158,263.8,2.88,0.026,1.07,3.791
1,12.47849,293.4,147,81,111,293.4,2.52,0.023,0.757,3.408
1,12.48203,282.1,147,79,171,282.1,2.69,0.024,1.164,3.545
1,12.48567,274.4,147,90,148,274.4,2.43,0.025,1.011,3.644
1,12.48951,260.9,146,81,149,260.9,2.84,0.026,1.021,3.833
1,12.49296,289.4,146,88,152,289.4,2.36,0.024,1.04,3.455
1,12.49724,233.7,146,84,170,233.7,3.06,0.029,1.164,4.278
1,12.50105,262.4,146,81,190,262.4,2.82,0.026,1.302,3.811
1,12.5052,241.2,145,84,164,241.2,2.96,0.029,1.128,4.147
1,12.50903,261.3,145,87,161,261.3,2.64,0.026,1.111,3.827
1,12.51257,281.8,144,90,139,281.8,2.37,0.025,0.965,3.548
1,12.5156,330.1,144,75,142,330.1,2.42,0.021,0.985,3.029
1,12.52187,159.6,145,93,378,159.6,4.04,0.043,2.613,6.265
1,12.52804,161.9,145,91,366,161.9,4.07,0.043,2.52,6.175
1,12.53425,161.1,146,92,392,161.1,4.05,0.043,2.687,6.206
1,12.53992,176.4,146,94,358,176.4,3.62,0.039,2.451,5.67
1,12.5462,159.1,147,94,352,159.1,4.01,0.043,2.396,6.286
1,12.55219,167.1,148,95,382,167.1,3.78,0.041,2.587,5.984
1,12.55807,170.0,148,88,370,170.0,4.01,0.04,2.496,5.884
1,12.56427,161.4,149,93,377,161.4,4.0,0.042,2.536,6.194
1,12.57063,157.2,150,88,375,157.2,4.34,0.042,2.505,6.361
1,12.57667,165.5,151,93,369,165.5,3.9,0.04,2.448,6.041
1,12.58286,161.5,151,84,349,161.5,4.42,0.041,2.306,6.193
1,12.58873,170.3,152,93,367,170.3,3.79,0.039,2.414,5.871
1,12.5946,170.4,152,93,350,170.4,3.79,0.039,2.305,5.869
1,12.60039,172.7,152,92,370,172.7,3.78,0.038,2.431,5.79
1,12.60642,165.9,152,89,348,165.9,4.06,0.04,2.282,6.027
1,12.61244,165.9,153,92,335,165.9,3.93,0.039,2.198,6.027
1,12.61816,175.0,152,93,349,175.0,3.69,0.037,2.29,5.716
1,12.62409,168.6,153,93,356,168.6,3.83,0.039,2.329,5.932
1,12.62995,170.7,154,91,365,170.7,3.86,0.038,2.377,5.857
1,12.6358,171.0,154,93,373,171.0,3.77,0.038,2.428,5.849
1,12.64093,194.8,154,87,336,194.8,3.54,0.033,2.183,5.134
1,12.64664,175.3,155,87,344,175.3,3.93,0.037,2.224,5.705
1,12.65205,184.7,156,90,340,184.7,3.61,0.035,2.184,5.413
1,12.65783,173.0,157,89,376,173.0,3.9,0.037,2.394,5.781
1,12.66352,175.8,157,91,401,175.8,3.75,0.036,2.551,5.688
1,12.6688,189.4,157,88,359,189.4,3.6,0.034,2.289,5.28
1,12.67459,172.5,157,83,382,172.5,4.19,0.037,2.438,5.796
1,12.68074,162.7,157,90,382,162.7,4.1,0.039,2.438,6.145
1,12.68645,175.3,158,89,357,175.3,3.85,0.036,2.267,5.705
1,12.69261,162.2,158,92,401,162.2,4.02,0.039,2.536,6.166
1,12.69825,177.2,158,95,316,177.2,3.56,0.036,1.996,5.643
1,12.70402,173.5,159,91,350,173.5,3.8,0.036,2.207,5.762
1,12.70997,168.0,159,89,372,168.0,4.01,0.037,2.343,5.953
1,12.716,165.7,160,89,378,165.7,4.07,0.038,2.358,6.035
1,12.72167,176.4,161,94,353,176.4,3.62,0.035,2.201,5.669
1,12.72699,188.1,161,89,323,188.1,3.58,0.033,2.006,5.316
1,12.73253,180.6,161,87,350,180.6,3.82,0.034,2.168,5.538
1,12.73773,192.0,161,92,338,192.0,3.4,0.032,2.094,5.208
1,12.74386,163.2,161,91,381,163.2,4.04,0.038,2.366,6.129
1,12.74977,169.4,161,90,375,169.4,3.94,0.037,2.321,5.903
1,12.75576,166.8,162,89,371,166.8,4.04,0.037,2.291,5.995
1,12.76164,170.1,162,88,357,170.1,4.01,0.036,2.207,5.879
1,12.76669,198.1,162,87,343,198.1,3.48,0.031,2.115,5.049
1,12.77319,153.9,161,86,370,153.9,4.53,0.04,2.292,6.5
1,12.77913,168.2,162,86,379,168.2,4.15,0.037,2.34,5.944
1,12.7856,154.6,163,95,382,154.6,4.09,0.04,2.353,6.47
1,12.79146,170.8,162,93,372,170.8,3.78,0.036,2.293,5.856
1,12.79698,181.1,163,94,337,181.1,3.52,0.034,2.07,5.521
1,12.80303,165.3,162,95,366,165.3,3.82,0.037,2.258,6.049
1,12.80937,157.6,162,84,365,157.6,4.53,0.039,2.255,6.344
1,12.8144,198.9,162,86,342,198.9,3.51,0.031,2.113,5.028
1,12.82055,162.6,162,84,368,162.6,4.39,0.038,2.268,6.151
1,12.82646,169.3,162,85,351,169.3,4.17,0.036,2.164,5.908
1,12.83196,181.8,162,91,325,181.8,3.63,0.034,2.015,5.5
1,12.8375,180.4,162,85,342,180.4,3.91,0.034,2.107,5.544
1,12.84317,176.4,162,89,354,176.4,3.82,0.035,2.183,5.669
1,12.84886,175.9,162,94,356,175.9,3.63,0.035,2.193,5.686
1,12.85497,163.5,162,92,372,163.5,3.99,0.038,2.293,6.115
1,12.8555,1894.2,162,45,0,1894.2,0.7,0.003,,0.528
1,12.86081,188.4,162,87,354,188.4,3.66,0.033,2.195,5.307
1,12.86457,265.9,161,83,156,265.9,2.72,0.023,0.968,3.761
1,12.8684,260.9,161,89,175,260.9,2.58,0.024,1.092,3.832
1,12.87175,298.6,160,87,169,298.6,2.31,0.021,1.057,3.349
1,12.87533,279.2,159,76,165,279.2,2.83,0.022,1.035,3.582
1,12.8791,265.2,159,80,182,265.2,2.83,0.024,1.149,3.771
1,12.88266,281.5,159,85,195,281.5,2.51,0.022,1.224,3.552
1,12.88646,263.0,159,80,190,263.0,2.85,0.024,1.2,3.802
1,12.89067,237.6,158,83,166,237.6,3.04,0.027,1.056,4.208
1,12.89433,273.0,158,84,160,273.0,2.62,0.023,1.015,3.663
1,12.89829,252.3,157,85,174,252.3,2.8,0.025,1.109,3.964
1,12.9016,302.6,158,75,136,302.6,2.64,0.021,0.865,3.305
1,12.90488,304.7,157,80,134,304.7,2.46,0.021,0.854,3.282
1,12.90852,274.5,156,86,185,274.5,2.54,0.023,1.186,3.643
1,12.9125,251.4,156,82,181,251.4,2.91,0.026,1.164,3.977
1,12.91657,245.5,155,79,171,245.5,3.09,0.026,1.1,4.073
1,12.92058,249.6,155,83,193,249.6,2.9,0.026,1.245,4.007
1,12.92459,249.2,155,89,199,249.2,2.71,0.026,1.285,4.013
1,12.92833,267.4,155,80,189,267.4,2.8,0.024,1.216,3.739
1,12.93257,235.8,154,77,185,235.8,3.3,0.027,1.198,4.241
1,12.93656,250.8,154,79,204,250.8,3.03,0.026,1.33,3.987
1,12.94077,237.3,153,85,203,237.3,2.97,0.027,1.322,4.213
1,12.94468,256.3,154,81,183,256.3,2.89,0.025,1.193,3.902
1,12.94825,280.1,153,79,184,280.1,2.71,0.023,1.202,3.571
1,12.95198,268.2,153,80,153,268.2,2.8,0.024,1.0,3.729
1,12.95592,253.5,152,80,182,253.5,2.96,0.026,1.192,3.945
1,12.95962,270.4,152,82,181,270.4,2.71,0.024,1.192,3.698
1,12.96333,269.1,152,76,182,269.1,2.93,0.024,1.193,3.716
1,12.96723,256.5,152,87,191,256.5,2.69,0.026,1.252,3.899
1,12.97082,279.1,153,87,151,279.1,2.47,0.023,0.99,3.583
1,12.97449,272.3,152,84,165,272.3,2.62,0.024,1.085,3.672
1,12.97809,277.8,152,87,180,277.8,2.48,0.024,1.18,3.599
1,12.98198,256.8,152,85,181,256.8,2.75,0.026,1.195,3.893
1,12.9869,203.3,152,85,233,203.3,3.47,0.032,1.537,4.918
1,12.99099,244.7,151,83,184,244.7,2.95,0.027,1.217,4.087
1,12.99499,249.5,151,85,189,249.5,2.83,0.027,1.249,4.007
1,12.99838,295.5,151,82,155,295.5,2.48,0.022,1.023,3.384
1,13.0023,254.9,152,84,227,254.9,2.8,0.026,1.497,3.922
1,13.00572,292.3,152,84,167,292.3,2.44,0.022,1.098,3.421
1,13.00962,256.4,152,82,194,256.4,2.85,0.026,1.279,3.9
1,13.01386,236.2,152,79,204,236.2,3.22,0.028,1.341,4.234
1,13.01755,270.4,151,82,182,270.4,2.71,0.024,1.202,3.699
1,13.02146,256.0,151,82,168,256.0,2.86,0.026,1.112,3.906
1,13.0252,267.1,151,89,166,267.1,2.52,0.025,1.098,3.744
1,13.02934,241.9,151,82,189,241.9,3.03,0.027,1.254,4.134
1,13.03296,276.0,149,81,139,276.0,2.68,0.024,0.931,3.623
1,13.03706,243.9,150,79,178,243.9,3.11,0.027,1.194,4.099
1,13.04127,237.6,149,88,209,237.6,2.87,0.028,1.404,4.209
1,13.04544,239.8,149,85,188,239.8,2.94,0.028,1.257,4.17
1,13.04886,292.0,149,89,157,292.0,2.31,0.023,1.053,3.425
1,13.05236,286.2,149,85,174,286.2,2.47,0.023,1.166,3.494
1,13.05662,234.5,149,80,183,234.5,3.2,0.029,1.228,4.265
1,13.06067,247.3,149,79,180,247.3,3.07,0.027,1.208,4.043
1,13.06444,265.3,149,82,199,265.3,2.76,0.025,1.338,3.77
1,13.06797,282.6,148,79,164,282.6,2.69,0.024,1.108,3.538
1,13.07171,267.8,148,88,183,267.8,2.55,0.025,1.234,3.734
1,13.07553,261.8,148,82,180,261.8,2.8,0.026,1.221,3.82
1,13.07969,240.1,148,82,176,240.1,3.05,0.028,1.195,4.164
1,13.08322,283.7,148,81,149,283.7,2.61,0.024,1.011,3.525
1,13.08695,268.2,148,80,180,268.2,2.8,0.025,1.217,3.729
1,13.09074,263.8,147,84,189,263.8,2.71,0.026,1.287,3.79
1,13.09448,267.1,146,86,162,267.1,2.61,0.026,1.109,3.743
1,13.09811,275.2,146,79,168,275.2,2.76,0.025,1.153,3.633
1,13.10152,293.6,145,85,176,293.6,2.4,0.023,1.214,3.406
1,13.10543,255.3,145,86,187,255.3,2.73,0.027,1.295,3.916
1,13.10924,262.5,144,88,200,262.5,2.6,0.026,1.385,3.81
1,13.11359,230.1,143,87,182,230.1,3.0,0.03,1.271,4.347
1,13.11697,296.3,143,85,167,296.3,2.38,0.024,1.171,3.375
1,13.12098,249.1,142,93,167,249.1,2.59,0.028,1.169,4.014
1,13.12498,249.9,143,85,176,249.9,2.82,0.028,1.236,4.002
1,13.1285,284.4,143,80,161,284.4,2.64,0.025,1.127,3.516
1,13.13271,237.2,143,84,191,237.2,3.01,0.03,1.334,4.216
1,13.13637,273.8,143,81,159,273.8,2.71,0.025,1.11,3.653
1,13.14056,238.5,143,89,213,238.5,2.83,0.029,1.493,4.194
1,13.14455,250.7,143,86,165,250.7,2.78,0.028,1.156,3.989
1,13.14845,256.3,142,86,184,256.3,2.72,0.028,1.298,3.902
1,13.15214,271.2,142,88,160,271.2,2.51,0.026,1.13,3.688
1,13.15613,250.4,142,86,197,250.4,2.79,0.028,1.386,3.993
1,13.1601,251.8,142,87,195,251.8,2.74,0.028,1.371,3.971
1,13.16409,250.9,142,81,198,250.9,2.95,0.028,1.391,3.986
1,13.16866,218.8,141,87,170,218.8,3.15,0.032,1.208,4.57
1,13.17255,256.9,141,82,202,256.9,2.85,0.028,1.429,3.892
1,13.17712,219.1,141,81,183,219.1,3.38,0.032,1.292,4.564
1,13.18075,275.2,141,83,155,275.2,2.63,0.026,1.098,3.634
1,13.18486,243.4,141,82,170,243.4,3.01,0.029,1.203,4.109
1,13.18914,233.6,141,78,209,233.6,3.29,0.03,1.485,4.281
1,13.19343,232.9,141,86,185,232.9,3.0,0.03,1.314,4.293
1,13.19755,243.0,141,87,195,243.0,2.84,0.029,1.384,4.115
1,13.20103,287.4,141,84,163,287.4,2.49,0.025,1.153,3.479
1,13.20488,259.9,141,78,160,259.9,2.96,0.027,1.135,3.848
1,13.20897,244.5,141,88,177,244.5,2.79,0.029,1.255,4.089
1,13.21295,251.0,141,83,191,251.0,2.88,0.028,1.359,3.984
1,13.21677,261.8,140,84,191,261.8,2.73,0.027,1.357,3.82
1,13.2207,254.6,141,93,201,254.6,2.53,0.028,1.43,3.928
1,13.2246,256.0,140,80,168,256.0,2.93,0.028,1.198,3.906
1,13.22803,292.2,140,88,179,292.2,2.33,0.024,1.278,3.423
1,13.23229,234.7,140,87,190,234.7,2.94,0.03,1.357,4.262
1,13.23516,348.0,139,83,139,348.0,2.08,0.021,0.997,2.874
1,13.23894,264.9,139,79,184,264.9,2.87,0.027,1.323,3.775
1,13.24292,251.0,139,84,165,251.0,2.85,0.029,1.19,3.984
1,13.24684,255.2,139,80,179,255.2,2.94,0.028,1.284,3.918
1,13.25145,216.7,138,79,218,216.7,3.5,0.033,1.574,4.614
1,13.25538,254.6,138,79,184,254.6,2.98,0.028,1.332,3.928
1,13.25922,260.7,138,79,182,260.7,2.91,0.028,1.321,3.836
1,13.26302,262.7,138,79,170,262.7,2.89,0.028,1.228,3.806
1,13.26739,228.8,138,82,227,228.8,3.2,0.032,1.65,4.37
1,13.27069,303.6,137,83,127,303.6,2.38,0.024,0.928,3.293
1,13.2746,255.2,137,83,199,255.2,2.83,0.029,1.454,3.919
1,13.27819,278.8,136,83,174,278.8,2.59,0.026,1.276,3.587
1,13.28189,270.2,136,85,158,270.2,2.61,0.027,1.164,3.701
1,13.28634,224.9,135,84,192,224.9,3.18,0.033,1.417,4.447
1,13.29092,218.2,135,81,205,218.2,3.4,0.034,1.52,4.584
1,13.29154,1620.6,134,55,0,1620.6,0.67,0.005,,0.617
1,13.29551,251.8,135,87,168,251.8,2.74,0.029,1.25,3.971
1,13.29957,246.6,135,92,194,246.6,2.64,0.03,1.438,4.055
1,13.30327,270.0,134,81,190,270.0,2.74,0.028,1.417,3.704
1,13.30666,295.2,133,83,203,295.2,2.45,0.025,1.521,3.388
1,13.31049,260.7,133,89,165,260.7,2.59,0.029,1.24,3.836
1,13.31424,266.9,133,83,165,266.9,2.71,0.028,1.236,3.746
1,13.31792,271.9,133,80,158,271.9,2.76,0.028,1.191,3.678
1,13.32115,309.3,134,85,181,309.3,2.28,0.024,1.358,3.233
1,13.32752,156.9,134,89,435,156.9,4.3,0.048,3.248,6.373
1,13.33216,215.9,134,88,284,215.9,3.16,0.035,2.123,4.633
1,13.33726,195.8,135,83,302,195.8,3.69,0.038,2.238,5.106
1,13.34207,207.9,135,89,250,207.9,3.24,0.036,1.851,4.81
1,13.34762,180.2,136,98,297,180.2,3.4,0.041,2.186,5.55
1,13.35239,209.6,135,86,286,209.6,3.33,0.035,2.11,4.77
1,13.35779,185.2,135,88,303,185.2,3.68,0.04,2.24,5.4
1,13.36241,216.7,135,92,293,216.7,3.01,0.034,2.167,4.614
1,13.36749,196.7,136,88,289,196.7,3.47,0.038,2.131,5.085
1,13.37261,195.5,136,87,306,195.5,3.53,0.038,2.248,5.114
1,13.3778,192.5,136,85,283,192.5,3.67,0.038,2.076,5.195
1,13.38272,203.3,137,90,295,203.3,3.28,0.036,2.157,4.92
1,13.38807,186.9,137,86,306,186.9,3.73,0.039,2.23,5.35
1,13.39339,187.9,138,92,304,187.9,3.47,0.039,2.204,5.322
1,13.39851,195.4,139,81,274,195.4,3.79,0.037,1.968,5.118
1,13.40367,194.0,139,88,302,194.0,3.51,0.037,2.171,5.155
1,13.40842,210.3,139,88,317,210.3,3.24,0.034,2.282,4.755
1,13.41381,185.4,139,90,325,185.4,3.6,0.039,2.338,5.393
1,13.41895,194.8,140,94,292,194.8,3.28,0.037,2.09,5.133
1,13.42404,196.2,140,92,305,196.2,3.32,0.036,2.18,5.096
1,13.42917,195.1,141,93,313,195.1,3.31,0.036,2.22,5.125
1,13.43462,183.4,141,82,290,183.4,3.99,0.039,2.056,5.451
1,13.43937,210.6,141,85,293,210.6,3.35,0.034,2.069,4.749
1,13.44437,199.7,142,90,282,199.7,3.34,0.035,1.989,5.008
1,13.44989,181.3,142,90,299,181.3,3.68,0.039,2.107,5.517
1,13.45473,206.8,142,89,305,206.8,3.26,0.034,2.143,4.837
1,13.45972,200.4,143,87,274,200.4,3.44,0.035,1.916,4.989
1,13.46513,184.6,143,94,322,184.6,3.46,0.038,2.248,5.417
1,13.47045,188.3,144,84,278,188.3,3.79,0.037,1.934,5.311
1,13.47516,212.0,144,93,306,212.0,3.04,0.033,2.127,4.718
1,13.48027,195.9,144,88,302,195.9,3.48,0.036,2.105,5.105
1,13.48531,198.2,144,94,304,198.2,3.22,0.035,2.108,5.045
1,13.49029,201.1,144,82,304,201.1,3.64,0.034,2.108,4.974
1,13.49504,210.6,145,89,289,210.6,3.2,0.033,1.992,4.747
1,13.49999,201.7,146,88,289,201.7,3.38,0.034,1.979,4.958
1,13.50528,189.3,146,86,300,189.3,3.69,0.036,2.049,5.284
1,13.5104,195.3,147,88,285,195.3,3.49,0.035,1.941,5.121
1,13.5153,204.2,147,91,277,204.2,3.23,0.033,1.89,4.898
1,13.52026,201.5,147,91,296,201.5,3.27,0.034,2.017,4.962
1,13.52516,204.0,147,92,288,204.0,3.2,0.033,1.958,4.902
1,13.53068,181.1,148,85,326,181.1,3.9,0.037,2.208,5.521
1,13.53568,199.9,148,87,283,199.9,3.45,0.034,1.917,5.002
1,13.54029,217.2,148,82,274,217.2,3.37,0.031,1.846,4.605
1,13.54559,188.7,149,86,297,188.7,3.7,0.036,1.99,5.298
1,13.55057,200.7,150,87,309,200.7,3.44,0.033,2.067,4.982
1,13.55492,229.8,149,91,250,229.8,2.87,0.029,1.673,4.351
1,13.56028,186.6,149,89,302,186.6,3.61,0.036,2.025,5.358
1,13.56538,196.1,149,86,278,196.1,3.56,0.034,1.859,5.099
1,13.57063,190.3,150,94,294,190.3,3.35,0.035,1.964,5.256
1,13.57557,202.7,150,87,277,202.7,3.4,0.033,1.851,4.934
1,13.58095,185.7,150,81,335,185.7,3.99,0.036,2.231,5.386
1,13.58541,224.3,150,78,254,224.3,3.43,0.03,1.697,4.457
1,13.59024,207.1,150,87,261,207.1,3.33,0.032,1.743,4.828
1,13.59574,181.8,149,90,287,181.8,3.67,0.037,1.918,5.499
1,13.60062,204.6,149,82,296,204.6,3.58,0.033,1.98,4.888
1,13.60595,187.9,150,89,297,187.9,3.59,0.035,1.977,5.321
1,13.61116,191.9,150,85,301,191.9,3.68,0.035,2.002,5.212
1,13.61645,189.0,150,88,273,189.0,3.61,0.035,1.814,5.292
1,13.62142,201.1,151,93,264,201.1,3.21,0.033,1.756,4.973
1,13.62634,203.4,151,93,303,203.4,3.17,0.033,2.006,4.916
1,13.63141,197.1,151,78,263,197.1,3.9,0.034,1.741,5.073
1,13.63665,190.8,151,87,310,190.8,3.61,0.035,2.051,5.24
1,13.64164,200.3,151,90,288,200.3,3.33,0.033,1.909,4.992
1,13.64718,180.6,151,86,304,180.6,3.86,0.037,2.01,5.536
1,13.65176,218.1,151,91,263,218.1,3.02,0.03,1.736,4.584
1,13.65682,197.6,152,84,293,197.6,3.62,0.033,1.929,5.061
1,13.66162,208.4,151,97,284,208.4,2.97,0.032,1.875,4.799
1,13.66686,191.1,151,84,305,191.1,3.74,0.035,2.013,5.234
1,13.67273,170.2,152,94,298,170.2,3.75,0.039,1.963,5.875
1,13.67773,200.2,152,89,291,200.2,3.37,0.033,1.917,4.996
1,13.68313,185.1,151,98,303,185.1,3.31,0.036,2.002,5.403
1,13.68812,200.5,151,90,256,200.5,3.32,0.033,1.694,4.987
1,13.69286,210.7,151,79,263,210.7,3.61,0.031,1.739,4.747
1,13.69812,190.3,151,82,306,190.3,3.85,0.035,2.023,5.256
1,13.70282,212.8,151,84,275,212.8,3.36,0.031,1.814,4.699
1,13.70714,231.2,151,86,249,231.2,3.02,0.029,1.645,4.326
1,13.71225,195.8,152,87,289,195.8,3.52,0.034,1.901,5.108
1,13.71719,202.6,152,96,290,202.6,3.09,0.033,1.915,4.937
1,13.72247,189.5,152,87,297,189.5,3.64,0.035,1.954,5.277
1,13.72736,204.4,151,86,289,204.4,3.41,0.032,1.911,4.893
1,13.73267,188.3,151,92,277,188.3,3.46,0.035,1.832,5.311
1,13.73769,199.1,152,87,302,199.1,3.46,0.033,1.994,5.023
1,13.74252,207.1,152,88,271,207.1,3.29,0.032,1.781,4.828
1,13.74759,197.3,152,85,308,197.3,3.58,0.033,2.022,5.069
1,13.75319,178.7,153,90,297,178.7,3.73,0.037,1.942,5.596
1,13.75816,201.1,153,85,314,201.1,3.51,0.033,2.049,4.973
1,13.76318,199.2,153,95,277,199.2,3.17,0.033,1.807,5.02
1,13.76859,184.7,153,91,305,184.7,3.57,0.035,1.988,5.415
1,13.77327,213.7,153,90,248,213.7,3.12,0.031,1.621,4.68
1,13.77801,211.0,152,85,262,211.0,3.35,0.031,1.723,4.74
1,13.783,200.7,152,89,267,200.7,3.36,0.033,1.759,4.983
1,13.78767,213.8,151,85,241,213.8,3.3,0.031,1.59,4.678
1,13.79267,200.4,152,86,292,200.4,3.48,0.033,1.924,4.991
1,13.79772,197.9,152,83,270,197.9,3.65,0.033,1.775,5.053
1,13.8024,213.8,152,85,287,213.8,3.3,0.031,1.884,4.678
1,13.8072,208.2,152,78,271,208.2,3.7,0.032,1.784,4.804
1,13.81236,193.8,152,86,299,193.8,3.6,0.034,1.965,5.161
1,13.81747,195.7,152,93,272,195.7,3.3,0.034,1.788,5.109
1,13.82212,215.1,152,91,292,215.1,3.06,0.031,1.916,4.648
1,13.82721,196.5,152,90,278,196.5,3.39,0.033,1.82,5.089
1,13.83199,209.0,152,90,287,209.0,3.19,0.031,1.884,4.786
1,13.83634,229.9,152,88,267,229.9,2.97,0.029,1.749,4.35
1,13.84199,177.1,153,87,290,177.1,3.89,0.037,1.897,5.645
1,13.8468,207.7,153,85,269,207.7,3.4,0.032,1.764,4.815
1,13.85168,205.1,152,85,275,205.1,3.44,0.032,1.811,4.876
1,13.85668,200.0,153,93,303,200.0,3.23,0.033,1.981,5.0
1,13.86147,208.9,153,94,269,208.9,3.05,0.031,1.755,4.786
1,13.86634,205.0,153,90,257,205.0,3.25,0.032,1.683,4.879
1,13.87129,202.3,153,78,277,202.3,3.8,0.032,1.811,4.944
1,13.87594,215.0,153,85,296,215.0,3.28,0.03,1.938,4.651
1,13.88135,185.0,153,89,309,185.0,3.64,0.035,2.025,5.406
1,13.88663,189.3,153,86,308,189.3,3.68,0.035,2.015,5.282
1,13.89144,208.0,153,84,303,208.0,3.43,0.031,1.986,4.809
1,13.896,219.0,153,85,258,219.0,3.22,0.03,1.687,4.566
1,13.90075,210.8,153,86,267,210.8,3.31,0.031,1.745,4.744
1,13.90603,189.3,154,82,304,189.3,3.87,0.034,1.978,5.284
1,13.91077,210.8,154,88,266,210.8,3.23,0.031,1.73,4.744
1,13.9156,207.2,154,89,284,207.2,3.25,0.031,1.843,4.825
1,13.92091,188.2,153,83,268,188.2,3.84,0.035,1.749,5.313
1,13.92567,210.0,153,88,265,210.0,3.25,0.031,1.735,4.763
1,13.93044,209.7,153,89,276,209.7,3.22,0.031,1.797,4.769
1,13.93522,209.2,153,90,271,209.2,3.19,0.031,1.772,4.78
1,13.94037,194.5,153,80,247,194.5,3.86,0.034,1.612,5.142
1,13.94505,213.7,153,88,261,213.7,3.19,0.031,1.709,4.679
1,13.95012,197.2,153,93,273,197.2,3.27,0.033,1.786,5.07
1,13.95537,190.5,153,89,305,190.5,3.54,0.034,1.997,5.251
1,13.96026,204.3,153,87,285,204.3,3.38,0.032,1.856,4.895
1,13.96526,200.1,153,87,288,200.1,3.45,0.033,1.885,4.997
1,13.96998,211.9,153,82,262,211.9,3.45,0.031,1.708,4.719
1,13.97519,191.7,154,87,283,191.7,3.6,0.034,1.843,5.216
1,13.97989,212.8,154,83,290,212.8,3.4,0.031,1.889,4.699
1,13.98502,194.9,154,91,280,194.9,3.38,0.033,1.821,5.13
1,13.98965,215.9,153,89,274,215.9,3.12,0.03,1.791,4.632
1,13.99472,197.3,153,86,264,197.3,3.54,0.033,1.728,5.069
1,13.99978,197.8,153,81,277,197.8,3.75,0.033,1.818,5.056
1,14.00476,200.8,153,85,263,200.8,3.51,0.033,1.725,4.979
1,14.01017,184.7,153,89,274,184.7,3.65,0.035,1.798,5.413
1,14.01512,201.9,153,88,293,201.9,3.38,0.032,1.92,4.952
1,14.02002,204.2,152,84,260,204.2,3.5,0.032,1.705,4.897
1,14.02474,212.1,153,90,257,212.1,3.14,0.031,1.685,4.714
1,14.02992,192.9,153,88,277,192.9,3.53,0.034,1.813,5.183
1,14.03478,205.9,152,90,264,205.9,3.24,0.032,1.736,4.857
1,14.03929,221.5,152,83,256,221.5,3.26,0.03,1.69,4.515
1,14.04395,214.8,151,84,270,214.8,3.33,0.031,1.785,4.656
1,14.0491,194.1,152,86,272,194.1,3.59,0.034,1.794,5.152
1,14.05425,194.1,151,90,285,194.1,3.43,0.034,1.888,5.152
1,14.05907,207.5,150,87,268,207.5,3.32,0.032,1.782,4.818
1,14.0637,216.0,150,86,255,216.0,3.23,0.031,1.705,4.631
1,14.06841,212.2,150,82,268,212.2,3.45,0.031,1.789,4.712
1,14.07329,204.8,150,81,285,204.8,3.62,0.033,1.903,4.882
1,14.07757,233.6,150,88,256,233.6,2.92,0.029,1.709,4.28
1,14.0826,198.9,149,94,289,198.9,3.21,0.034,1.932,5.028
1,14.08716,219.3,149,88,253,219.3,3.11,0.031,1.695,4.561
1,14.09205,204.5,150,84,273,204.5,3.49,0.033,1.825,4.89
1,14.09734,189.1,150,82,300,189.1,3.87,0.035,2.003,5.288
1,14.10275,184.7,150,83,254,184.7,3.91,0.036,1.686,5.413
1,14.10811,186.7,150,88,301,186.7,3.65,0.036,2.002,5.356
1,14.11311,199.8,151,93,289,199.8,3.23,0.033,1.916,5.006
1,14.11802,203.7,150,90,268,203.7,3.27,0.033,1.779,4.909
1,14.12304,199.3,151,79,279,199.3,3.81,0.033,1.852,5.019
1,14.12836,188.1,152,81,278,188.1,3.94,0.035,1.834,5.315
1,14.13339,198.5,152,94,275,198.5,3.22,0.033,1.814,5.038
1,14.13835,202.0,152,85,281,202.0,3.49,0.033,1.85,4.951
1,14.1432,206.1,152,77,261,206.1,3.78,0.032,1.717,4.853
1,14.1477,222.3,152,88,271,222.3,3.07,0.03,1.789,4.498
1,14.1527,199.9,152,88,308,199.9,3.41,0.033,2.03,5.003
1,14.15779,196.3,152,91,274,196.3,3.36,0.033,1.796,5.095
1,14.16272,202.9,152,82,283,202.9,3.61,0.032,1.859,4.929
1,14.16796,191.1,153,88,269,191.1,3.57,0.034,1.761,5.233
1,14.1734,183.6,153,81,295,183.6,4.03,0.036,1.93,5.447
1,14.17863,191.4,152,94,297,191.4,3.34,0.034,1.954,5.225
1,14.18369,197.5,153,93,276,197.5,3.27,0.033,1.804,5.064
1,14.18864,202.2,153,86,281,202.2,3.45,0.032,1.837,4.946
1,14.19318,220.3,153,85,256,220.3,3.2,0.03,1.676,4.539
1,14.19767,222.8,153,89,275,222.8,3.03,0.029,1.799,4.488
1,14.20247,208.3,153,86,270,208.3,3.35,0.031,1.769,4.802
1,14.20716,213.3,153,89,244,213.3,3.16,0.031,1.594,4.688
1,14.21226,196.1,153,90,291,196.1,3.4,0.033,1.901,5.1
1,14.21765,185.5,152,84,284,185.5,3.85,0.035,1.866,5.39
1,14.22202,228.7,152,90,228,228.7,2.91,0.029,1.495,4.372
1,14.22681,208.7,152,85,264,208.7,3.38,0.031,1.738,4.792
1,14.23151,212.9,153,92,259,212.9,3.06,0.031,1.699,4.697
1,14.23623,211.8,152,85,247,211.8,3.33,0.031,1.619,4.722
1,14.24113,204.0,152,88,253,204.0,3.34,0.032,1.667,4.901
1,14.24606,202.7,151,100,260,202.7,2.96,0.033,1.718,4.934
1,14.25109,199.2,152,86,266,199.2,3.5,0.033,1.756,5.021
1,14.25561,221.1,152,87,274,221.1,3.12,0.03,1.805,4.522
1,14.26077,193.5,152,83,306,193.5,3.74,0.034,2.019,5.167
1,14.26569,203.3,151,89,254,203.3,3.32,0.032,1.674,4.919
1,14.2708,195.8,151,88,285,195.8,3.48,0.034,1.886,5.107
1,14.27583,198.9,152,80,239,198.9,3.77,0.033,1.578,5.027
1,14.28044,216.7,151,84,263,216.7,3.3,0.03,1.739,4.615
1,14.2861,176.8,152,82,311,176.8,4.14,0.037,2.049,5.655
1,14.29117,197.3,152,89,292,197.3,3.42,0.033,1.921,5.069
1,14.29628,195.6,152,89,306,195.6,3.45,0.034,2.015,5.112
1,14.30091,216.1,153,81,244,216.1,3.43,0.03,1.602,4.628
1,14.30521,232.1,152,88,239,232.1,2.94,0.028,1.568,4.308
1,14.31051,188.9,152,92,281,188.9,3.45,0.035,1.844,5.294
1,14.31539,204.7,152,87,259,204.7,3.37,0.032,1.704,4.885
1,14.32026,205.2,152,86,270,205.2,3.4,0.032,1.774,4.872
1,14.32553,189.9,153,91,293,189.9,3.47,0.035,1.921,5.266
1,14.33066,195.1,153,83,267,195.1,3.71,0.034,1.748,5.127
1,14.33463,251.9,152,90,219,251.9,2.65,0.026,1.439,3.969
1,14.33978,194.2,152,86,277,194.2,3.59,0.034,1.817,5.149
1,14.34489,195.4,151,83,273,195.4,3.7,0.034,1.803,5.117
1,14.34973,206.9,152,94,277,206.9,3.09,0.032,1.823,4.834
1,14.35488,194.2,152,85,314,194.2,3.64,0.034,2.063,5.15
1,14.35903,240.9,153,92,229,240.9,2.71,0.027,1.495,4.152
1,14.36338,229.9,153,83,265,229.9,3.14,0.028,1.734,4.35
1,14.36823,206.3,153,85,265,206.3,3.42,0.032,1.737,4.847
1,14.37351,189.3,153,88,295,189.3,3.6,0.035,1.93,5.283
1,14.37858,197.2,152,88,279,197.2,3.46,0.033,1.829,5.071
1,14.38301,225.5,153,92,248,225.5,2.89,0.029,1.625,4.434
1,14.388,200.6,153,85,272,200.6,3.52,0.033,1.777,4.985
1,14.39258,218.2,152,89,271,218.2,3.09,0.03,1.78,4.583
1,14.39793,187.0,152,87,285,187.0,3.69,0.035,1.874,5.347
1,14.4027,209.7,152,83,277,209.7,3.45,0.031,1.826,4.769
1,14.40731,217.0,152,84,275,217.0,3.29,0.03,1.812,4.607
1,14.41219,204.7,152,96,273,204.7,3.05,0.032,1.798,4.886
1,14.41708,204.7,152,82,301,204.7,3.58,0.032,1.984,4.886
1,14.42201,202.8,152,85,289,202.8,3.48,0.032,1.9,4.932
1,14.42667,214.8,152,89,247,214.8,3.14,0.031,1.629,4.655
1,14.43136,212.9,151,93,268,212.9,3.03,0.031,1.775,4.696
1,14.43636,200.3,150,86,277,200.3,3.48,0.033,1.844,4.993
1,14.44095,217.5,151,89,274,217.5,3.1,0.031,1.817,4.598
1,14.44583,205.2,151,88,271,205.2,3.32,0.032,1.801,4.873
1,14.45061,209.2,150,77,245,209.2,3.72,0.032,1.631,4.78
1,14.45505,225.2,150,89,282,225.2,2.99,0.03,1.877,4.44
1,14.45961,219.0,150,87,249,219.0,3.15,0.03,1.655,4.566
1,14.46434,211.6,151,88,274,211.6,3.22,0.031,1.821,4.725
1,14.46915,208.0,150,82,285,208.0,3.52,0.032,1.895,4.808
1,14.47385,212.7,151,86,261,212.7,3.28,0.031,1.731,4.701
1,14.4784,219.7,151,83,245,219.7,3.29,0.03,1.62,4.551
1,14.48305,215.0,151,81,294,215.0,3.44,0.031,1.941,4.65
1,14.48786,207.9,151,89,266,207.9,3.24,0.032,1.763,4.81
1,14.49341,180.1,151,94,270,180.1,3.54,0.037,1.793,5.553
1,14.4981,213.1,151,87,262,213.1,3.24,0.031,1.738,4.693
1,14.50286,210.4,150,82,252,210.4,3.48,0.032,1.676,4.753
1,14.50756,212.7,149,88,257,212.7,3.21,0.032,1.725,4.701
1,14.51206,221.9,149,82,291,221.9,3.3,0.03,1.947,4.506
1,14.51673,214.2,149,90,254,214.2,3.11,0.031,1.701,4.669
1,14.52193,192.2,149,91,287,192.2,3.43,0.035,1.929,5.202
1,14.52646,221.1,149,86,230,221.1,3.15,0.03,1.543,4.522
1,14.53131,206.2,150,82,251,206.2,3.55,0.032,1.676,4.85
1,14.53633,199.3,149,95,281,199.3,3.17,0.034,1.882,5.019
1,14.54095,216.3,149,96,278,216.3,2.89,0.031,1.869,4.623
1,14.54614,192.5,149,85,285,192.5,3.67,0.035,1.917,5.196
1,14.5514,190.1,148,92,285,190.1,3.43,0.035,1.922,5.26
1,14.55587,223.8,149,80,249,223.8,3.35,0.03,1.676,4.469
1,14.56083,201.9,149,88,275,201.9,3.38,0.033,1.851,4.954
1,14.56565,207.3,149,86,263,207.3,3.37,0.032,1.765,4.825
1,14.57038,211.3,149,91,287,211.3,3.12,0.032,1.921,4.731
1,14.57526,204.8,149,82,276,204.8,3.57,0.033,1.849,4.883
1,14.57942,240.8,149,90,250,240.8,2.77,0.028,1.673,4.154
1,14.58418,210.2,149,84,251,210.2,3.4,0.032,1.689,4.757
1,14.58835,239.4,148,92,262,239.4,2.72,0.028,1.762,4.178
1,14.59325,204.0,148,87,288,204.0,3.38,0.033,1.942,4.902
1,14.59848,191.5,148,88,294,191.5,3.56,0.035,1.984,5.223
1,14.60275,234.1,148,85,237,234.1,3.02,0.029,1.604,4.271
1,14.60731,219.4,147,89,251,219.4,3.07,0.031,1.703,4.558
1,14.61279,182.4,147,82,285,182.4,4.01,0.037,1.937,5.483
1,14.61773,202.4,147,79,254,202.4,3.75,0.034,1.731,4.941
1,14.62272,200.6,147,86,260,200.6,3.48,0.034,1.77,4.985
1,14.62774,198.9,148,87,262,198.9,3.47,0.034,1.778,5.028
1,14.63278,198.7,148,85,280,198.7,3.55,0.034,1.896,5.031
1,14.63798,192.3,148,88,275,192.3,3.55,0.035,1.862,5.201
1,14.64301,198.8,148,96,303,198.8,3.14,0.034,2.045,5.03
1,14.64781,208.1,149,84,278,208.1,3.43,0.032,1.87,4.806
1,14.65332,181.6,148,83,297,181.6,3.98,0.037,1.999,5.506
1,14.65823,203.6,149,87,287,203.6,3.39,0.033,1.929,4.911
1,14.66362,185.6,149,88,270,185.6,3.67,0.036,1.81,5.389
1,14.66797,229.8,149,85,249,229.8,3.07,0.029,1.668,4.352
1,14.67328,188.4,150,89,263,188.4,3.58,0.035,1.756,5.307
1,14.67858,188.7,150,87,274,188.7,3.66,0.035,1.824,5.301
1,14.68369,195.7,150,84,308,195.7,3.65,0.034,2.05,5.11
1,14.68865,201.6,151,90,270,201.6,3.31,0.033,1.794,4.961
1,14.69391,190.2,150,88,265,190.2,3.58,0.035,1.764,5.257
1,14.6988,204.4,151,92,284,204.4,3.19,0.032,1.882,4.892
1,14.70339,217.9,150,86,256,217.9,3.2,0.031,1.703,4.59
1,14.7089,181.6,150,84,287,181.6,3.93,0.037,1.909,5.506
1,14.71332,226.2,150,88,257,226.2,3.01,0.029,1.71,4.422
1,14.71817,206.0,151,94,287,206.0,3.1,0.032,1.908,4.855
1,14.72262,224.9,151,88,267,224.9,3.03,0.03,1.771,4.446
1,14.7269,233.7,150,88,267,233.7,2.92,0.029,1.779,4.28
1,14.73109,238.5,150,83,232,238.5,3.03,0.028,1.542,4.193
1,14.73608,200.4,151,91,288,200.4,3.29,0.033,1.912,4.99
1,14.74136,189.3,151,95,313,189.3,3.34,0.035,2.082,5.283
1,14.74558,237.3,151,87,235,237.3,2.91,0.028,1.562,4.214
1,14.74958,250.1,151,88,248,250.1,2.73,0.027,1.65,3.998
1,14.7548,191.4,150,82,284,191.4,3.82,0.035,1.888,5.225
1,14.75959,209.0,151,89,265,209.0,3.23,0.032,1.753,4.785
1,14.76413,219.9,151,85,262,219.9,3.21,0.03,1.736,4.548
1,14.76931,193.1,151,87,276,193.1,3.57,0.034,1.827,5.178
1,14.77419,205.1,151,84,263,205.1,3.48,0.032,1.741,4.876
1,14.77893,210.9,151,85,271,210.9,3.35,0.031,1.791,4.741
1,14.78419,189.9,152,84,279,189.9,3.76,0.035,1.842,5.266
1,14.78913,202.5,152,81,234,202.5,3.66,0.033,1.544,4.939
1,14.79354,227.0,152,85,237,227.0,3.11,0.029,1.559,4.405
1,14.79816,216.4,152,83,268,216.4,3.34,0.03,1.761,4.621
1,14.80383,176.3,152,85,277,176.3,4.0,0.037,1.824,5.673
1,14.80856,211.3,152,84,248,211.3,3.38,0.031,1.628,4.733
1,14.81398,184.8,153,86,277,184.8,3.77,0.035,1.814,5.411
1,14.81837,227.4,153,87,254,227.4,3.03,0.029,1.667,4.397
1,14.82372,187.1,153,85,260,187.1,3.77,0.035,1.702,5.346
1,14.82835,216.1,153,90,250,216.1,3.08,0.03,1.633,4.627
1,14.83253,239.3,153,84,249,239.3,2.99,0.027,1.634,4.179
1,14.83728,210.3,152,92,247,210.3,3.1,0.031,1.625,4.754
1,14.84258,188.5,152,88,279,188.5,3.62,0.035,1.834,5.304
1,14.84693,230.2,152,89,254,230.2,2.93,0.029,1.669,4.344
1,14.85262,175.7,152,89,321,175.7,3.84,0.037,2.105,5.691
1,14.85721,218.0,152,88,282,218.0,3.13,0.03,1.847,4.587
1,14.8622,200.4,153,88,255,200.4,3.4,0.033,1.671,4.99
1,14.86732,195.1,152,91,263,195.1,3.38,0.034,1.73,5.127
1,14.87314,171.9,152,92,281,171.9,3.79,0.038,1.851,5.818
1,14.87811,201.3,151,85,267,201.3,3.51,0.033,1.764,4.969
1,14.88298,205.3,151,87,236,205.3,3.36,0.032,1.56,4.871
1,14.88825,189.8,152,79,289,189.8,4.0,0.035,1.902,5.27
1,14.89298,211.4,152,80,278,211.4,3.55,0.031,1.828,4.731
1,14.89735,228.8,151,86,244,228.8,3.05,0.029,1.616,4.371
1,14.90225,204.2,151,94,312,204.2,3.13,0.032,2.067,4.897
1,14.90683,218.1,151,83,256,218.1,3.32,0.03,1.691,4.586
1,14.91168,206.4,151,94,261,206.4,3.09,0.032,1.73,4.845
1,14.91654,205.7,151,90,274,205.7,3.24,0.032,1.81,4.863
1,14.92156,199.5,151,91,260,199.5,3.31,0.033,1.715,5.013
1,14.92631,210.3,152,86,261,210.3,3.32,0.031,1.721,4.756
1,14.93104,211.6,152,92,257,211.6,3.08,0.031,1.695,4.727
1,14.9358,210.1,151,86,268,210.1,3.32,0.032,1.774,4.759
1,14.94045,214.7,151,85,250,214.7,3.29,0.031,1.66,4.657
1,14.94529,206.8,151,85,268,206.8,3.41,0.032,1.778,4.836
1,14.95041,195.4,151,85,287,195.4,3.61,0.034,1.903,5.119
1,14.95571,188.7,151,90,296,188.7,3.53,0.035,1.959,5.3
1,14.96104,187.4,152,90,291,187.4,3.56,0.035,1.921,5.335
1,14.96565,217.0,151,87,246,217.0,3.18,0.031,1.629,4.608
1,14.97021,219.3,151,79,256,219.3,3.46,0.03,1.69,4.559
1,14.97457,229.1,151,92,257,229.1,2.85,0.029,1.705,4.364
1,14.97898,226.9,151,89,255,226.9,2.97,0.029,1.689,4.408
1,14.98401,198.9,151,97,278,198.9,3.11,0.033,1.839,5.027
1,14.98857,219.1,151,84,263,219.1,3.26,0.03,1.745,4.564
1,14.99401,184.0,151,90,290,184.0,3.62,0.036,1.925,5.436
1,14.99847,224.2,151,86,223,224.2,3.11,0.029,1.477,4.46
1,15.00371,190.9,151,88,251,190.9,3.57,0.035,1.663,5.238
1,15.00855,206.7,151,87,284,206.7,3.34,0.032,1.875,4.839
1,15.01302,223.7,151,78,252,223.7,3.44,0.03,1.666,4.47
1,15.0178,209.0,151,87,256,209.0,3.3,0.032,1.693,4.784
1,15.02245,214.9,151,79,266,214.9,3.53,0.031,1.761,4.654
1,15.02731,206.1,151,90,249,206.1,3.23,0.032,1.646,4.851
1,15.03206,210.2,151,85,280,210.2,3.36,0.032,1.852,4.758
1,15.03627,237.8,151,85,239,237.8,2.97,0.028,1.58,4.205
1,15.04118,203.6,151,86,251,203.6,3.43,0.033,1.665,4.913
1,15.04588,212.9,150,86,260,212.9,3.28,0.031,1.733,4.698
1,15.05066,209.3,150,88,262,209.3,3.26,0.032,1.751,4.777
1,15.05533,213.8,150,85,266,213.8,3.3,0.031,1.774,4.678
1,15.06071,186.1,150,91,291,186.1,3.54,0.036,1.938,5.373
1,15.06566,201.8,151,81,276,201.8,3.67,0.033,1.831,4.956
1,15.07028,216.8,151,90,263,216.8,3.08,0.03,1.739,4.613
1,15.0749,216.3,151,89,273,216.3,3.12,0.031,1.805,4.622
1,15.07959,213.0,151,88,273,213.0,3.2,0.031,1.804,4.694
1,15.08404,224.6,152,82,256,224.6,3.26,0.029,1.687,4.452
1,15.08887,207.3,151,83,266,207.3,3.49,0.032,1.755,4.825
1,15.09351,215.6,151,94,240,215.6,2.96,0.031,1.588,4.638
1,15.09842,203.4,151,89,253,203.4,3.31,0.033,1.677,4.917
1,15.10295,221.1,152,79,265,221.1,3.43,0.03,1.747,4.522
1,15.10785,203.8,152,83,270,203.8,3.55,0.032,1.78,4.907
1,15.11277,203.2,151,91,256,203.2,3.24,0.032,1.689,4.92
1,15.11739,216.6,151,85,249,216.6,3.26,0.031,1.65,4.616
1,15.12218,208.8,151,88,255,208.8,3.27,0.032,1.687,4.79
1,15.12696,209.1,152,75,244,209.1,3.83,0.032,1.611,4.782
1,15.13194,201.0,152,93,284,201.0,3.21,0.033,1.874,4.975
1,15.1371,193.7,152,100,269,193.7,3.1,0.034,1.769,5.163
1,15.14184,210.7,151,88,280,210.7,3.24,0.031,1.849,4.745
1,15.14684,200.3,152,83,282,200.3,3.61,0.033,1.863,4.992
1,15.1515,214.5,152,83,252,214.5,3.37,0.031,1.664,4.663
1,15.15651,199.6,152,86,281,199.6,3.5,0.033,1.855,5.011
1,15.16179,189.4,151,88,280,189.4,3.6,0.035,1.854,5.28
1,15.16683,198.4,151,90,278,198.4,3.36,0.033,1.839,5.041
1,15.17204,191.8,151,81,281,191.8,3.86,0.035,1.87,5.214
1,15.17633,233.3,151,85,241,233.3,3.03,0.028,1.599,4.287
1,15.18106,211.3,151,96,274,211.3,2.96,0.031,1.82,4.732
1,15.18636,188.9,151,85,294,188.9,3.74,0.035,1.948,5.295
1,15.19114,209.2,151,88,278,209.2,3.26,0.032,1.843,4.781
1,15.19579,215.2,151,85,253,215.2,3.28,0.031,1.675,4.648
1,15.20099,192.3,151,81,273,192.3,3.85,0.034,1.806,5.199
1,15.20589,203.8,151,89,271,203.8,3.31,0.032,1.788,4.908
1,15.2112,188.3,152,90,282,188.3,3.54,0.035,1.862,5.31
1,15.21662,184.8,152,83,285,184.8,3.91,0.036,1.877,5.412
1,15.22148,205.4,151,80,264,205.4,3.65,0.032,1.746,4.868
1,15.22622,211.3,151,89,271,211.3,3.19,0.031,1.8,4.733
1,15.23134,195.3,151,87,317,195.3,3.53,0.034,2.104,5.121
1,15.23659,190.5,151,85,292,190.5,3.71,0.035,1.937,5.25
1,15.2413,212.2,151,93,244,212.2,3.04,0.031,1.618,4.712
1,15.24655,190.3,151,94,281,190.3,3.35,0.035,1.854,5.256
1,15.25167,195.7,152,84,277,195.7,3.65,0.034,1.827,5.111
1,15.25641,210.8,152,74,251,210.8,3.85,0.031,1.658,4.744
1,15.2614,200.2,152,88,258,200.2,3.41,0.033,1.697,4.995
1,15.26623,207.4,152,95,250,207.4,3.05,0.032,1.642,4.822
1,15.2714,193.1,152,85,284,193.1,3.65,0.034,1.862,5.177
1,15.27578,228.5,152,79,243,228.5,3.32,0.029,1.594,4.377
1,15.28078,199.9,152,88,281,199.9,3.41,0.033,1.846,5.004
1,15.2851,231.6,152,83,236,231.6,3.12,0.028,1.551,4.318
1,15.28954,225.6,152,85,281,225.6,3.13,0.029,1.85,4.433
1,15.29408,219.8,151,87,265,219.8,3.14,0.03,1.749,4.549
1,15.29907,200.5,151,94,272,200.5,3.18,0.033,1.798,4.987
1,15.30334,234.6,151,86,237,234.6,2.97,0.028,1.574,4.263
1,15.30775,226.6,151,88,217,226.6,3.01,0.029,1.436,4.413
1,15.31253,209.1,151,84,259,209.1,3.42,0.032,1.716,4.782
1,15.31751,200.8,152,80,254,200.8,3.74,0.033,1.673,4.981
1,15.32255,198.4,152,88,271,198.4,3.44,0.033,1.79,5.039
1,15.32767,195.2,152,84,295,195.2,3.66,0.034,1.945,5.122
1,15.33307,185.4,152,92,303,185.4,3.52,0.035,1.991,5.394
1,15.33771,215.3,153,86,283,215.3,3.24,0.03,1.853,4.645
1,15.3424,213.4,153,83,272,213.4,3.39,0.031,1.784,4.686
1,15.34742,199.2,153,90,316,199.2,3.35,0.033,2.066,5.019
1,15.35201,217.9,152,92,238,217.9,2.99,0.03,1.562,4.589
1,15.35732,188.1,153,85,282,188.1,3.75,0.035,1.847,5.316
1,15.36161,233.1,153,88,260,233.1,2.92,0.028,1.697,4.29
1,15.36632,212.3,152,91,258,212.3,3.11,0.031,1.692,4.71
1,15.37039,245.9,152,83,232,245.9,2.94,0.027,1.518,4.066
1,15.37547,196.9,153,87,302,196.9,3.5,0.033,1.978,5.078
1,15.37992,224.4,152,91,245,224.4,2.94,0.029,1.609,4.456
1,15.38494,199.2,151,82,272,199.2,3.67,0.033,1.801,5.019
1,15.38982,205.0,152,93,279,205.0,3.15,0.032,1.835,4.878
1,15.39506,190.8,152,96,281,190.8,3.28,0.035,1.848,5.242
1,15.4001,198.3,152,93,275,198.3,3.25,0.033,1.812,5.043
1,15.40514,198.7,151,90,300,198.7,3.36,0.033,1.987,5.034
1,15.41072,179.0,152,88,304,179.0,3.81,0.037,2.001,5.585
1,15.41592,192.3,152,98,305,192.3,3.18,0.034,2.003,5.2
1,15.42077,206.1,152,85,269,206.1,3.42,0.032,1.764,4.851
1,15.426,191.2,153,81,298,191.2,3.87,0.034,1.955,5.231
1,15.43111,195.7,153,89,260,195.7,3.44,0.033,1.704,5.109
1,15.43636,190.6,153,85,289,190.6,3.7,0.034,1.887,5.247
1,15.44147,195.7,153,96,309,195.7,3.19,0.033,2.015,5.111
1,15.44641,202.3,153,89,258,202.3,3.33,0.032,1.683,4.943
1,15.45074,231.3,153,84,256,231.3,3.09,0.028,1.67,4.323
1,15.45573,200.4,153,89,257,200.4,3.36,0.033,1.679,4.991
1,15.46049,210.1,153,81,247,210.1,3.52,0.031,1.615,4.759
1,15.46511,216.6,153,90,263,216.6,3.08,0.03,1.721,4.617
1,15.47013,198.9,152,91,268,198.9,3.32,0.033,1.768,5.028
1,15.47485,211.9,151,92,274,211.9,3.08,0.031,1.814,4.719
1,15.47984,200.6,152,84,266,200.6,3.56,0.033,1.75,4.985
1,15.48492,196.6,152,89,284,196.6,3.43,0.033,1.868,5.087
1,15.48954,216.9,152,93,279,216.9,2.98,0.03,1.835,4.611
1,15.4949,186.5,153,91,293,186.5,3.54,0.035,1.919,5.362
1,15.49952,216.2,152,87,273,216.2,3.19,0.03,1.797,4.625
1,15.50413,217.2,151,85,262,217.2,3.25,0.03,1.728,4.604
1,15.50872,217.7,152,95,232,217.7,2.9,0.03,1.531,4.594
1,15.5136,205.0,152,85,271,205.0,3.44,0.032,1.791,4.878
1,15.51812,221.4,151,94,274,221.4,2.88,0.03,1.815,4.517
1,15.52323,195.4,151,95,288,195.4,3.23,0.034,1.905,5.118
1,15.52778,220.1,151,87,269,220.1,3.13,0.03,1.779,4.544
1,15.53256,209.3,150,83,262,209.3,3.45,0.032,1.74,4.778
1,15.53766,196.1,150,87,281,196.1,3.52,0.034,1.877,5.099
1,15.54239,211.1,149,85,273,211.1,3.34,0.032,1.825,4.736
1,15.54699,217.5,150,96,264,217.5,2.87,0.031,1.768,4.597
1,15.55211,195.3,150,84,270,195.3,3.66,0.034,1.807,5.119
1,15.55649,228.1,149,89,233,228.1,2.96,0.029,1.564,4.384
1,15.5613,208.1,149,90,261,208.1,3.2,0.032,1.749,4.805
1,15.56624,202.3,150,85,262,202.3,3.49,0.033,1.75,4.943
1,15.571,210.2,149,89,303,210.2,3.21,0.032,2.038,4.757
1,15.57636,186.4,149,92,321,186.4,3.5,0.036,2.154,5.366
1,15.58136,200.0,148,93,262,200.0,3.23,0.034,1.767,5.0
1,15.58658,191.7,149,90,312,191.7,3.48,0.035,2.097,5.216
1,15.59124,214.4,148,87,272,214.4,3.22,0.031,1.833,4.664
1,15.59666,184.5,149,89,285,184.5,3.65,0.036,1.92,5.42
1,15.6019,190.9,149,95,277,190.9,3.31,0.035,1.858,5.238
1,15.60671,207.9,149,89,298,207.9,3.24,0.032,2.002,4.809
1,15.61198,189.7,149,88,287,189.7,3.6,0.035,1.921,5.273
1,15.61666,213.8,150,90,256,213.8,3.12,0.031,1.709,4.676
1,15.62158,203.2,150,93,275,203.2,3.18,0.033,1.834,4.921
1,15.62644,205.7,150,94,281,205.7,3.1,0.032,1.869,4.861
1,15.63165,192.1,151,88,278,192.1,3.55,0.035,1.841,5.206
1,15.63623,218.0,151,93,262,218.0,2.96,0.03,1.738,4.587
1,15.64103,208.4,151,83,276,208.4,3.47,0.032,1.828,4.798
1,15.64637,187.3,151,92,280,187.3,3.48,0.035,1.859,5.338
1,15.65152,194.2,151,89,263,194.2,3.47,0.034,1.744,5.15
1,15.65676,190.9,151,90,292,190.9,3.49,0.035,1.93,5.239
1,15.66146,212.4,151,93,262,212.4,3.04,0.031,1.734,4.708
1,15.66643,201.3,151,78,281,201.3,3.82,0.033,1.862,4.967
1,15.67121,209.4,151,83,285,209.4,3.45,0.032,1.885,4.775
1,15.67595,210.6,152,93,293,210.6,3.06,0.031,1.929,4.749
1,15.68094,200.5,152,85,295,200.5,3.52,0.033,1.943,4.988
1,15.686,197.8,152,87,292,197.8,3.49,0.033,1.921,5.056
1,15.69071,212.3,152,92,288,212.3,3.07,0.031,1.889,4.711
1,15.6956,204.4,152,87,280,204.4,3.37,0.032,1.843,4.893
1,15.70002,226.5,152,81,279,226.5,3.27,0.029,1.839,4.415
1,15.70527,190.3,152,85,278,190.3,3.71,0.035,1.832,5.254
1,15.70957,232.6,152,93,265,232.6,2.77,0.028,1.74,4.299
1,15.71418,217.0,152,76,282,217.0,3.64,0.03,1.855,4.608
1,15.71936,193.0,153,91,294,193.0,3.42,0.034,1.925,5.181
1,15.72416,208.2,154,96,280,208.2,3.0,0.031,1.824,4.804
1,15.72873,219.1,153,91,245,219.1,3.01,0.03,1.603,4.565
1,15.73365,203.3,152,84,284,203.3,3.51,0.032,1.87,4.918
1,15.73845,208.2,152,83,285,208.2,3.47,0.032,1.875,4.802
1,15.74341,201.4,152,91,303,201.4,3.27,0.033,1.991,4.964
1,15.7479,222.8,152,82,228,222.8,3.28,0.03,1.503,4.489
1,15.75363,174.6,152,100,341,174.6,3.44,0.038,2.237,5.728
1,15.75893,188.6,152,94,270,188.6,3.38,0.035,1.773,5.303
1,15.764,197.5,153,81,271,197.5,3.75,0.033,1.779,5.063
1,15.76935,186.8,153,86,310,186.8,3.73,0.035,2.029,5.352
1,15.77435,199.8,153,88,290,199.8,3.41,0.033,1.895,5.005
1,15.77926,203.8,153,84,300,203.8,3.5,0.032,1.959,4.907
1,15.78402,209.9,153,88,278,209.9,3.25,0.031,1.81,4.763
1,15.78913,195.8,153,91,287,195.8,3.37,0.033,1.872,5.106
1,15.7939,209.5,153,92,277,209.5,3.11,0.031,1.805,4.773
1,15.79879,204.5,154,89,290,204.5,3.3,0.032,1.889,4.889
1,15.80346,214.3,154,84,285,214.3,3.33,0.03,1.85,4.667
1,15.80784,228.1,153,89,260,228.1,2.96,0.029,1.693,4.383
1,15.81267,207.1,154,89,278,207.1,3.26,0.031,1.808,4.828
1,15.81764,201.4,154,87,287,201.4,3.42,0.032,1.865,4.966
1,15.82292,189.3,154,99,324,189.3,3.2,0.034,2.099,5.283
1,15.82836,183.7,154,84,282,183.7,3.89,0.035,1.835,5.445
1,15.83299,216.2,154,82,274,216.2,3.38,0.03,1.776,4.625
1,15.83803,198.5,154,91,278,198.5,3.32,0.033,1.798,5.037
1,15.84271,213.6,154,86,277,213.6,3.27,0.03,1.791,4.683
1,15.84794,191.3,155,80,268,191.3,3.92,0.034,1.733,5.228
1,15.85324,188.7,154,90,278,188.7,3.53,0.034,1.801,5.299
1,15.85801,209.3,155,93,305,209.3,3.08,0.031,1.969,4.777
1,15.86281,208.3,154,92,275,208.3,3.13,0.031,1.783,4.801
1,15.86783,199.6,155,85,300,199.6,3.54,0.032,1.94,5.011
1,15.87287,198.1,154,89,308,198.1,3.4,0.033,1.996,5.049
1,15.87757,212.7,154,84,279,212.7,3.36,0.03,1.81,4.701
1,15.8824,207.4,154,84,290,207.4,3.44,0.031,1.884,4.822
1,15.8872,208.0,154,93,284,208.0,3.1,0.031,1.838,4.807
1,15.89244,191.1,154,93,324,191.1,3.38,0.034,2.102,5.232
1,15.89742,200.5,154,87,270,200.5,3.44,0.032,1.754,4.987
1,15.90233,203.8,154,84,298,203.8,3.5,0.032,1.939,4.906
1,15.90738,197.8,154,84,284,197.8,3.61,0.033,1.849,5.056
1,15.91296,179.2,154,87,327,179.2,3.85,0.036,2.129,5.58
1,15.91833,186.4,154,84,276,186.4,3.83,0.035,1.796,5.365
1,15.92328,202.0,154,85,293,202.0,3.49,0.032,1.905,4.951
1,15.92842,194.7,153,86,311,194.7,3.58,0.034,2.031,5.135
1,15.93333,203.5,153,82,286,203.5,3.6,0.032,1.87,4.914
1,15.93856,191.2,153,90,285,191.2,3.49,0.034,1.864,5.23
1,15.94346,204.1,153,79,286,204.1,3.72,0.032,1.866,4.9
1,15.94924,173.0,153,85,305,173.0,4.08,0.038,1.995,5.781
1,15.95405,207.8,153,93,320,207.8,3.1,0.031,2.087,4.811
1,15.95881,210.4,153,86,273,210.4,3.32,0.031,1.784,4.753
1,15.96375,202.3,153,88,242,202.3,3.37,0.032,1.577,4.943
1,15.96855,208.1,153,76,273,208.1,3.79,0.031,1.789,4.805
1,15.97369,194.7,153,97,304,194.7,3.18,0.034,1.991,5.136
1,15.97825,219.1,152,89,291,219.1,3.08,0.03,1.909,4.564
1,15.98316,203.7,153,93,301,203.7,3.17,0.032,1.97,4.909
1,15.98801,206.3,153,89,291,206.3,3.27,0.032,1.904,4.848
1,15.99245,225.2,153,85,245,225.2,3.13,0.029,1.604,4.44
1,15.99715,212.8,153,83,302,212.8,3.4,0.031,1.975,4.698
1,16.00202,205.3,154,90,268,205.3,3.25,0.032,1.743,4.871
1,16.0069,204.8,154,92,285,204.8,3.18,0.032,1.855,4.882
1,16.01224,187.4,154,96,299,187.4,3.33,0.035,1.946,5.336
1,16.01744,192.3,154,93,311,192.3,3.36,0.034,2.027,5.2
1,16.02255,195.5,154,84,291,195.5,3.65,0.033,1.886,5.116
1,16.0282,177.0,155,86,297,177.0,3.94,0.037,1.922,5.65
1,16.03348,189.5,155,92,266,189.5,3.44,0.034,1.715,5.277
1,16.03776,233.7,155,93,261,233.7,2.76,0.028,1.686,4.278
1,16.0429,194.4,154,87,261,194.4,3.55,0.033,1.688,5.143
1,16.04803,194.8,154,89,287,194.8,3.46,0.033,1.857,5.134
1,16.05294,203.8,154,80,298,203.8,3.68,0.032,1.931,4.907
1,16.05854,178.5,154,87,316,178.5,3.86,0.036,2.044,5.603
1,16.06328,211.4,154,87,270,211.4,3.26,0.031,1.749,4.731
1,16.0684,195.3,154,82,292,195.3,3.75,0.033,1.894,5.122
1,16.07313,211.1,154,92,267,211.1,3.09,0.031,1.728,4.737
1,16.07812,200.5,154,84,270,200.5,3.56,0.032,1.748,4.987
1,16.08312,200.2,155,92,288,200.2,3.26,0.032,1.86,4.995
1,16.08822,195.8,155,88,304,195.8,3.48,0.033,1.962,5.108
1,16.09366,183.8,156,91,305,183.8,3.59,0.035,1.96,5.44
1,16.09933,176.5,156,84,308,176.5,4.05,0.036,1.976,5.666
1,16.10489,179.8,156,87,324,179.8,3.84,0.036,2.078,5.562
1,16.11014,190.5,156,83,301,190.5,3.79,0.034,1.934,5.249
1,16.11525,195.8,156,89,302,195.8,3.44,0.033,1.931,5.107
1,16.12046,191.8,156,86,310,191.8,3.64,0.033,1.981,5.215
1,16.12529,207.2,156,89,260,207.2,3.25,0.031,1.669,4.827
1,16.13085,179.8,156,91,319,179.8,3.67,0.036,2.046,5.56
1,16.13658,174.5,156,85,334,174.5,4.05,0.037,2.139,5.731
1,16.14232,174.3,156,92,326,174.3,3.74,0.037,2.085,5.738
1,16.14757,190.4,156,86,311,190.4,3.66,0.034,1.986,5.251
1,16.15264,197.2,157,89,301,197.2,3.42,0.032,1.918,5.072
1,16.15762,200.9,157,90,303,200.9,3.32,0.032,1.925,4.977
1,16.16214,221.0,158,82,290,221.0,3.31,0.029,1.837,4.525
1,16.16724,196.1,158,91,320,196.1,3.36,0.032,2.027,5.1
1,16.17282,179.2,158,82,306,179.2,4.08,0.035,1.938,5.581
1,16.17744,216.8,158,86,296,216.8,3.22,0.029,1.875,4.613
1,16.18296,181.2,158,87,304,181.2,3.81,0.035,1.924,5.52
1,16.18771,210.2,158,84,269,210.2,3.4,0.03,1.703,4.758
1,16.1926,204.7,158,86,295,204.7,3.41,0.031,1.867,4.884
1,16.19782,191.5,159,89,324,191.5,3.52,0.033,2.039,5.222
1,16.20302,192.3,158,87,320,192.3,3.59,0.033,2.022,5.199
1,16.2079,205.0,158,84,273,205.0,3.48,0.031,1.726,4.878
1,16.21294,198.3,158,86,295,198.3,3.52,0.032,1.865,5.044
1,16.21834,185.3,158,92,309,185.3,3.52,0.034,1.955,5.397
1,16.22343,196.5,159,84,305,196.5,3.63,0.032,1.921,5.089
1,16.22881,185.8,159,78,326,185.8,4.14,0.034,2.058,5.384
1,16.23376,202.1,158,93,297,202.1,3.19,0.031,1.886,4.949
1,16.23866,204.2,157,83,301,204.2,3.54,0.031,1.91,4.897
1,16.24345,208.5,158,87,278,208.5,3.31,0.03,1.762,4.796
1,16.24868,191.4,158,93,278,191.4,3.37,0.033,1.758,5.225
1,16.25382,194.6,158,83,304,194.6,3.71,0.032,1.919,5.139
1,16.25862,208.1,158,92,283,208.1,3.13,0.03,1.795,4.804
1,16.26411,182.2,158,91,317,182.2,3.62,0.035,2.005,5.489
1,16.26918,197.3,159,88,284,197.3,3.46,0.032,1.792,5.069
1,16.27422,198.3,158,89,284,198.3,3.4,0.032,1.793,5.043
1,16.27949,190.0,158,82,282,190.0,3.85,0.033,1.785,5.263
1,16.2842,212.0,158,93,285,212.0,3.04,0.03,1.808,4.718
1,16.28968,182.6,157,94,283,182.6,3.5,0.035,1.8,5.476
1,16.29543,174.0,158,86,310,174.0,4.01,0.036,1.965,5.746
1,16.30053,196.0,158,88,301,196.0,3.48,0.032,1.906,5.102
1,16.30603,181.9,158,95,326,181.9,3.47,0.035,2.062,5.498
1,16.31083,208.2,158,88,281,208.2,3.27,0.03,1.78,4.803
1,16.31578,202.2,158,85,277,202.2,3.49,0.031,1.747,4.947
1,16.32068,204.1,158,94,302,204.1,3.13,0.031,1.91,4.9
1,16.32553,206.2,158,88,302,206.2,3.31,0.031,1.905,4.85
1,16.33099,182.9,159,86,313,182.9,3.81,0.034,1.971,5.467
1,16.33648,182.4,158,85,304,182.4,3.87,0.035,1.921,5.482
1,16.34153,197.7,158,85,303,197.7,3.57,0.032,1.917,5.058
1,16.34686,187.6,158,81,289,187.6,3.95,0.034,1.836,5.33
1,16.35195,196.5,157,89,315,196.5,3.43,0.032,2.004,5.089
1,16.35753,179.1,157,86,293,179.1,3.89,0.036,1.865,5.583
1,16.36284,188.3,157,85,290,188.3,3.75,0.034,1.849,5.31
1,16.36773,204.8,156,93,268,204.8,3.15,0.031,1.715,4.882
1,16.37272,200.2,157,89,301,200.2,3.37,0.032,1.917,4.994
1,16.37795,191.3,157,93,293,191.3,3.37,0.033,1.869,5.226
1,16.38306,195.5,157,87,318,195.5,3.53,0.033,2.023,5.114
1,16.38847,184.8,157,89,297,184.8,3.65,0.034,1.893,5.412
1,16.39378,188.4,157,87,295,188.4,3.66,0.034,1.88,5.308
1,16.39904,190.1,156,89,286,190.1,3.55,0.034,1.834,5.261
1,16.40439,186.9,156,84,307,186.9,3.82,0.034,1.965,5.35
1,16.40933,202.7,156,95,301,202.7,3.12,0.032,1.931,4.933
1,16.41476,184.0,156,82,331,184.0,3.98,0.035,2.118,5.435
1,16.42005,189.2,156,83,316,189.2,3.82,0.034,2.025,5.286
1,16.42477,211.9,156,91,283,211.9,3.11,0.03,1.814,4.72
1,16.42951,210.8,157,84,286,210.8,3.39,0.03,1.829,4.743
1,16.43426,210.4,157,88,278,210.4,3.24,0.03,1.774,4.754
1,16.43893,214.5,157,84,299,214.5,3.33,0.03,1.903,4.662
1,16.44433,185.2,157,85,307,185.2,3.81,0.034,1.955,5.4
1,16.45021,169.8,157,86,314,169.8,4.11,0.038,2.01,5.89
1,16.45548,189.9,157,93,310,189.9,3.4,0.034,1.976,5.267
1,16.46071,191.4,157,91,314,191.4,3.44,0.033,1.997,5.224
1,16.4656,204.3,157,88,303,204.3,3.34,0.031,1.928,4.895
1,16.47048,204.9,157,84,286,204.9,3.49,0.031,1.82,4.88
1,16.47549,199.6,157,92,297,199.6,3.27,0.032,1.89,5.01
1,16.48094,183.5,158,91,324,183.5,3.59,0.035,2.057,5.449
1,16.48649,180.1,158,93,306,180.1,3.58,0.035,1.935,5.553
1,16.4915,199.5,158,93,301,199.5,3.23,0.032,1.901,5.011
1,16.49683,187.7,158,91,295,187.7,3.51,0.034,1.86,5.329
1,16.50172,204.6,158,89,296,204.6,3.3,0.031,1.878,4.888
1,16.50694,191.6,157,88,274,191.6,3.56,0.033,1.741,5.22
1,16.51173,209.0,157,93,301,209.0,3.09,0.03,1.916,4.785
1,16.51687,194.5,157,91,310,194.5,3.39,0.033,1.971,5.142
1,16.52209,191.4,157,94,286,191.4,3.34,0.033,1.818,5.226
1,16.52749,185.2,157,81,292,185.2,4.0,0.034,1.86,5.399
1,16.53208,218.2,157,93,284,218.2,2.96,0.029,1.811,4.583
1,16.53746,185.6,157,84,328,185.6,3.85,0.034,2.093,5.389
1,16.54202,219.6,157,85,288,219.6,3.21,0.029,1.837,4.554
1,16.54685,207.0,156,89,297,207.0,3.26,0.031,1.901,4.831
1,16.55199,194.5,156,87,292,194.5,3.55,0.033,1.87,5.141
1,16.55646,223.8,156,88,314,223.8,3.05,0.029,2.01,4.468
1,16.56176,188.7,156,84,306,188.7,3.78,0.034,1.961,5.298
1,16.56719,183.9,156,85,323,183.9,3.84,0.035,2.069,5.437
1,16.57213,202.6,156,92,278,202.6,3.22,0.032,1.783,4.937
1,16.57716,198.6,155,88,268,198.6,3.43,0.033,1.73,5.035
1,16.58251,187.2,155,92,273,187.2,3.48,0.034,1.759,5.341
1,16.58827,173.5,155,80,308,173.5,4.32,0.037,1.982,5.764
1,16.59372,183.6,155,87,292,183.6,3.76,0.035,1.882,5.446
1,16.59932,178.3,155,93,342,178.3,3.62,0.036,2.202,5.607
1,16.60469,186.3,156,85,283,186.3,3.79,0.034,1.819,5.366
1,16.61067,167.1,156,96,325,167.1,3.74,0.038,2.084,5.984
1,16.61638,175.2,156,81,299,175.2,4.23,0.037,1.918,5.709
1,16.62187,182.4,156,85,294,182.4,3.87,0.035,1.883,5.483
1,16.62678,203.4,156,87,290,203.4,3.39,0.032,1.859,4.917
1,16.63201,191.5,156,91,313,191.5,3.44,0.033,2.008,5.223
1,16.63712,195.5,156,96,290,195.5,3.2,0.033,1.865,5.114
1,16.64239,189.8,155,87,267,189.8,3.63,0.034,1.716,5.27
1,16.64776,186.1,155,98,321,186.1,3.29,0.035,2.069,5.372
1,16.65283,197.2,155,79,325,197.2,3.85,0.033,2.099,5.07
1,16.65717,230.4,156,87,244,230.4,2.99,0.028,1.569,4.34
1,16.66275,179.4,156,91,311,179.4,3.68,0.036,1.996,5.575
1,16.66808,187.5,155,91,298,187.5,3.52,0.034,1.915,5.334
1,16.67306,200.7,156,86,305,200.7,3.48,0.032,1.948,4.983
1,16.67812,197.6,156,90,311,197.6,3.37,0.032,1.988,5.06
1,16.68304,203.5,157,86,296,203.5,3.43,0.031,1.884,4.914
1,16.68859,180.0,157,86,324,180.0,3.88,0.035,2.069,5.556
1,16.69411,181.2,157,86,320,181.2,3.85,0.035,2.035,5.518
1,16.69908,201.4,157,93,295,201.4,3.2,0.032,1.877,4.966
1,16.70456,182.3,157,84,308,182.3,3.92,0.035,1.962,5.487
1,16.70967,195.9,156,90,313,195.9,3.4,0.033,2.004,5.106
1,16.71516,182.1,156,87,323,182.1,3.79,0.035,2.072,5.492
1,16.72078,178.0,156,82,304,178.0,4.11,0.036,1.947,5.617
1,16.72607,189.0,157,92,313,189.0,3.45,0.034,1.994,5.291
1,16.73137,188.7,157,94,280,188.7,3.38,0.034,1.79,5.298
1,16.73638,199.7,156,87,292,199.7,3.45,0.032,1.88,5.007
1,16.74177,185.3,156,91,299,185.3,3.56,0.035,1.92,5.397
1,16.74763,170.7,155,87,312,170.7,4.04,0.038,2.008,5.857
1,16.753,186.1,155,90,310,186.1,3.58,0.035,1.997,5.372
1,16.75807,197.4,155,86,261,197.4,3.54,0.033,1.68,5.067
1,16.76308,199.7,155,90,305,199.7,3.34,0.032,1.97,5.007
1,16.76836,189.3,154,90,282,189.3,3.52,0.034,1.827,5.283
1,16.77368,188.1,155,90,313,188.1,3.54,0.034,2.021,5.316
1,16.77875,197.2,154,89,317,197.2,3.42,0.033,2.057,5.071
1,16.78379,198.2,154,89,325,198.2,3.4,0.033,2.11,5.045
1,16.78898,192.7,154,91,322,192.7,3.42,0.034,2.088,5.19
1,16.79414,193.7,155,85,290,193.7,3.64,0.033,1.878,5.163
1,16.79905,204.0,154,94,265,204.0,3.13,0.032,1.72,4.902
1,16.80408,198.8,155,79,307,198.8,3.82,0.032,1.98,5.03
1,16.80899,203.7,156,91,297,203.7,3.24,0.032,1.91,4.91
1,16.81412,194.8,156,94,322,194.8,3.28,0.033,2.072,5.134
1,16.81917,198.0,155,92,302,198.0,3.29,0.032,1.944,5.049
1,16.82459,184.6,156,90,304,184.6,3.61,0.035,1.951,5.417
1,16.82984,190.5,156,87,308,190.5,3.62,0.034,1.981,5.251
1,16.83471,205.2,156,88,309,205.2,3.32,0.031,1.986,4.873
1,16.84004,187.6,156,93,316,187.6,3.44,0.034,2.032,5.331
1,16.8451,197.6,156,86,273,197.6,3.53,0.033,1.756,5.062
1,16.84975,215.2,156,89,267,215.2,3.13,0.03,1.718,4.648
1,16.85487,195.4,155,85,306,195.4,3.61,0.033,1.969,5.118
1,16.85972,206.4,156,85,292,206.4,3.42,0.031,1.875,4.846
1,16.86507,186.9,156,82,336,186.9,3.91,0.034,2.154,5.35
1,16.87061,180.4,156,82,309,180.4,4.06,0.035,1.976,5.542
1,16.87608,182.6,157,94,320,182.6,3.5,0.035,2.039,5.476
1,16.88117,196.8,157,93,313,196.8,3.28,0.032,1.987,5.082
1,16.88661,183.6,157,91,316,183.6,3.59,0.035,2.011,5.447
1,16.89145,206.8,157,88,280,206.8,3.3,0.031,1.781,4.837
1,16.89677,187.8,158,88,310,187.8,3.63,0.034,1.971,5.324
1,16.902,191.2,158,90,330,191.2,3.49,0.033,2.089,5.231
1,16.90735,187.0,158,94,317,187.0,3.41,0.034,2.005,5.347
1,16.91207,211.8,157,90,272,211.8,3.15,0.03,1.73,4.722
1,16.91734,189.8,157,88,313,189.8,3.59,0.033,1.987,5.268
1,16.92229,201.9,157,85,289,201.9,3.5,0.031,1.838,4.952
1,16.92741,195.5,157,92,299,195.5,3.34,0.033,1.901,5.115
1,16.93295,180.6,158,92,323,180.6,3.61,0.035,2.046,5.537
1,16.93846,181.2,158,89,311,181.2,3.72,0.035,1.962,5.518
1,16.94381,187.0,158,92,316,187.0,3.49,0.034,1.995,5.349
1,16.94925,183.9,158,89,303,183.9,3.67,0.034,1.916,5.439
1,16.95495,175.6,158,91,321,175.6,3.76,0.036,2.026,5.696
1,16.96,198.1,158,93,302,198.1,3.26,0.032,1.913,5.049
1,16.96467,214.0,157,90,293,214.0,3.12,0.03,1.86,4.674
1,16.96958,203.9,157,91,291,203.9,3.23,0.031,1.851,4.905
1,16.97483,190.4,157,86,303,190.4,3.66,0.033,1.925,5.251
1,16.98023,185.2,157,82,296,185.2,3.95,0.034,1.884,5.399
1,16.98533,196.0,157,94,314,196.0,3.26,0.032,1.995,5.101
1,16.99043,195.9,157,101,299,195.9,3.03,0.033,1.905,5.105
1,16.9963,170.3,156,93,324,170.3,3.79,0.038,2.07,5.872
1,17.00095,215.4,156,88,304,215.4,3.17,0.03,1.948,4.642
1,17.00608,194.8,156,88,304,194.8,3.5,0.033,1.946,5.132
1,17.01141,187.5,157,82,314,187.5,3.9,0.034,2.007,5.333
1,17.01757,162.4,156,89,349,162.4,4.15,0.039,2.231,6.158
1,17.02299,184.5,156,90,325,184.5,3.61,0.035,2.078,5.419
1,17.02808,196.2,156,87,292,196.2,3.52,0.033,1.865,5.097
1,17.03358,181.9,156,88,292,181.9,3.75,0.035,1.871,5.497
1,17.03877,192.8,156,91,306,192.8,3.42,0.033,1.968,5.186
1,17.04414,186.0,156,92,339,186.0,3.51,0.034,2.172,5.376
1,17.04932,193.0,156,88,314,193.0,3.53,0.033,2.012,5.18
1,17.05438,197.7,156,90,293,197.7,3.37,0.032,1.878,5.057
1,17.0596,191.8,156,89,310,191.8,3.52,0.033,1.984,5.214
1,17.06497,186.1,157,89,305,186.1,3.62,0.034,1.939,5.375
1,17.07019,191.6,157,94,313,191.6,3.33,0.033,1.987,5.22
1,17.07569,181.8,157,85,324,181.8,3.88,0.035,2.058,5.501
1,17.08061,203.2,158,83,285,203.2,3.56,0.031,1.809,4.92
1,17.08555,202.4,159,81,279,202.4,3.66,0.031,1.759,4.941
1,17.0909,187.0,159,92,325,187.0,3.49,0.034,2.045,5.347
1,17.09642,181.0,160,90,329,181.0,3.68,0.035,2.062,5.525
1,17.1019,182.5,159,93,299,182.5,3.54,0.034,1.88,5.479
1,17.10694,198.7,159,87,289,198.7,3.47,0.032,1.815,5.033
1,17.11195,199.6,160,85,306,199.6,3.54,0.031,1.918,5.009
1,17.11727,187.9,159,84,327,187.9,3.8,0.033,2.051,5.321
1,17.1227,184.1,160,92,299,184.1,3.54,0.034,1.867,5.432
1,17.12801,188.2,160,86,320,188.2,3.71,0.033,1.991,5.314
1,17.13307,197.9,160,90,287,197.9,3.37,0.032,1.789,5.054
1,17.13821,194.4,160,91,328,194.4,3.39,0.032,2.053,5.144
1,17.14357,186.5,160,87,306,186.5,3.7,0.033,1.912,5.363
1,17.14903,183.1,160,90,287,183.1,3.64,0.034,1.801,5.461
1,17.15372,213.5,160,88,287,213.5,3.19,0.029,1.792,4.684
1,17.15838,214.4,160,86,284,214.4,3.25,0.029,1.778,4.664
1,17.16326,204.8,159,88,274,204.8,3.33,0.031,1.719,4.883
1,17.16847,192.0,160,92,296,192.0,3.4,0.033,1.853,5.209
1,17.1736,195.1,160,84,302,195.1,3.66,0.032,1.891,5.126
1,17.17825,215.1,159,86,301,215.1,3.24,0.029,1.888,4.648
1,17.18382,179.3,159,96,339,179.3,3.49,0.035,2.129,5.576
1,17.1893,182.7,159,89,315,182.7,3.69,0.034,1.979,5.474
1,17.19451,192.0,159,87,316,192.0,3.59,0.033,1.985,5.21
1,17.19981,188.5,159,91,276,188.5,3.5,0.033,1.728,5.305
1,17.20533,181.1,159,82,310,181.1,4.04,0.035,1.946,5.521
1,17.21018,206.4,159,86,272,206.4,3.38,0.03,1.711,4.845
1,17.21539,191.8,159,79,305,191.8,3.96,0.033,1.917,5.213
1,17.21963,235.8,159,85,264,235.8,2.99,0.027,1.659,4.24
1,17.22473,196.2,159,92,289,196.2,3.32,0.032,1.821,5.096
1,17.23018,183.3,159,88,310,183.3,3.72,0.034,1.946,5.455
1,17.23516,201.0,159,94,316,201.0,3.18,0.031,1.99,4.975
1,17.241,171.3,158,91,321,171.3,3.85,0.037,2.023,5.839
1,17.24607,197.0,158,90,300,197.0,3.38,0.032,1.895,5.077
1,17.25148,184.9,159,88,337,184.9,3.69,0.034,2.123,5.408
1,17.25638,204.1,158,86,287,204.1,3.42,0.031,1.814,4.9
1,17.26149,195.7,159,84,292,195.7,3.65,0.032,1.835,5.11
1,17.26674,190.5,159,88,314,190.5,3.58,0.033,1.973,5.25
1,17.27163,204.4,160,87,312,204.4,3.37,0.031,1.955,4.892
1,17.27675,195.5,159,85,295,195.5,3.61,0.032,1.856,5.116
1,17.28221,183.2,160,86,310,183.2,3.81,0.034,1.94,5.458
1,17.28721,200.0,160,91,309,200.0,3.3,0.031,1.928,5.001
1,17.29183,216.3,160,85,272,216.3,3.26,0.029,1.699,4.623
1,17.29668,206.1,160,93,281,206.1,3.13,0.03,1.75,4.852
1,17.30217,182.2,160,83,314,182.2,3.97,0.034,1.959,5.489
1,17.30738,192.0,160,86,284,192.0,3.63,0.033,1.77,5.209
1,17.31225,205.6,160,84,284,205.6,3.47,0.03,1.773,4.864
1,17.31656,232.0,161,88,238,232.0,2.94,0.027,1.478,4.311
1,17.32106,222.0,161,90,283,222.0,3.0,0.028,1.761,4.505
1,17.32625,192.9,161,83,301,192.9,3.75,0.032,1.863,5.184
1,17.33198,174.4,162,90,343,174.4,3.82,0.035,2.119,5.734
1,17.3366,216.3,162,86,296,216.3,3.23,0.029,1.824,4.623
1,17.34165,198.0,162,87,296,198.0,3.48,0.031,1.83,5.05
1,17.34707,184.7,162,90,324,184.7,3.61,0.033,2.002,5.414
1,17.35225,192.9,161,88,284,192.9,3.54,0.032,1.762,5.185
1,17.3574,194.4,161,90,301,194.4,3.43,0.032,1.87,5.145
1,17.36309,175.6,161,93,333,175.6,3.67,0.035,2.063,5.695
1,17.36818,196.4,162,89,279,196.4,3.43,0.032,1.729,5.092
1,17.37344,190.2,162,99,311,190.2,3.19,0.033,1.925,5.259
1,17.37904,178.7,162,92,319,178.7,3.65,0.035,1.976,5.596
1,17.38417,194.9,162,85,309,194.9,3.62,0.032,1.904,5.13
1,17.38971,180.4,163,89,306,180.4,3.74,0.034,1.883,5.544
1,17.39475,198.5,162,89,290,198.5,3.4,0.031,1.792,5.037
1,17.40001,189.9,162,87,312,189.9,3.63,0.032,1.926,5.265
1,17.4051,196.7,162,87,303,196.7,3.51,0.031,1.87,5.084
1,17.41048,185.8,162,98,317,185.8,3.29,0.033,1.96,5.382
1,17.4158,187.9,163,89,292,187.9,3.59,0.033,1.792,5.321
1,17.42082,199.4,163,91,313,199.4,3.31,0.031,1.915,5.014
1,17.42588,197.4,163,88,308,197.4,3.45,0.031,1.897,5.065
1,17.4312,188.1,163,90,308,188.1,3.54,0.033,1.894,5.315
1,17.43652,187.7,163,91,291,187.7,3.51,0.033,1.789,5.327
1,17.44174,191.6,162,84,281,191.6,3.73,0.032,1.736,5.218
1,17.4476,170.6,161,90,323,170.6,3.91,0.036,2.003,5.862
1,17.45263,199.1,162,92,309,199.1,3.28,0.031,1.906,5.024
1,17.45799,186.4,162,88,298,186.4,3.66,0.033,1.839,5.365
1,17.46269,212.7,161,83,309,212.7,3.4,0.029,1.919,4.701
1,17.46766,201.5,161,89,304,201.5,3.35,0.031,1.891,4.963
1,17.47259,202.8,161,83,313,202.8,3.56,0.031,1.943,4.93
1,17.4779,188.4,162,95,301,188.4,3.35,0.033,1.859,5.309
1,17.48273,206.7,162,86,288,206.7,3.37,0.03,1.775,4.837
1,17.48752,209.0,162,84,262,209.0,3.42,0.03,1.619,4.784
1,17.49252,199.9,162,77,259,199.9,3.9,0.031,1.602,5.002
1,17.49754,199.3,162,91,310,199.3,3.31,0.031,1.916,5.019
1,17.5026,197.4,162,76,302,197.4,4.0,0.031,1.863,5.065
1,17.50748,205.0,162,94,300,205.0,3.11,0.03,1.853,4.877
1,17.51246,200.7,161,94,289,200.7,3.18,0.031,1.795,4.982
1,17.51763,193.6,161,90,292,193.6,3.44,0.032,1.816,5.164
1,17.52315,181.1,161,88,348,181.1,3.76,0.034,2.156,5.521
1,17.52843,189.4,161,88,293,189.4,3.6,0.033,1.824,5.28
1,17.53311,213.5,160,94,289,213.5,2.99,0.029,1.803,4.685
1,17.53797,205.7,160,81,263,205.7,3.6,0.03,1.645,4.861
1,17.54289,203.5,160,92,293,203.5,3.21,0.031,1.838,4.914
1,17.54837,182.3,160,87,314,182.3,3.78,0.034,1.958,5.486
1,17.55307,212.9,161,82,295,212.9,3.44,0.029,1.839,4.696
1,17.55809,199.1,160,86,292,199.1,3.5,0.031,1.827,5.023
1,17.56329,192.3,160,85,312,192.3,3.67,0.033,1.953,5.2
1,17.56831,199.1,160,81,285,199.1,3.72,0.031,1.789,5.022
1,17.57322,203.8,160,82,289,203.8,3.59,0.031,1.807,4.906
1,17.57841,192.8,160,88,332,192.8,3.54,0.033,2.079,5.188
1,17.58333,203.0,160,88,275,203.0,3.36,0.031,1.716,4.925
1,17.58845,195.6,160,92,268,195.6,3.33,0.032,1.676,5.112
1,17.59388,183.9,160,90,311,183.9,3.63,0.034,1.946,5.439
1,17.59891,199.1,159,90,266,199.1,3.35,0.032,1.674,5.023
1,17.60395,198.2,159,87,271,198.2,3.48,0.032,1.699,5.045
1,17.60889,202.7,160,91,287,202.7,3.25,0.031,1.799,4.934
1,17.614,195.5,159,95,299,195.5,3.23,0.032,1.875,5.114
1,17.61915,194.1,159,88,282,194.1,3.51,0.032,1.772,5.153
1,17.62415,199.9,160,88,274,199.9,3.41,0.031,1.718,5.002
1,17.62953,186.1,160,87,296,186.1,3.71,0.034,1.857,5.373
1,17.63471,192.9,160,86,298,192.9,3.62,0.032,1.863,5.183
1,17.63961,204.0,160,84,283,204.0,3.5,0.031,1.768,4.901
1,17.64461,200.2,160,91,292,200.2,3.29,0.031,1.824,4.995
1,17.64981,192.2,160,89,323,192.2,3.51,0.033,2.019,5.203
1,17.65532,181.5,160,88,305,181.5,3.76,0.034,1.909,5.508
1,17.66035,198.6,160,84,286,198.6,3.6,0.031,1.785,5.034
1,17.66571,186.7,160,87,276,186.7,3.69,0.034,1.727,5.356
1,17.67076,198.0,160,89,299,198.0,3.4,0.032,1.865,5.05
1,17.6763,180.6,161,86,325,180.6,3.86,0.034,2.023,5.536
1,17.68164,187.1,160,91,292,187.1,3.52,0.033,1.827,5.344
1,17.68732,176.0,160,88,330,176.0,3.87,0.036,2.063,5.681
1,17.69256,190.7,161,88,312,190.7,3.57,0.033,1.942,5.243
1,17.69774,193.0,161,81,284,193.0,3.84,0.032,1.765,5.18
1,17.70336,178.1,161,89,307,178.1,3.79,0.035,1.907,5.615
1,17.70842,197.4,161,86,312,197.4,3.53,0.032,1.941,5.065
1,17.71398,180.1,160,93,306,180.1,3.58,0.035,1.909,5.553
1,17.71915,193.4,160,87,280,193.4,3.57,0.032,1.75,5.171
1,17.7245,186.8,160,88,325,186.8,3.65,0.034,2.036,5.354
1,17.72928,209.2,159,89,271,209.2,3.22,0.03,1.699,4.779
1,17.73413,206.3,160,88,268,206.3,3.31,0.03,1.671,4.848
1,17.73856,225.6,160,86,276,225.6,3.09,0.028,1.721,4.432
1,17.74356,200.0,161,95,276,200.0,3.16,0.031,1.721,5.0
1,17.74915,178.9,160,88,315,178.9,3.81,0.035,1.964,5.591
1,17.75456,185.0,161,85,325,185.0,3.82,0.034,2.019,5.406
1,17.75992,186.4,161,90,300,186.4,3.58,0.033,1.865,5.364
1,17.76488,201.8,162,87,313,201.8,3.42,0.031,1.937,4.954
1,17.77022,187.1,162,86,301,187.1,3.73,0.033,1.856,5.344
1,17.77891,115.1,164,101,657,115.1,5.16,0.053,4.017,8.688
1,17.78754,115.9,164,97,604,115.9,5.34,0.053,3.677,8.628
1,17.79647,112.0,165,96,643,112.0,5.58,0.054,3.894,8.929
1,17.8083,84.5,168,114,969,84.5,6.23,0.071,5.778,11.829
1,17.81663,120.0,169,104,638,120.0,4.81,0.049,3.764,8.331
1,17.82482,122.1,171,97,643,122.1,5.07,0.048,3.768,8.193
1,17.83353,114.8,171,97,646,114.8,5.39,0.051,3.768,8.709
1,17.83854,199.5,171,84,291,199.5,3.58,0.029,1.703,5.013
1,17.84323,213.4,171,75,262,213.4,3.75,0.027,1.533,4.687
1,17.84878,180.1,170,91,310,180.1,3.66,0.033,1.82,5.554
1,17.85321,225.6,170,74,234,225.6,3.59,0.026,1.377,4.433
1,17.85837,193.9,169,95,293,193.9,3.26,0.031,1.738,5.158
1,17.86299,216.5,169,80,278,216.5,3.46,0.027,1.644,4.619
1,17.86781,207.7,170,88,252,207.7,3.28,0.028,1.485,4.814
1,17.87301,192.0,170,88,298,192.0,3.55,0.031,1.76,5.209
1,17.87819,193.4,169,88,295,193.4,3.53,0.031,1.743,5.171
1,17.88356,186.1,168,82,295,186.1,3.93,0.032,1.75,5.373
1,17.88821,214.9,168,83,287,214.9,3.36,0.028,1.704,4.653
1,17.89345,190.8,168,85,277,190.8,3.7,0.031,1.649,5.242
1,17.89796,221.8,169,89,296,221.8,3.04,0.027,1.752,4.508
1,17.90304,196.8,168,89,311,196.8,3.43,0.03,1.852,5.082
1,17.90849,183.5,169,86,331,183.5,3.8,0.032,1.961,5.448
1,17.91335,205.6,169,88,296,205.6,3.32,0.029,1.756,4.863
1,17.9184,198.3,169,92,279,198.3,3.29,0.03,1.655,5.042
1,17.92354,194.3,169,86,278,194.3,3.59,0.031,1.647,5.146
1,17.9289,186.5,168,93,337,186.5,3.46,0.032,2.001,5.361
1,17.93457,176.6,168,87,289,176.6,3.9,0.034,1.72,5.662
1,17.93968,195.5,168,80,286,195.5,3.84,0.03,1.698,5.116
1,17.94495,189.7,168,78,312,189.7,4.05,0.031,1.855,5.271
1,17.94992,201.2,168,96,291,201.2,3.11,0.03,1.733,4.971
1,17.95494,199.2,167,88,275,199.2,3.42,0.03,1.645,5.019
1,17.95991,201.3,168,89,281,201.3,3.35,0.03,1.676,4.967
1,17.96486,202.2,167,77,274,202.2,3.85,0.03,1.641,4.946
1,17.97001,193.9,167,90,291,193.9,3.44,0.031,1.741,5.158
1,17.9749,204.6,167,82,288,204.6,3.58,0.029,1.727,4.889
1,17.9798,204.1,166,91,291,204.1,3.23,0.029,1.748,4.899
1,17.98512,188.0,166,91,294,188.0,3.51,0.032,1.766,5.319
1,17.99069,179.7,165,93,302,179.7,3.59,0.034,1.828,5.565
1,17.99516,223.6,165,84,281,223.6,3.19,0.027,1.7,4.471
1,17.99983,214.2,165,86,276,214.2,3.26,0.028,1.675,4.669
1,18.00487,198.3,165,84,276,198.3,3.6,0.031,1.676,5.044
1,18.0101,191.0,166,93,302,191.0,3.38,0.032,1.82,5.235
1,18.0149,208.4,166,89,278,208.4,3.23,0.029,1.679,4.798
1,18.02023,187.6,165,87,303,187.6,3.68,0.032,1.838,5.33
1,18.02501,209.3,165,87,284,209.3,3.29,0.029,1.722,4.778
1,18.03038,186.4,164,90,310,186.4,3.58,0.033,1.886,5.365
1,18.03558,192.1,164,83,272,192.1,3.76,0.032,1.654,5.206
1,18.04006,223.1,164,82,268,223.1,3.28,0.027,1.637,4.481
1,18.04524,193.3,164,89,317,193.3,3.49,0.032,1.934,5.172
1,18.05022,200.5,163,91,305,200.5,3.29,0.031,1.863,4.987
1,18.05528,197.7,164,91,276,197.7,3.34,0.031,1.689,5.059
1,18.0599,216.5,163,88,269,216.5,3.15,0.028,1.647,4.619
1,18.06506,193.7,162,85,312,193.7,3.64,0.032,1.925,5.161
1,18.06956,222.4,161,88,236,222.4,3.07,0.028,1.464,4.496
1,18.07496,185.1,162,90,316,185.1,3.6,0.033,1.948,5.402
1,18.08002,197.5,161,82,289,197.5,3.7,0.031,1.792,5.062
1,18.0854,186.1,161,84,298,186.1,3.84,0.033,1.852,5.374
1,18.09056,193.7,161,92,314,193.7,3.37,0.032,1.943,5.163
1,18.09588,188.1,161,90,306,188.1,3.54,0.033,1.897,5.315
1,18.10112,190.8,161,87,285,190.8,3.62,0.033,1.767,5.242
1,18.10598,205.8,161,90,279,205.8,3.24,0.03,1.728,4.859
1,18.11136,185.6,161,94,311,185.6,3.44,0.033,1.933,5.387
1,18.11632,201.6,161,87,286,201.6,3.42,0.031,1.78,4.96
1,18.12125,203.2,160,84,264,203.2,3.51,0.031,1.642,4.921
1,18.12647,191.3,160,95,310,191.3,3.3,0.033,1.935,5.227
1,18.13128,208.1,160,85,268,208.1,3.39,0.03,1.675,4.804
1,18.13614,205.8,160,90,278,205.8,3.24,0.03,1.743,4.86
1,18.14058,224.9,160,82,260,224.9,3.25,0.028,1.625,4.446
1,18.14597,185.6,159,79,307,185.6,4.09,0.034,1.926,5.387
1,18.15097,199.8,159,86,280,199.8,3.49,0.031,1.758,5.004
1,18.15594,201.2,160,81,272,201.2,3.68,0.031,1.701,4.971
1,18.16132,186.0,159,84,297,186.0,3.84,0.034,1.861,5.377
1,18.16614,207.5,159,90,267,207.5,3.21,0.03,1.68,4.82
1,18.1707,219.5,160,84,252,219.5,3.25,0.029,1.582,4.556
1,18.17533,216.0,160,95,289,216.0,2.92,0.029,1.81,4.63
1,18.18067,187.0,160,87,299,187.0,3.69,0.033,1.87,5.348
1,18.18545,209.2,159,95,301,209.2,3.02,0.03,1.888,4.78
1,18.19015,212.8,159,94,264,212.8,3.0,0.03,1.656,4.699
1,18.19484,213.2,160,86,283,213.2,3.27,0.029,1.775,4.689
1,18.20024,185.5,160,87,276,185.5,3.72,0.034,1.725,5.392
1,18.20515,203.5,160,88,297,203.5,3.35,0.031,1.858,4.914
1,18.21022,197.1,162,91,272,197.1,3.35,0.031,1.681,5.074
1,18.21556,187.4,162,91,272,187.4,3.52,0.033,1.68,5.336
1,18.22064,196.9,162,84,316,196.9,3.63,0.031,1.959,5.079
1,18.22596,188.0,161,85,266,188.0,3.76,0.033,1.649,5.32
1,18.23167,175.1,162,96,317,175.1,3.57,0.035,1.965,5.713
1,18.2364,211.3,161,86,275,211.3,3.3,0.029,1.711,4.732
1,18.24155,194.3,161,88,286,194.3,3.51,0.032,1.785,5.147
1,18.24635,208.5,161,85,261,208.5,3.38,0.03,1.624,4.795
1,18.25147,195.1,160,87,300,195.1,3.53,0.032,1.873,5.125
1,18.25621,211.2,160,84,273,211.2,3.38,0.03,1.704,4.736
1,18.26116,202.0,161,85,269,202.0,3.49,0.031,1.678,4.951
1,18.26692,173.6,161,93,318,173.6,3.72,0.036,1.978,5.761
1,18.27176,206.6,161,91,300,206.6,3.19,0.03,1.871,4.84
1,18.27637,216.7,160,96,268,216.7,2.88,0.029,1.671,4.615
1,18.28122,206.5,160,89,267,206.5,3.27,0.03,1.671,4.844
1,18.28619,201.3,160,83,301,201.3,3.59,0.031,1.883,4.967
1,18.29137,192.9,160,93,306,192.9,3.34,0.032,1.914,5.183
1,18.296,215.7,160,83,264,215.7,3.35,0.029,1.653,4.636
1,18.301,200.3,160,81,285,200.3,3.7,0.031,1.782,4.993
1,18.30571,212.4,159,87,270,212.4,3.25,0.03,1.697,4.709
1,18.30627,1776.6,159,45,0,1776.6,0.75,0.004,,0.563
1,18.31162,186.7,159,96,267,186.7,3.35,0.034,1.681,5.356
1,18.31669,197.5,159,94,285,197.5,3.23,0.032,1.791,5.063
1,18.32191,191.6,159,97,289,191.6,3.23,0.033,1.815,5.219
1,18.32641,222.0,159,80,275,222.0,3.38,0.028,1.735,4.504
1,18.33091,222.4,159,88,267,222.4,3.07,0.028,1.679,4.497
1,18.3354,222.4,159,93,263,222.4,2.9,0.028,1.656,4.496
1,18.34014,211.0,159,86,288,211.0,3.31,0.03,1.814,4.739
1,18.34545,188.4,159,86,291,188.4,3.7,0.033,1.835,5.309
1,18.35082,186.4,158,89,298,186.4,3.62,0.034,1.884,5.366
1,18.35564,207.5,158,86,276,207.5,3.36,0.03,1.742,4.82
1,18.3602,219.2,159,85,263,219.2,3.22,0.029,1.651,4.563
1,18.36476,219.2,159,83,260,219.2,3.3,0.029,1.638,4.562
1,18.37003,189.8,159,82,293,189.8,3.86,0.033,1.844,5.27
1,18.37457,220.3,159,93,279,220.3,2.93,0.028,1.752,4.54
1,18.37982,190.4,160,89,293,190.4,3.54,0.033,1.827,5.251
1,18.38429,223.7,160,89,283,223.7,3.01,0.028,1.762,4.47
1,18.38949,192.2,160,90,276,192.2,3.47,0.032,1.724,5.202
1,18.39419,213.1,160,88,274,213.1,3.2,0.029,1.718,4.693
1,18.39861,226.1,160,84,267,226.1,3.16,0.028,1.666,4.422
1,18.40386,190.4,161,91,289,190.4,3.46,0.033,1.798,5.251
1,18.40922,186.7,161,91,281,186.7,3.53,0.033,1.746,5.355
1,18.41396,210.6,160,89,255,210.6,3.2,0.03,1.592,4.749
1,18.41855,218.0,160,87,245,218.0,3.16,0.029,1.536,4.587
1,18.42346,203.6,161,87,271,203.6,3.39,0.031,1.688,4.911
1,18.42789,226.0,161,87,280,226.0,3.05,0.028,1.742,4.425
1,18.43254,214.8,160,90,259,214.8,3.1,0.029,1.618,4.656
1,18.43692,228.5,161,92,262,228.5,2.85,0.027,1.633,4.376
1,18.44232,185.0,159,86,279,185.0,3.77,0.034,1.749,5.405
1,18.44702,212.8,159,82,279,212.8,3.44,0.03,1.754,4.699
1,18.45195,203.2,158,88,265,203.2,3.36,0.031,1.676,4.922
1,18.45709,194.3,159,85,270,194.3,3.63,0.032,1.704,5.146
1,18.46156,223.7,159,88,252,223.7,3.05,0.028,1.586,4.47
1,18.46643,205.3,158,86,279,205.3,3.4,0.031,1.766,4.87
1,18.47098,219.9,158,89,251,219.9,3.07,0.029,1.585,4.548
1,18.47583,206.1,158,82,280,206.1,3.55,0.031,1.777,4.852
1,18.48095,195.3,158,86,288,195.3,3.57,0.032,1.828,5.12
1,18.48547,221.4,157,85,259,221.4,3.19,0.029,1.65,4.518
1,18.48976,233.2,157,95,254,233.2,2.71,0.027,1.616,4.288
1,18.49452,209.8,157,80,268,209.8,3.57,0.03,1.703,4.766
1,18.49925,211.4,158,84,273,211.4,3.38,0.03,1.732,4.73
1,18.5039,215.3,158,91,293,215.3,3.06,0.029,1.857,4.644
1,18.50864,211.0,158,86,263,211.0,3.31,0.03,1.664,4.739
1,18.51368,198.1,159,84,274,198.1,3.61,0.032,1.724,5.048
1,18.51842,211.2,158,86,280,211.2,3.3,0.03,1.769,4.736
1,18.52326,206.6,158,81,252,206.6,3.58,0.031,1.59,4.839
1,18.52807,207.8,159,85,259,207.8,3.4,0.03,1.632,4.812
1,18.53238,232.1,158,80,264,232.1,3.23,0.027,1.675,4.309
1,18.53715,209.8,158,90,279,209.8,3.18,0.03,1.768,4.767
1,18.54172,218.8,158,90,235,218.8,3.05,0.029,1.488,4.57
1,18.54664,203.2,158,89,294,203.2,3.32,0.031,1.861,4.921
1,18.55199,187.0,157,83,255,187.0,3.87,0.034,1.62,5.348
1,18.55718,192.5,157,87,247,192.5,3.58,0.033,1.573,5.195
1,18.56202,206.7,156,89,255,206.7,3.26,0.031,1.63,4.838
1,18.56669,213.9,156,88,261,213.9,3.19,0.03,1.675,4.674
1,18.57174,198.1,156,89,279,198.1,3.4,0.032,1.789,5.049
1,18.57646,212.2,156,87,238,212.2,3.25,0.03,1.533,4.713
1,18.58148,198.8,155,92,267,198.8,3.28,0.033,1.729,5.029
1,18.58627,209.1,155,90,275,209.1,3.19,0.031,1.781,4.783
1,18.5915,191.0,155,86,289,191.0,3.65,0.034,1.861,5.237
1,18.59662,195.6,156,86,261,195.6,3.57,0.033,1.679,5.112
1,18.60138,209.9,155,86,268,209.9,3.32,0.031,1.727,4.765
1,18.60636,200.7,155,88,277,200.7,3.4,0.032,1.787,4.982
1,18.61165,189.0,155,84,265,189.0,3.78,0.034,1.709,5.29
1,18.6164,210.7,155,86,278,210.7,3.31,0.031,1.79,4.746
1,18.62191,181.5,155,77,288,181.5,4.29,0.035,1.85,5.508
1,18.62702,195.6,155,90,286,195.6,3.41,0.033,1.839,5.112
1,18.63205,198.6,155,88,281,198.6,3.43,0.032,1.815,5.035
1,18.63693,205.3,155,90,294,205.3,3.25,0.031,1.898,4.871
1,18.6417,209.2,155,84,273,209.2,3.41,0.031,1.759,4.779
1,18.64653,207.4,155,83,255,207.4,3.48,0.031,1.646,4.82
1,18.65116,215.5,154,96,267,215.5,2.9,0.03,1.733,4.639
1,18.65569,221.2,154,88,283,221.2,3.08,0.029,1.832,4.521
1,18.66107,185.7,155,91,294,185.7,3.55,0.035,1.904,5.384
1,18.66611,198.5,154,85,302,198.5,3.56,0.033,1.959,5.037
1,18.67071,217.5,155,82,256,217.5,3.36,0.03,1.653,4.598
1,18.67547,209.8,155,85,242,209.8,3.37,0.031,1.562,4.768
1,18.68019,212.1,154,88,284,212.1,3.21,0.031,1.84,4.715
1,18.68573,180.3,154,94,274,180.3,3.54,0.036,1.777,5.546
1,18.69013,227.5,154,78,267,227.5,3.38,0.029,1.731,4.395
1,18.69485,211.6,154,89,278,211.6,3.19,0.031,1.804,4.725
1,18.69988,199.0,153,85,276,199.0,3.55,0.033,1.806,5.024
1,18.70488,199.9,153,90,301,199.9,3.34,0.033,1.969,5.004
1,18.70973,206.2,153,95,279,206.2,3.06,0.032,1.823,4.85
1,18.71446,211.7,153,89,267,211.7,3.18,0.031,1.746,4.724
1,18.71952,197.6,153,88,278,197.6,3.45,0.033,1.819,5.061
1,18.72392,227.0,153,84,263,227.0,3.15,0.029,1.722,4.406
1,18.7288,205.0,152,89,278,205.0,3.29,0.032,1.822,4.877
1,18.73355,210.6,152,83,281,210.6,3.43,0.031,1.853,4.749
1,18.7385,202.0,152,87,292,202.0,3.41,0.033,1.919,4.95
1,18.7434,204.1,152,90,281,204.1,3.27,0.032,1.849,4.901
1,18.74826,206.0,151,87,293,206.0,3.35,0.032,1.935,4.856
1,18.75318,203.2,152,84,299,203.2,3.52,0.032,1.973,4.922
1,18.7579,211.7,151,87,279,211.7,3.26,0.031,1.848,4.723
1,18.76264,210.9,151,86,267,210.9,3.31,0.031,1.767,4.741
1,18.76742,209.1,152,92,272,209.1,3.12,0.032,1.796,4.783
1,18.77239,201.4,152,86,282,201.4,3.46,0.033,1.858,4.965
1,18.77728,204.6,152,86,279,204.6,3.41,0.032,1.839,4.887
1,18.78207,208.8,152,89,264,208.8,3.23,0.032,1.744,4.789
1,18.78707,199.7,153,85,281,199.7,3.54,0.033,1.838,5.008
1,18.79173,214.8,153,89,278,214.8,3.14,0.03,1.817,4.655
1,18.79607,230.6,153,84,257,230.6,3.1,0.028,1.679,4.336
1,18.80137,188.4,153,82,254,188.4,3.88,0.035,1.665,5.309
1,18.80671,187.3,153,91,274,187.3,3.52,0.035,1.797,5.338
1,18.81139,213.9,153,85,276,213.9,3.3,0.031,1.799,4.675
1,18.81642,198.8,154,91,285,198.8,3.32,0.033,1.856,5.031
1,18.82095,220.7,153,91,254,220.7,2.99,0.03,1.66,4.531
1,18.82554,217.8,153,86,272,217.8,3.2,0.03,1.777,4.591
1,18.83051,201.0,153,80,267,201.0,3.73,0.033,1.748,4.974
1,18.83518,214.5,153,83,279,214.5,3.37,0.031,1.827,4.662
1,18.84098,172.3,152,84,310,172.3,4.14,0.038,2.042,5.802
1,18.84611,194.9,153,91,312,194.9,3.38,0.034,2.046,5.13
1,18.85097,205.5,153,83,238,205.5,3.52,0.032,1.556,4.866
1,18.8557,211.7,153,89,235,211.7,3.18,0.031,1.536,4.723
1,18.8609,192.1,153,88,283,192.1,3.55,0.034,1.85,5.205
1,18.86569,208.9,153,87,274,208.9,3.3,0.031,1.79,4.787
1,18.87022,220.6,152,84,243,220.6,3.24,0.03,1.597,4.533
1,18.87508,205.8,152,85,250,205.8,3.43,0.032,1.647,4.86
1,18.87982,211.1,151,86,229,211.1,3.3,0.031,1.515,4.737
1,18.88501,192.6,151,87,306,192.6,3.58,0.034,2.023,5.191
1,18.88953,221.0,151,87,272,221.0,3.12,0.03,1.793,4.524
1,18.89424,212.4,152,85,237,212.4,3.32,0.031,1.566,4.708
1,18.89911,205.6,151,93,271,205.6,3.14,0.032,1.796,4.864
1,18.90386,210.3,151,82,254,210.3,3.48,0.032,1.683,4.755
1,18.90914,189.4,152,89,265,189.4,3.56,0.035,1.749,5.281
1,18.91392,209.3,151,90,250,209.3,3.18,0.032,1.65,4.777
1,18.91867,210.4,151,78,267,210.4,3.66,0.031,1.767,4.753
1,18.92323,219.4,151,81,264,219.4,3.38,0.03,1.747,4.557
1,18.92803,208.4,151,88,274,208.4,3.27,0.032,1.811,4.798
1,18.93247,225.2,152,89,246,225.2,2.99,0.029,1.619,4.441
1,18.93767,192.4,152,85,282,192.4,3.67,0.034,1.859,5.198
1,18.9422,220.8,151,82,269,220.8,3.31,0.03,1.773,4.53
1,18.94687,214.1,152,83,282,214.1,3.38,0.031,1.859,4.671
1,18.95245,179.3,152,93,304,179.3,3.6,0.037,2.003,5.578
1,18.95726,207.8,153,82,250,207.8,3.52,0.032,1.637,4.813
1,18.96218,203.2,153,86,264,203.2,3.43,0.032,1.73,4.921
1,18.967,207.3,153,87,291,207.3,3.33,0.031,1.897,4.825
1,18.97202,199.4,154,89,261,199.4,3.38,0.033,1.7,5.016
1,18.97664,216.6,153,82,253,216.6,3.38,0.03,1.654,4.616
1,18.98124,217.1,153,81,270,217.1,3.41,0.03,1.763,4.606
1,18.98554,232.5,154,85,254,232.5,3.04,0.028,1.649,4.301
1,18.9903,210.2,154,82,273,210.2,3.48,0.031,1.776,4.756
1,18.99518,205.0,154,90,260,205.0,3.25,0.032,1.692,4.877
1,18.99982,215.3,154,85,268,215.3,3.28,0.03,1.742,4.644
1,19.00505,191.1,154,81,272,191.1,3.88,0.034,1.763,5.233
1,19.00889,260.7,154,88,248,260.7,2.62,0.025,1.606,3.836
1,19.01326,228.9,155,84,270,228.9,3.12,0.028,1.744,4.369
1,19.0178,220.3,155,86,264,220.3,3.17,0.029,1.703,4.54
1,19.02231,221.3,154,79,247,221.3,3.43,0.029,1.604,4.518
1,19.02735,198.5,154,88,273,198.5,3.43,0.033,1.773,5.037
1,19.03249,194.8,154,89,289,194.8,3.46,0.033,1.876,5.134
1,19.0377,191.7,154,87,268,191.7,3.6,0.034,1.74,5.216
1,19.04277,197.2,154,89,292,197.2,3.42,0.033,1.898,5.07
1,19.04765,205.2,154,89,288,205.2,3.29,0.032,1.877,4.873
1,19.05233,213.4,153,86,280,213.4,3.27,0.031,1.83,4.687
1,19.05702,213.5,153,90,260,213.5,3.12,0.031,1.702,4.684
1,19.06203,199.3,153,83,292,199.3,3.63,0.033,1.913,5.018
1,19.06733,188.7,154,85,274,188.7,3.74,0.035,1.786,5.3
1,19.07245,195.5,153,90,262,195.5,3.41,0.033,1.71,5.115
1,19.07789,183.7,153,88,276,183.7,3.71,0.036,1.804,5.444
1,19.08202,242.2,153,84,224,242.2,2.95,0.027,1.47,4.129
1,19.08726,190.8,152,86,284,190.8,3.66,0.034,1.868,5.24
1,19.09219,202.8,152,88,281,202.8,3.36,0.032,1.847,4.931
1,19.09695,210.2,152,90,257,210.2,3.17,0.031,1.691,4.757
1,19.10203,197.0,152,84,281,197.0,3.63,0.033,1.85,5.077
1,19.10621,239.0,150,89,224,239.0,2.82,0.028,1.491,4.185
1,19.11093,211.9,151,91,269,211.9,3.11,0.031,1.784,4.719
1,19.11582,204.7,150,89,258,204.7,3.29,0.032,1.718,4.886
1,19.12077,201.8,150,97,288,201.8,3.07,0.033,1.922,4.956
1,19.12545,213.7,150,83,264,213.7,3.38,0.031,1.762,4.68
1,19.13078,187.6,151,89,292,187.6,3.59,0.035,1.934,5.329
1,19.13544,214.9,151,84,273,214.9,3.32,0.031,1.808,4.654
1,19.14044,199.7,151,90,252,199.7,3.34,0.033,1.662,5.008
1,19.14563,192.9,151,89,272,192.9,3.49,0.034,1.803,5.184
1,19.1507,197.2,151,81,277,197.2,3.76,0.034,1.838,5.071
1,19.15546,209.9,151,84,259,209.9,3.4,0.032,1.723,4.763
1,19.16024,209.3,151,89,245,209.3,3.22,0.032,1.628,4.778
1,19.16517,203.1,151,84,242,203.1,3.52,0.033,1.602,4.925
1,19.16996,208.8,151,96,282,208.8,2.99,0.032,1.871,4.79
1,19.1751,194.4,151,95,264,194.4,3.25,0.034,1.748,5.145
1,19.18022,195.5,151,84,279,195.5,3.65,0.034,1.854,5.116
1,19.1844,239.1,151,89,242,239.1,2.82,0.028,1.608,4.183
1,19.18927,205.2,151,86,277,205.2,3.4,0.032,1.83,4.873
1,19.19355,233.7,151,80,233,233.7,3.21,0.028,1.541,4.279
1,19.19797,226.6,151,82,258,226.6,3.23,0.029,1.712,4.414
1,19.20289,203.3,151,93,287,203.3,3.17,0.033,1.905,4.92
1,19.20773,206.5,150,75,258,206.5,3.87,0.032,1.716,4.844
1,19.21249,210.0,150,78,263,210.0,3.66,0.032,1.748,4.762
1,19.21708,218.1,150,86,257,218.1,3.2,0.03,1.708,4.585
1,19.22161,220.6,151,85,275,220.6,3.2,0.03,1.823,4.534
1,19.22568,245.5,151,91,240,245.5,2.69,0.027,1.59,4.074
1,19.23026,218.7,151,78,247,218.7,3.52,0.03,1.635,4.572
1,19.23503,209.7,151,85,272,209.7,3.37,0.032,1.798,4.769
1,19.23972,212.9,150,85,247,212.9,3.32,0.031,1.641,4.698
1,19.24468,201.7,151,88,265,201.7,3.38,0.033,1.76,4.957
1,19.24967,200.4,151,85,268,200.4,3.52,0.033,1.769,4.991
1,19.2545,207.2,152,88,269,207.2,3.29,0.032,1.775,4.826
1,19.25973,191.3,152,90,272,191.3,3.48,0.034,1.788,5.227
1,19.26444,212.1,152,88,269,212.1,3.21,0.031,1.772,4.715
1,19.26854,243.9,151,83,257,243.9,2.96,0.027,1.694,4.101
1,19.27366,195.5,151,81,292,195.5,3.79,0.034,1.927,5.114
1,19.27821,219.6,151,82,276,219.6,3.33,0.03,1.826,4.553
1,19.28335,194.4,151,82,306,194.4,3.76,0.034,2.03,5.145
1,19.28824,204.5,152,86,280,204.5,3.41,0.032,1.847,4.889
1,19.29278,220.4,152,86,242,220.4,3.17,0.03,1.593,4.538
1,19.29798,192.2,152,86,273,192.2,3.63,0.034,1.795,5.203
1,19.30237,228.1,152,87,236,228.1,3.02,0.029,1.554,4.384
1,19.30725,204.9,152,92,276,204.9,3.18,0.032,1.814,4.88
1,19.31162,228.9,152,86,261,228.9,3.05,0.029,1.714,4.37
1,19.31721,178.9,152,89,281,178.9,3.77,0.037,1.85,5.589
1,19.32219,200.6,152,85,275,200.6,3.52,0.033,1.814,4.985
1,19.32731,195.5,152,93,265,195.5,3.3,0.034,1.745,5.116
1,19.33226,201.9,152,88,244,201.9,3.38,0.033,1.611,4.952
1,19.33637,243.1,151,85,157,243.1,2.9,0.027,1.043,4.113
1,19.33977,294.5,150,83,148,294.5,2.45,0.023,0.984,3.396
1,19.34367,256.1,150,89,169,256.1,2.63,0.026,1.13,3.905
1,19.34738,270.2,150,87,169,270.2,2.55,0.025,1.128,3.701
1,19.35042,328.7,149,86,141,328.7,2.12,0.02,0.945,3.042
1,19.35398,280.9,149,85,125,280.9,2.51,0.024,0.84,3.561
1,19.35742,290.4,148,80,146,290.4,2.58,0.023,0.99,3.443
1,19.36109,272.3,148,89,160,272.3,2.48,0.025,1.085,3.672
1,19.36521,242.7,148,81,186,242.7,3.05,0.028,1.26,4.12
1,19.36912,255.9,147,85,183,255.9,2.76,0.027,1.239,3.908
1,19.37289,265.1,148,87,156,265.1,2.6,0.025,1.052,3.772
1,19.37682,254.9,148,79,172,254.9,2.98,0.027,1.161,3.923
1,19.38072,255.9,147,84,188,255.9,2.79,0.026,1.277,3.907
1,19.38441,271.3,147,80,177,271.3,2.76,0.025,1.204,3.686
1,19.38778,297.2,147,81,178,297.2,2.49,0.023,1.21,3.365
1,19.3919,242.3,147,88,198,242.3,2.81,0.028,1.346,4.127
1,19.39612,237.2,147,86,176,237.2,2.94,0.029,1.2,4.217
1,19.3998,271.5,146,82,179,271.5,2.69,0.025,1.225,3.683
1,19.404,238.1,146,77,204,238.1,3.27,0.029,1.396,4.2
1,19.40785,260.0,146,83,213,260.0,2.78,0.026,1.455,3.846
1,19.4122,229.9,147,84,203,229.9,3.11,0.03,1.385,4.35
1,19.41612,255.2,147,85,191,255.2,2.77,0.027,1.299,3.918
1,19.42085,211.1,147,82,237,211.1,3.47,0.032,1.612,4.736
1,19.42511,234.6,147,82,216,234.6,3.12,0.029,1.474,4.263
1,19.42944,231.1,147,85,207,231.1,3.05,0.03,1.41,4.326
1,19.43351,245.6,147,89,201,245.6,2.74,0.028,1.371,4.071
1,19.4381,217.9,147,86,232,217.9,3.2,0.031,1.578,4.59
1,19.44209,250.8,146,87,225,250.8,2.75,0.027,1.537,3.987
1,19.44703,202.4,147,83,246,202.4,3.57,0.034,1.674,4.941
1,19.45157,220.4,147,83,230,220.4,3.28,0.031,1.573,4.537
1,19.45593,229.0,146,87,232,229.0,3.01,0.03,1.589,4.367
1,19.46093,200.3,146,88,260,200.3,3.4,0.034,1.782,4.993
1,19.46592,200.3,146,83,245,200.3,3.61,0.034,1.676,4.993
1,19.47059,214.3,146,87,249,214.3,3.22,0.032,1.705,4.666
1,19.47484,234.8,145,84,247,234.8,3.04,0.029,1.706,4.259
1,19.47909,235.7,145,83,222,235.7,3.07,0.029,1.528,4.242
1,19.48314,246.8,146,86,231,246.8,2.83,0.028,1.588,4.051
1,19.48787,211.5,145,91,259,211.5,3.12,0.033,1.784,4.729
1,19.49247,217.2,145,84,236,217.2,3.29,0.032,1.624,4.605
1,19.497,221.0,146,87,235,221.0,3.12,0.031,1.61,4.525
1,19.5017,212.5,146,81,250,212.5,3.49,0.032,1.717,4.707
1,19.5063,217.3,146,89,284,217.3,3.1,0.031,1.94,4.601
1,19.5109,217.5,147,92,268,217.5,3.0,0.031,1.831,4.598
1,19.5153,227.5,146,80,241,227.5,3.3,0.03,1.653,4.396
1,19.52008,209.0,146,84,257,209.0,3.42,0.033,1.759,4.785
1,19.52398,257.0,145,85,189,257.0,2.75,0.027,1.302,3.891
1,19.52858,217.4,145,85,270,217.4,3.25,0.032,1.862,4.6
1,19.53356,200.4,145,89,233,200.4,3.36,0.034,1.602,4.989
1,19.53838,207.6,145,91,256,207.6,3.18,0.033,1.767,4.818
1,19.54292,220.4,145,96,246,220.4,2.84,0.031,1.689,4.537
1,19.54737,224.8,146,96,229,224.8,2.78,0.031,1.572,4.449
1,19.55159,237.2,146,88,244,237.2,2.88,0.029,1.672,4.217
1,19.55624,214.8,146,87,248,214.8,3.21,0.032,1.7,4.655
1,19.56102,209.2,145,83,244,209.2,3.46,0.033,1.679,4.78
1,19.56595,203.0,145,83,261,203.0,3.56,0.034,1.799,4.927
1,19.57024,233.0,145,90,246,233.0,2.86,0.03,1.694,4.292
1,19.57473,222.7,145,83,261,222.7,3.25,0.031,1.807,4.49
1,19.57913,227.5,145,88,229,227.5,3.0,0.03,1.586,4.395
1,19.58359,224.1,144,88,217,224.1,3.04,0.031,1.507,4.462
1,19.58815,219.1,144,89,259,219.1,3.08,0.032,1.8,4.565
1,19.59282,214.1,144,83,248,214.1,3.38,0.033,1.728,4.671
1,19.59761,208.8,144,81,243,208.8,3.55,0.033,1.686,4.789
1,19.60156,253.6,145,90,242,253.6,2.63,0.027,1.677,3.943
1,19.6059,230.4,145,82,259,230.4,3.18,0.03,1.789,4.34
1,19.61094,198.2,145,84,255,198.2,3.6,0.035,1.758,5.046
1,19.61581,205.5,144,82,248,205.5,3.56,0.034,1.715,4.866
1,19.62022,226.6,144,88,244,226.6,3.01,0.031,1.692,4.414
1,19.62468,224.4,144,90,222,224.4,2.97,0.031,1.536,4.456
1,19.62929,216.7,145,92,218,216.7,3.01,0.032,1.503,4.614
1,19.63367,228.5,145,88,253,228.5,2.98,0.03,1.741,4.376
1,19.63825,218.3,145,88,239,218.3,3.12,0.032,1.651,4.581
1,19.64244,238.4,144,87,234,238.4,2.89,0.029,1.62,4.195
1,19.64676,231.7,145,95,231,231.7,2.73,0.03,1.589,4.315
1,19.6513,220.4,146,87,223,220.4,3.13,0.031,1.53,4.536
1,19.65593,215.6,145,85,246,215.6,3.27,0.032,1.698,4.638
1,19.66064,212.5,146,79,247,212.5,3.57,0.032,1.698,4.706
1,19.66561,201.2,146,83,265,201.2,3.59,0.034,1.815,4.971
1,19.67031,212.9,146,84,275,212.9,3.36,0.032,1.875,4.697
1,19.67512,208.0,146,92,264,208.0,3.14,0.033,1.802,4.809
1,19.68009,201.3,146,80,286,201.3,3.73,0.034,1.962,4.969
1,19.68481,211.4,146,83,252,211.4,3.42,0.032,1.727,4.729
1,19.68913,231.8,146,83,264,231.8,3.12,0.029,1.806,4.313
1,19.69409,201.5,146,93,297,201.5,3.2,0.034,2.03,4.962
1,19.69896,205.3,146,85,270,205.3,3.44,0.033,1.846,4.87
1,19.70369,211.5,146,87,295,211.5,3.26,0.032,2.013,4.729
1,19.70905,186.4,147,87,322,186.4,3.7,0.037,2.195,5.365
1,19.71389,206.7,146,90,289,206.7,3.23,0.033,1.98,4.838
1,19.71936,182.9,147,91,291,182.9,3.6,0.037,1.981,5.466
1,19.72437,199.5,147,89,288,199.5,3.38,0.034,1.952,5.014
1,19.72945,197.0,148,86,289,197.0,3.54,0.034,1.955,5.077
1,19.73547,166.2,148,84,322,166.2,4.3,0.041,2.178,6.016
1,19.74044,201.1,149,88,292,201.1,3.39,0.033,1.969,4.972
1,19.74583,185.4,149,94,304,185.4,3.44,0.036,2.048,5.394
1,19.75112,189.3,148,88,309,189.3,3.6,0.036,2.085,5.284
1,19.75654,184.5,148,87,337,184.5,3.74,0.037,2.282,5.42
1,19.76138,206.3,148,90,316,206.3,3.23,0.033,2.131,4.848
1,19.76672,187.3,148,89,321,187.3,3.6,0.036,2.165,5.339
1,19.77159,205.3,149,83,258,205.3,3.52,0.033,1.737,4.871
1,19.7769,188.4,148,92,343,188.4,3.46,0.036,2.316,5.307
1,19.78243,180.7,148,92,321,180.7,3.61,0.037,2.163,5.533
1,19.78811,176.2,148,79,327,176.2,4.31,0.038,2.211,5.675
1,19.7936,182.1,148,91,337,182.1,3.62,0.037,2.276,5.492
1,19.79906,183.2,148,93,343,183.2,3.52,0.037,2.314,5.459
1,19.80394,205.0,148,87,329,205.0,3.36,0.033,2.215,4.879
1,19.80969,173.8,149,84,340,173.8,4.11,0.039,2.276,5.754
1,19.81551,171.8,149,86,335,171.8,4.06,0.039,2.24,5.82
1,19.82138,170.3,150,87,342,170.3,4.05,0.039,2.28,5.87
1,19.8269,181.1,151,95,307,181.1,3.49,0.037,2.034,5.522
1,19.83278,170.1,150,88,327,170.1,4.01,0.039,2.18,5.88
1,19.83858,172.6,150,87,336,172.6,4.0,0.039,2.236,5.794
1,19.84342,206.4,150,95,289,206.4,3.06,0.032,1.925,4.846
1,19.84891,182.2,150,86,327,182.2,3.83,0.037,2.183,5.488
1,19.85444,181.0,151,87,321,181.0,3.81,0.037,2.125,5.524
1,19.86,179.8,151,93,322,179.8,3.59,0.037,2.138,5.562
1,19.86499,200.3,151,84,305,200.3,3.57,0.033,2.021,4.992
1,19.87007,196.7,152,87,308,196.7,3.51,0.034,2.03,5.083
1,19.87074,1504.7,151,45,0,1504.7,0.89,0.004,,0.665
1,19.87659,170.7,151,90,309,170.7,3.91,0.039,2.048,5.858
1,19.88184,190.8,151,88,301,190.8,3.57,0.035,1.993,5.241
1,19.88665,207.6,151,89,297,207.6,3.25,0.032,1.966,4.818
1,19.89147,207.4,152,87,290,207.4,3.33,0.032,1.911,4.821
1,19.89631,206.8,152,88,297,206.8,3.3,0.032,1.961,4.836
1,19.90161,188.9,152,84,304,188.9,3.78,0.035,2.006,5.295
1,19.90711,181.8,152,92,323,181.8,3.59,0.036,2.128,5.502
1,19.91223,195.4,152,87,293,195.4,3.53,0.034,1.924,5.119
1,19.91713,203.8,152,89,285,203.8,3.31,0.032,1.876,4.907
1,19.92271,179.2,152,83,314,179.2,4.03,0.037,2.066,5.581
1,19.92784,195.2,151,88,265,195.2,3.49,0.034,1.752,5.123
1,19.93281,201.0,151,88,290,201.0,3.39,0.033,1.916,4.976
1,19.93806,190.7,151,89,304,190.7,3.54,0.035,2.013,5.244
1,19.94305,200.4,151,86,251,200.4,3.48,0.033,1.666,4.991
1,19.94792,205.4,151,87,274,205.4,3.36,0.032,1.817,4.869
1,19.95249,218.5,151,91,268,218.5,3.02,0.03,1.774,4.577
1,19.95714,215.0,152,87,287,215.0,3.21,0.031,1.892,4.651
1,19.96215,199.8,151,89,270,199.8,3.37,0.033,1.784,5.005
1,19.96741,189.9,151,96,289,189.9,3.29,0.035,1.912,5.266
1,19.97259,193.2,152,88,277,193.2,3.53,0.034,1.825,5.176
1,19.97766,197.2,152,91,267,197.2,3.34,0.033,1.752,5.072
1,19.98227,217.1,152,90,236,217.1,3.07,0.03,1.552,4.607
1,19.98722,201.9,152,82,262,201.9,3.62,0.033,1.721,4.952
1,19.99211,204.5,152,86,269,204.5,3.41,0.032,1.769,4.891
1,19.99643,231.8,152,94,257,231.8,2.75,0.028,1.694,4.314
1,20.00039,252.1,152,81,234,252.1,2.94,0.026,1.54,3.966
1,20.0049,221.7,153,82,281,221.7,3.3,0.03,1.84,4.51
1,20.00933,225.6,152,94,241,225.6,2.83,0.029,1.584,4.432
1,20.01411,209.3,153,93,279,209.3,3.08,0.031,1.826,4.777
1,20.0192,196.7,153,89,264,196.7,3.43,0.033,1.732,5.085
1,20.02462,184.5,152,89,304,184.5,3.65,0.036,1.996,5.42
1,20.02943,207.6,153,87,277,207.6,3.32,0.031,1.808,4.816
1,20.03449,197.9,153,90,292,197.9,3.37,0.033,1.902,5.052
1,20.03882,230.8,153,86,285,230.8,3.02,0.028,1.859,4.333
1,20.0433,223.2,153,87,258,223.2,3.09,0.029,1.679,4.48
1,20.04862,187.8,154,95,296,187.8,3.36,0.035,1.926,5.326
1,20.05324,216.8,154,86,274,216.8,3.22,0.03,1.778,4.613
1,20.05862,185.7,155,94,301,185.7,3.44,0.035,1.946,5.385
1,20.06376,194.8,154,87,302,194.8,3.54,0.033,1.959,5.134
1,20.0688,198.2,154,88,270,198.2,3.44,0.033,1.759,5.045
1,20.07376,201.7,153,86,262,201.7,3.46,0.032,1.711,4.958
1,20.07831,219.7,154,81,256,219.7,3.37,0.03,1.66,4.553
1,20.08326,202.0,155,91,296,202.0,3.26,0.032,1.917,4.95
1,20.08818,203.5,154,86,268,203.5,3.43,0.032,1.735,4.914
1,20.09288,212.4,154,91,262,212.4,3.1,0.031,1.704,4.708
1,20.09853,177.2,153,90,291,177.2,3.76,0.037,1.895,5.642
1,20.10375,191.2,153,83,257,191.2,3.78,0.034,1.678,5.229
1,20.10876,199.6,153,77,277,199.6,3.9,0.033,1.805,5.009
1,20.11351,210.8,154,90,271,210.8,3.16,0.031,1.757,4.743
1,20.11891,185.1,155,94,305,185.1,3.45,0.035,1.971,5.401
1,20.12382,203.8,155,85,271,203.8,3.46,0.032,1.751,4.907
1,20.12868,205.7,155,95,264,205.7,3.07,0.031,1.709,4.86
1,20.13366,200.4,154,86,266,200.4,3.48,0.032,1.727,4.989
1,20.13866,200.2,154,89,275,200.2,3.37,0.032,1.785,4.995
1,20.14361,201.9,154,87,284,201.9,3.42,0.032,1.838,4.954
1,20.14837,210.4,155,91,269,210.4,3.13,0.031,1.743,4.753
1,20.15284,223.4,154,81,265,223.4,3.32,0.029,1.716,4.476
1,20.15718,230.6,154,88,247,230.6,2.96,0.028,1.608,4.336
1,20.16183,215.1,154,83,263,215.1,3.36,0.03,1.709,4.65
1,20.16645,216.5,154,91,237,216.5,3.05,0.03,1.541,4.619
1,20.17138,202.5,153,94,297,202.5,3.15,0.032,1.933,4.939
1,20.17637,200.6,154,83,246,200.6,3.6,0.032,1.593,4.985
1,20.18104,214.1,154,81,251,214.1,3.46,0.03,1.633,4.671
1,20.18553,222.6,154,78,228,222.6,3.46,0.029,1.488,4.493
1,20.19013,217.6,153,80,218,217.6,3.45,0.03,1.419,4.596
1,20.19437,236.1,153,87,204,236.1,2.92,0.028,1.333,4.236
1,20.19861,235.8,152,88,216,235.8,2.89,0.028,1.419,4.241
1,20.20271,243.8,152,83,215,243.8,2.97,0.027,1.415,4.102
1,20.20706,230.0,152,82,215,230.0,3.18,0.029,1.419,4.348
1,20.2117,215.3,151,85,255,215.3,3.28,0.031,1.688,4.644
1,20.21598,233.7,151,85,232,233.7,3.02,0.028,1.53,4.28
1,20.22105,197.3,151,77,230,197.3,3.95,0.034,1.527,5.068
1,20.22525,237.9,150,87,201,237.9,2.9,0.028,1.339,4.204
1,20.22997,212.0,150,80,228,212.0,3.54,0.031,1.514,4.716
1,20.2337,268.1,150,87,217,268.1,2.57,0.025,1.445,3.73
1,20.23769,250.5,150,80,201,250.5,2.99,0.027,1.339,3.991
1,20.24185,240.4,150,87,216,240.4,2.87,0.028,1.44,4.16
1,20.24618,231.3,150,88,204,231.3,2.95,0.029,1.366,4.324
1,20.25031,241.9,149,85,197,241.9,2.92,0.028,1.322,4.134
1,20.25442,243.1,149,82,193,243.1,3.01,0.028,1.299,4.113
1,20.25835,254.8,148,86,172,254.8,2.74,0.026,1.163,3.925
1,20.26224,256.6,148,91,164,256.6,2.57,0.026,1.108,3.896
1,20.26633,245.0,148,93,177,245.0,2.63,0.028,1.195,4.082
1,20.26937,328.2,148,88,149,328.2,2.08,0.021,1.002,3.047
1,20.2734,248.4,148,90,194,248.4,2.68,0.027,1.313,4.027
1,20.27742,248.7,148,87,181,248.7,2.77,0.027,1.227,4.021
1,20.28138,252.4,147,83,157,252.4,2.86,0.027,1.066,3.961
1,20.28544,246.2,147,80,180,246.2,3.05,0.028,1.228,4.062
1,20.28951,246.0,147,83,162,246.0,2.94,0.028,1.1,4.066
1,20.29304,283.5,147,87,156,283.5,2.43,0.024,1.057,3.528
1,20.29671,272.0,148,79,152,272.0,2.79,0.025,1.03,3.677
1,20.30031,278.5,147,87,173,278.5,2.48,0.024,1.176,3.591
1,20.30406,266.1,147,84,201,266.1,2.68,0.026,1.37,3.759
1,20.30829,236.4,147,92,185,236.4,2.76,0.029,1.255,4.23
1,20.31167,296.5,147,82,159,296.5,2.47,0.023,1.083,3.373
1,20.31479,320.5,147,80,161,320.5,2.34,0.021,1.092,3.12
1,20.31818,294.7,147,76,144,294.7,2.68,0.023,0.976,3.393
1,20.32196,264.5,147,84,160,264.5,2.7,0.026,1.087,3.78
1,20.32525,304.0,146,87,164,304.0,2.27,0.022,1.124,3.29
1,20.32898,268.4,146,93,182,268.4,2.4,0.025,1.242,3.726
1,20.33285,257.9,146,83,159,257.9,2.8,0.027,1.085,3.878
1,20.33697,242.9,146,83,179,242.9,2.98,0.028,1.228,4.118
1,20.34026,303.9,145,85,148,303.9,2.32,0.023,1.017,3.29
1,20.34308,354.2,146,81,108,354.2,2.09,0.019,0.743,2.824
1,20.34717,244.6,145,80,190,244.6,3.07,0.028,1.306,4.089
1,20.35076,278.7,145,81,175,278.7,2.66,0.025,1.211,3.589
1,20.35478,249.1,144,81,189,249.1,2.97,0.028,1.311,4.014
1,20.35894,240.1,144,87,203,240.1,2.87,0.029,1.411,4.165
1,20.36299,246.8,145,83,195,246.8,2.93,0.028,1.345,4.053
1,20.36678,264.0,145,84,183,264.0,2.71,0.026,1.263,3.788
1,20.37021,291.9,145,85,181,291.9,2.42,0.024,1.243,3.425
1,20.37403,261.4,145,83,175,261.4,2.77,0.026,1.205,3.825
1,20.37825,236.9,145,85,188,236.9,2.98,0.029,1.297,4.221
1,20.38198,268.7,145,85,157,268.7,2.63,0.026,1.086,3.721
1,20.38605,245.6,144,80,174,245.6,3.05,0.028,1.201,4.071
1,20.38979,267.1,144,85,153,267.1,2.64,0.026,1.064,3.744
1,20.39359,263.5,144,84,158,263.5,2.71,0.026,1.102,3.796
1,20.39769,243.6,144,86,189,243.6,2.86,0.029,1.314,4.105
1,20.40177,245.0,144,84,192,245.0,2.92,0.028,1.34,4.081
1,20.406,236.3,144,87,203,236.3,2.92,0.029,1.408,4.231
1,20.41003,248.2,144,81,210,248.2,2.98,0.028,1.457,4.028
1,20.41411,245.1,144,88,221,245.1,2.78,0.028,1.536,4.08
1,20.41828,240.1,144,85,211,240.1,2.94,0.029,1.469,4.165
1,20.42251,236.2,144,88,197,236.2,2.89,0.029,1.369,4.234
1,20.42643,255.0,144,87,192,255.0,2.7,0.027,1.336,3.922
1,20.4304,251.8,144,87,178,251.8,2.74,0.028,1.233,3.972
1,20.43409,271.3,143,82,171,271.3,2.7,0.026,1.193,3.686
1,20.43825,240.5,143,90,179,240.5,2.77,0.029,1.246,4.158
1,20.4416,298.4,143,82,172,298.4,2.45,0.023,1.2,3.351
1,20.4457,243.6,144,82,180,243.6,3.0,0.029,1.254,4.105
1,20.44985,240.9,144,82,168,240.9,3.04,0.029,1.169,4.15
1,20.45353,272.1,143,89,173,272.1,2.48,0.026,1.206,3.675
1,20.45775,236.7,143,88,180,236.7,2.88,0.03,1.263,4.224
1,20.4615,267.1,143,86,163,267.1,2.61,0.026,1.138,3.744
1,20.46591,226.7,143,81,200,226.7,3.27,0.031,1.397,4.411
1,20.46943,283.8,143,83,180,283.8,2.55,0.025,1.255,3.523
1,20.47309,273.1,143,92,174,273.1,2.39,0.026,1.213,3.661
1,20.47643,299.6,142,89,138,299.6,2.25,0.023,0.967,3.337
1,20.48092,222.7,142,80,189,222.7,3.37,0.032,1.328,4.49
1,20.48491,250.7,142,88,186,250.7,2.72,0.028,1.309,3.989
1,20.48859,271.8,143,77,168,271.8,2.87,0.026,1.179,3.68
1,20.49249,256.5,143,78,159,256.5,3.0,0.027,1.113,3.899
1,20.49639,256.5,142,81,135,256.5,2.89,0.028,0.955,3.898
1,20.50053,241.4,142,84,200,241.4,2.96,0.029,1.41,4.143
1,20.50449,252.2,142,78,158,252.2,3.05,0.028,1.114,3.965
1,20.50791,292.7,142,82,125,292.7,2.5,0.024,0.882,3.417
1,20.5111,313.8,141,83,149,313.8,2.3,0.023,1.052,3.186
1,20.51522,242.6,142,88,158,242.6,2.81,0.029,1.115,4.122
1,20.51847,307.4,142,83,153,307.4,2.35,0.023,1.082,3.253
1,20.52216,270.9,142,83,162,270.9,2.67,0.026,1.143,3.692
1,20.52554,296.3,142,85,153,296.3,2.38,0.024,1.078,3.375
1,20.52891,296.6,141,91,129,296.6,2.22,0.024,0.914,3.371
1,20.53278,258.6,140,83,164,258.6,2.8,0.028,1.173,3.867
1,20.53636,279.5,140,82,169,279.5,2.62,0.026,1.208,3.578
1,20.53989,282.7,139,77,140,282.7,2.76,0.025,1.007,3.537
1,20.54349,277.9,138,80,154,277.9,2.7,0.026,1.115,3.598
1,20.54748,250.4,137,85,173,250.4,2.82,0.029,1.264,3.993
1,20.55085,297.3,137,83,130,297.3,2.43,0.025,0.953,3.363
1,20.5548,253.2,137,87,174,253.2,2.72,0.029,1.277,3.949
1,20.55844,274.7,136,84,157,274.7,2.6,0.027,1.156,3.64
1,20.56218,267.4,136,74,133,267.4,3.03,0.027,0.978,3.74
1,20.56501,352.5,136,85,108,352.5,2.0,0.021,0.793,2.837
1,20.56858,280.5,136,84,157,280.5,2.55,0.026,1.156,3.566
1,20.57231,267.8,135,82,143,267.8,2.73,0.028,1.059,3.734
1,20.5758,286.7,135,89,145,286.7,2.35,0.026,1.079,3.488
1,20.57968,257.9,135,83,162,257.9,2.8,0.029,1.203,3.877
1,20.58301,300.0,135,88,176,300.0,2.27,0.025,1.304,3.334
1,20.5863,303.7,135,79,140,303.7,2.5,0.024,1.039,3.293
1,20.59014,260.6,135,83,180,260.6,2.77,0.028,1.336,3.837
1,20.59338,308.7,134,89,160,308.7,2.18,0.024,1.188,3.24
1,20.59717,264.3,135,89,193,264.3,2.55,0.028,1.425,3.783
1,20.60077,277.4,136,82,164,277.4,2.64,0.027,1.212,3.605
1,20.60431,282.7,135,83,175,282.7,2.56,0.026,1.293,3.538
1,20.60823,255.1,135,84,193,255.1,2.8,0.029,1.431,3.92
1,20.61205,261.3,135,85,190,261.3,2.7,0.028,1.408,3.827
1,20.61587,262.4,136,87,177,262.4,2.63,0.028,1.299,3.81
1,20.61958,269.1,135,88,180,269.1,2.53,0.027,1.33,3.717
1,20.62401,225.8,136,90,213,225.8,2.95,0.033,1.567,4.429
1,20.62798,252.0,136,84,193,252.0,2.83,0.029,1.425,3.969
1,20.63174,266.0,135,87,171,266.0,2.59,0.028,1.272,3.759
1,20.6363,219.3,135,85,221,219.3,3.22,0.034,1.642,4.561
1,20.64108,209.3,135,82,235,209.3,3.5,0.035,1.746,4.779
1,20.64506,251.2,135,83,205,251.2,2.88,0.03,1.525,3.98
1,20.64951,224.5,134,86,227,224.5,3.11,0.033,1.695,4.455
1,20.65356,246.9,135,88,206,246.9,2.76,0.03,1.524,4.05
1,20.6582,215.7,135,85,217,215.7,3.27,0.034,1.606,4.636
1,20.66343,191.3,135,87,232,191.3,3.61,0.039,1.712,5.228
1,20.66795,221.3,135,84,206,221.3,3.23,0.033,1.524,4.518
1,20.67239,224.9,134,82,182,224.9,3.25,0.033,1.356,4.447
1,20.67722,207.2,134,89,229,207.2,3.25,0.036,1.71,4.826
1,20.68167,224.8,134,86,219,224.8,3.1,0.033,1.632,4.448
1,20.6862,220.5,135,89,224,220.5,3.06,0.034,1.664,4.536
1,20.69042,237.0,134,82,205,237.0,3.09,0.031,1.526,4.22
1,20.69524,207.6,134,87,245,207.6,3.32,0.036,1.832,4.817
1,20.69953,233.2,134,85,248,233.2,3.03,0.032,1.855,4.288
1,20.70466,194.8,134,80,268,194.8,3.85,0.038,2.0,5.133
1,20.70918,221.0,135,84,250,221.0,3.23,0.034,1.851,4.524
1,20.7133,242.9,136,83,224,242.9,2.98,0.03,1.647,4.117
1,20.71776,224.2,136,92,227,224.2,2.91,0.033,1.673,4.461
1,20.72225,222.7,136,86,261,222.7,3.13,0.033,1.919,4.49
1,20.7273,198.0,137,91,268,198.0,3.33,0.037,1.958,5.051
1,20.73192,216.5,137,90,226,216.5,3.08,0.034,1.652,4.618
1,20.7368,205.1,138,88,242,205.1,3.32,0.035,1.753,4.875
1,20.74153,211.3,138,90,242,211.3,3.15,0.034,1.756,4.732
1,20.7459,228.6,138,90,244,228.6,2.92,0.032,1.775,4.374
1,20.75062,211.8,137,83,252,211.8,3.41,0.034,1.831,4.721
1,20.75551,204.8,138,84,247,204.8,3.49,0.035,1.798,4.882
1,20.75984,230.8,138,85,239,230.8,3.06,0.031,1.733,4.333
1,20.76433,222.8,138,93,256,222.8,2.9,0.033,1.858,4.487
1,20.76903,212.6,138,85,241,212.6,3.32,0.034,1.746,4.704
1,20.77335,231.4,138,82,248,231.4,3.16,0.031,1.797,4.322
1,20.77757,237.4,138,93,211,237.4,2.72,0.03,1.53,4.212
1,20.78256,200.1,138,88,271,200.1,3.41,0.036,1.957,4.998
1,20.78673,240.0,138,79,227,240.0,3.16,0.03,1.639,4.167
1,20.7912,223.6,139,79,201,223.6,3.4,0.032,1.452,4.473
1,20.79542,237.0,139,83,238,237.0,3.05,0.03,1.707,4.22
1,20.79991,222.7,140,94,225,222.7,2.87,0.032,1.608,4.491
1,20.80406,241.2,139,79,207,241.2,3.15,0.03,1.486,4.145
1,20.80814,245.1,139,81,225,245.1,3.02,0.029,1.619,4.079
1,20.8127,219.2,139,81,232,219.2,3.38,0.033,1.664,4.562
1,20.81748,209.1,139,92,248,209.1,3.12,0.034,1.786,4.782
1,20.82232,206.7,138,89,248,206.7,3.26,0.035,1.793,4.837
1,20.82648,240.5,139,85,220,240.5,2.94,0.03,1.584,4.158
1,20.83069,237.6,139,84,229,237.6,3.01,0.03,1.646,4.208
1,20.83481,242.6,139,86,240,242.6,2.88,0.03,1.725,4.122
1,20.83919,228.2,139,92,223,228.2,2.86,0.032,1.61,4.382
1,20.8438,216.9,139,85,230,216.9,3.25,0.033,1.66,4.611
1,20.84805,235.2,139,83,204,235.2,3.07,0.031,1.468,4.252
1,20.85264,218.2,139,81,253,218.2,3.4,0.033,1.823,4.584
1,20.85725,216.8,139,85,263,216.8,3.26,0.033,1.892,4.613
1,20.86193,213.5,139,89,232,213.5,3.16,0.034,1.673,4.685
1,20.86632,228.0,139,83,237,228.0,3.17,0.032,1.713,4.386
1,20.87095,216.1,139,89,233,216.1,3.12,0.033,1.684,4.628
1,20.87518,236.5,139,88,234,236.5,2.88,0.03,1.687,4.229
1,20.87935,239.6,139,85,254,239.6,2.95,0.03,1.825,4.173
1,20.8836,235.3,139,85,209,235.3,3.0,0.03,1.501,4.25
1,20.88851,203.7,139,84,266,203.7,3.51,0.035,1.915,4.909
1,20.89347,201.3,139,81,274,201.3,3.68,0.036,1.967,4.967
1,20.8984,202.9,139,79,265,202.9,3.74,0.035,1.905,4.928
1,20.90281,227.0,139,87,256,227.0,3.04,0.032,1.838,4.405
1,20.90732,221.4,139,81,278,221.4,3.35,0.032,1.997,4.516
1,20.91265,187.9,140,87,273,187.9,3.67,0.038,1.955,5.323
1,20.9182,180.1,140,94,303,180.1,3.54,0.04,2.157,5.553
1,20.9232,200.1,140,87,301,200.1,3.45,0.036,2.154,4.998
1,20.92843,191.2,140,95,304,191.2,3.3,0.037,2.174,5.23
1,20.93351,196.9,140,87,286,196.9,3.5,0.036,2.042,5.079
1,20.939,182.0,140,86,289,182.0,3.83,0.039,2.059,5.494
1,20.94426,190.3,140,92,329,190.3,3.43,0.037,2.343,5.256
1,20.94943,193.2,140,92,290,193.2,3.38,0.037,2.07,5.176
1,20.95463,192.5,141,85,311,192.5,3.67,0.037,2.209,5.195
1,20.95969,197.5,141,89,310,197.5,3.41,0.036,2.197,5.062
1,20.96531,177.8,142,94,329,177.8,3.59,0.04,2.317,5.623
1,20.97027,201.6,142,85,287,201.6,3.5,0.035,2.027,4.961
1,20.97563,186.6,142,87,329,186.6,3.7,0.038,2.32,5.359
1,20.98094,188.3,142,86,288,188.3,3.7,0.037,2.03,5.31
1,20.98557,216.0,142,89,309,216.0,3.12,0.033,2.168,4.629
1,20.9906,198.8,143,89,290,198.8,3.39,0.035,2.029,5.031
1,20.99558,201.1,143,96,341,201.1,3.11,0.035,2.379,4.973
1,21.00155,167.4,143,90,349,167.4,3.98,0.042,2.436,5.975
1,21.00636,208.0,144,91,281,208.0,3.17,0.033,1.96,4.807
1,21.01205,175.6,144,90,337,175.6,3.8,0.039,2.335,5.694
1,21.01745,185.1,145,93,344,185.1,3.49,0.037,2.377,5.402
1,21.02266,192.2,145,94,332,192.2,3.32,0.036,2.283,5.202
1,21.02802,186.4,145,99,341,186.4,3.25,0.037,2.345,5.364
1,21.03327,190.5,145,92,300,190.5,3.42,0.036,2.065,5.25
1,21.03878,181.4,146,88,351,181.4,3.76,0.038,2.411,5.513
1,21.04375,201.2,145,86,311,201.2,3.47,0.034,2.14,4.97
1,21.04909,187.5,146,90,333,187.5,3.55,0.036,2.274,5.332
1,21.05435,190.1,147,93,332,190.1,3.39,0.036,2.266,5.259
1,21.05975,184.9,147,88,302,184.9,3.69,0.037,2.052,5.408
1,21.06453,209.2,147,90,301,209.2,3.19,0.032,2.04,4.781
1,21.06951,200.7,147,94,315,200.7,3.18,0.034,2.143,4.981
1,21.07524,174.8,147,84,309,174.8,4.09,0.039,2.105,5.72
1,21.0802,201.3,147,85,299,201.3,3.51,0.034,2.03,4.969
1,21.08525,198.3,148,89,307,198.3,3.4,0.034,2.082,5.043
1,21.09035,195.9,147,93,307,195.9,3.29,0.035,2.085,5.104
1,21.0959,180.4,147,86,297,180.4,3.87,0.038,2.024,5.544
1,21.10054,215.2,147,89,314,215.2,3.13,0.032,2.13,4.646
1,21.10571,193.6,148,92,302,193.6,3.37,0.035,2.044,5.165
1,21.11083,195.3,148,86,284,195.3,3.57,0.035,1.925,5.121
1,21.11574,203.7,147,90,294,203.7,3.27,0.033,1.994,4.909
1,21.12042,213.5,147,89,288,213.5,3.16,0.032,1.952,4.684
1,21.12532,204.0,148,88,291,204.0,3.34,0.033,1.971,4.902
1,21.13067,187.1,148,90,282,187.1,3.56,0.036,1.904,5.345
1,21.13536,213.2,148,87,257,213.2,3.23,0.032,1.735,4.69
1,21.14047,195.6,148,84,291,195.6,3.65,0.034,1.96,5.112
1,21.1455,198.7,148,92,294,198.7,3.28,0.034,1.98,5.033
1,21.15048,200.8,148,97,288,200.8,3.08,0.034,1.95,4.979
1,21.15503,220.1,148,83,269,220.1,3.29,0.031,1.823,4.544
1,21.15994,203.7,148,88,277,203.7,3.35,0.033,1.874,4.91
1,21.16485,203.3,148,85,273,203.3,3.47,0.033,1.853,4.918
1,21.16959,211.0,148,86,264,211.0,3.31,0.032,1.785,4.74
1,21.17499,185.2,148,90,276,185.2,3.6,0.036,1.864,5.4
1,21.17994,202.1,148,83,287,202.1,3.58,0.034,1.942,4.948
1,21.18452,218.5,148,88,256,218.5,3.12,0.031,1.735,4.577
1,21.18922,212.7,148,80,291,212.7,3.53,0.032,1.958,4.702
1,21.19426,198.5,149,90,288,198.5,3.36,0.034,1.937,5.038
1,21.19939,194.9,149,88,266,194.9,3.5,0.034,1.786,5.13
1,21.20412,211.3,149,90,256,211.3,3.15,0.032,1.714,4.732
1,21.20881,213.2,149,86,280,213.2,3.27,0.031,1.873,4.691
1,21.21376,202.0,149,79,254,202.0,3.76,0.033,1.707,4.951
1,21.21816,227.5,150,84,234,227.5,3.14,0.029,1.564,4.395
1,21.22271,219.6,150,85,241,219.6,3.21,0.03,1.61,4.554
1,21.22741,212.7,150,83,255,212.7,3.4,0.031,1.699,4.702
1,21.23236,202.1,151,90,278,202.1,3.3,0.033,1.845,4.948
1,21.23702,214.7,151,90,270,214.7,3.11,0.031,1.793,4.659
1,21.24218,193.7,150,89,288,193.7,3.48,0.034,1.911,5.162
1,21.24626,245.1,150,86,260,245.1,2.85,0.027,1.736,4.081
1,21.25137,195.8,149,99,270,195.8,3.1,0.034,1.808,5.107
1,21.25598,216.9,150,90,276,216.9,3.07,0.031,1.838,4.611
1,21.26086,204.9,150,83,264,204.9,3.53,0.032,1.757,4.88
1,21.26611,190.6,150,88,289,190.6,3.58,0.035,1.92,5.248
1,21.27133,191.6,151,88,292,191.6,3.56,0.035,1.938,5.22
1,21.2757,228.8,151,85,243,228.8,3.08,0.029,1.605,4.37
1,21.28078,196.9,151,84,291,196.9,3.63,0.034,1.92,5.079
1,21.28574,201.5,152,94,282,201.5,3.17,0.033,1.86,4.962
1,21.29078,198.3,151,84,280,198.3,3.6,0.033,1.85,5.044
1,21.29569,203.8,151,88,275,203.8,3.35,0.032,1.816,4.907
1,21.30136,176.2,151,90,286,176.2,3.78,0.037,1.892,5.675
1,21.30633,201.4,151,93,307,201.4,3.2,0.033,2.027,4.966
1,21.31138,198.2,152,90,275,198.2,3.36,0.033,1.814,5.046
1,21.31621,206.9,151,88,275,206.9,3.29,0.032,1.816,4.832
1,21.32098,209.6,151,87,302,209.6,3.29,0.032,1.993,4.772
1,21.32627,189.1,152,79,302,189.1,4.02,0.035,1.989,5.288
1,21.331,211.3,152,87,279,211.3,3.26,0.031,1.833,4.733
1,21.33643,184.2,153,88,317,184.2,3.7,0.036,2.073,5.428
1,21.34115,212.0,152,92,277,212.0,3.08,0.031,1.82,4.716
1,21.34637,191.3,153,89,307,191.3,3.52,0.034,2.015,5.226
1,21.35153,194.0,152,93,296,194.0,3.33,0.034,1.945,5.155
1,21.35685,187.9,152,89,309,187.9,3.59,0.035,2.031,5.323
1,21.36189,198.5,153,86,292,198.5,3.51,0.033,1.903,5.037
1,21.3667,207.6,152,85,279,207.6,3.4,0.032,1.834,4.818
1,21.37176,197.7,153,91,325,197.7,3.33,0.033,2.133,5.058
1,21.37648,211.8,153,97,275,211.8,2.92,0.031,1.796,4.721
1,21.38083,230.1,153,83,241,230.1,3.14,0.028,1.58,4.346
1,21.38621,185.8,153,83,288,185.8,3.89,0.035,1.883,5.382
1,21.39136,194.4,152,93,303,194.4,3.32,0.034,1.99,5.145
1,21.39585,222.7,151,84,249,222.7,3.21,0.03,1.643,4.49
1,21.40029,225.0,152,85,266,225.0,3.14,0.029,1.744,4.444
1,21.40513,206.8,153,85,254,206.8,3.41,0.032,1.663,4.836
1,21.40962,222.7,153,93,260,222.7,2.9,0.029,1.701,4.491
1,21.4141,223.1,152,87,234,223.1,3.09,0.029,1.541,4.481
1,21.41894,206.4,152,86,262,206.4,3.38,0.032,1.725,4.845
1,21.42387,203.2,152,84,277,203.2,3.52,0.032,1.824,4.922
1,21.42858,212.0,151,87,279,212.0,3.25,0.031,1.844,4.717
1,21.43349,203.8,150,82,246,203.8,3.59,0.033,1.634,4.907
1,21.43795,224.3,150,86,235,224.3,3.11,0.03,1.567,4.458
1,21.44225,232.6,149,82,241,232.6,3.15,0.029,1.617,4.299
1,21.44697,212.0,149,92,239,212.0,3.08,0.032,1.6,4.718
1,21.45161,215.3,149,90,217,215.3,3.1,0.031,1.459,4.644
1,21.45538,265.4,148,77,218,265.4,2.94,0.025,1.469,3.768
1,21.46006,213.3,148,83,224,213.3,3.39,0.032,1.512,4.687
1,21.46452,224.5,148,89,208,224.5,3.0,0.03,1.408,4.454
1,21.46925,211.4,148,87,208,211.4,3.26,0.032,1.403,4.73
1,21.4734,240.9,147,87,203,240.9,2.86,0.028,1.376,4.151
1,21.47761,237.4,147,78,204,237.4,3.24,0.029,1.384,4.211
1,21.48162,249.2,147,83,192,249.2,2.9,0.027,1.308,4.013
1,21.48592,232.7,147,89,200,232.7,2.9,0.029,1.365,4.298
1,21.48986,254.0,146,87,191,254.0,2.71,0.027,1.31,3.936
1,21.49448,216.6,145,86,187,216.6,3.22,0.032,1.286,4.617
1,21.49822,266.8,145,89,178,266.8,2.53,0.026,1.227,3.748
1,21.50179,280.2,145,83,142,280.2,2.58,0.025,0.974,3.568
1,21.50627,223.2,146,84,184,223.2,3.2,0.031,1.264,4.481
1,21.51039,242.8,146,84,194,242.8,2.94,0.028,1.328,4.118
1,21.51394,281.4,145,87,149,281.4,2.45,0.024,1.026,3.554
1,21.5176,273.8,145,80,158,273.8,2.74,0.025,1.09,3.652
1,21.52095,298.0,145,84,162,298.0,2.4,0.023,1.116,3.355
1,21.52517,237.0,145,87,204,237.0,2.91,0.029,1.404,4.219
1,21.52906,257.4,145,85,183,257.4,2.74,0.027,1.263,3.885
1,21.5326,282.5,144,83,181,282.5,2.56,0.025,1.254,3.54
1,21.53655,253.0,144,91,174,253.0,2.61,0.027,1.207,3.952
1,21.54006,285.1,144,84,161,285.1,2.51,0.024,1.121,3.508
1,21.54396,255.9,143,82,164,255.9,2.86,0.027,1.145,3.907
1,21.54726,303.3,143,82,138,303.3,2.41,0.023,0.966,3.298
1,21.55088,275.9,143,80,190,275.9,2.72,0.025,1.332,3.625
1,21.55519,232.3,143,82,188,232.3,3.15,0.03,1.31,4.304
1,21.55877,278.9,144,80,176,278.9,2.69,0.025,1.228,3.586
1,21.56261,260.9,143,88,167,260.9,2.61,0.027,1.168,3.833
1,21.56613,284.0,143,82,164,284.0,2.58,0.025,1.145,3.522
1,21.5698,272.7,143,81,177,272.7,2.72,0.026,1.24,3.667
1,21.57377,251.8,143,88,194,251.8,2.71,0.028,1.36,3.971
1,21.57706,303.7,142,87,161,303.7,2.27,0.023,1.131,3.293
1,21.58099,254.5,142,88,208,254.5,2.68,0.028,1.465,3.93
1,21.58495,252.9,141,91,172,252.9,2.61,0.028,1.223,3.955
1,21.5892,235.3,140,81,195,235.3,3.15,0.03,1.391,4.25
1,21.59295,266.6,140,78,163,266.6,2.89,0.027,1.166,3.751
1,21.5967,266.6,139,79,152,266.6,2.85,0.027,1.089,3.75
1,21.60049,263.6,140,90,178,263.6,2.53,0.027,1.273,3.793
1,21.60397,287.7,140,77,162,287.7,2.71,0.025,1.156,3.476
1,21.60804,245.5,140,85,159,245.5,2.88,0.029,1.133,4.074
1,21.61162,279.1,140,82,182,279.1,2.62,0.026,1.305,3.583
1,21.61605,225.9,141,82,216,225.9,3.24,0.031,1.536,4.426
1,21.61975,270.4,141,88,188,270.4,2.52,0.026,1.337,3.698
1,21.62376,249.4,141,86,183,249.4,2.8,0.028,1.296,4.009
1,21.62806,232.2,141,89,201,232.2,2.9,0.03,1.422,4.307
1,21.63189,261.3,142,84,191,261.3,2.73,0.027,1.352,3.827
1,21.6361,237.7,141,77,191,237.7,3.28,0.03,1.353,4.207
1,21.64025,240.6,142,88,209,240.6,2.83,0.029,1.477,4.156
1,21.6439,274.2,142,80,182,274.2,2.73,0.026,1.287,3.647
1,21.64757,272.6,142,88,199,272.6,2.5,0.026,1.404,3.669
1,21.65189,231.5,141,88,189,231.5,2.94,0.031,1.336,4.319
1,21.65588,250.8,141,81,199,250.8,2.95,0.028,1.409,3.988
1,21.65936,287.4,141,81,173,287.4,2.58,0.025,1.232,3.479
1,21.66329,254.1,141,91,194,254.1,2.59,0.028,1.379,3.935
1,21.66717,257.5,141,87,152,257.5,2.68,0.028,1.078,3.884
1,21.67178,217.1,141,81,211,217.1,3.41,0.033,1.491,4.607
1,21.6754,276.4,142,85,177,276.4,2.55,0.026,1.248,3.618
1,21.67933,254.2,141,92,202,254.2,2.57,0.028,1.427,3.933
1,21.68263,302.9,141,89,161,302.9,2.23,0.023,1.142,3.302
1,21.68657,254.0,142,84,193,254.0,2.81,0.028,1.366,3.937
1,21.69059,248.6,141,94,176,248.6,2.57,0.029,1.251,4.022
1,21.69385,306.6,140,83,151,306.6,2.36,0.023,1.073,3.262
1,21.69759,267.6,140,87,143,267.6,2.58,0.027,1.022,3.736
1,21.7016,249.7,140,84,167,249.7,2.86,0.029,1.193,4.005
1,21.70504,290.3,139,81,143,290.3,2.55,0.025,1.026,3.445
1,21.70831,306.0,139,86,162,306.0,2.28,0.023,1.166,3.268
1,21.71154,309.8,139,86,132,309.8,2.25,0.023,0.953,3.228
1,21.71559,246.7,138,84,158,246.7,2.89,0.029,1.14,4.053
1,21.71973,241.2,139,83,169,241.2,3.0,0.03,1.217,4.146
1,21.72338,274.2,138,93,155,274.2,2.35,0.026,1.128,3.647
1,21.72688,285.6,137,92,162,285.6,2.28,0.026,1.178,3.502
1,21.73032,291.1,136,84,143,291.1,2.45,0.025,1.049,3.435
1,21.73352,312.1,136,82,120,312.1,2.34,0.024,0.884,3.204
1,21.73694,292.6,136,76,114,292.6,2.7,0.025,0.836,3.417
1,21.74037,291.2,136,82,135,291.2,2.51,0.025,0.99,3.434
1,21.74426,257.2,136,79,166,257.2,2.95,0.029,1.226,3.888
1,21.7478,283.0,135,75,118,283.0,2.83,0.026,0.876,3.533
1,21.75099,312.9,134,77,123,312.9,2.49,0.024,0.913,3.196
1,21.75429,303.4,135,77,137,303.4,2.57,0.024,1.021,3.296
1,21.75801,268.6,135,81,165,268.6,2.76,0.028,1.223,3.724
1,21.76171,270.2,134,76,174,270.2,2.92,0.028,1.297,3.701
1,21.76521,286.0,134,86,137,286.0,2.44,0.026,1.025,3.496
1,21.76876,281.5,133,79,128,281.5,2.7,0.027,0.958,3.553
1,21.77207,302.7,133,86,130,302.7,2.3,0.025,0.983,3.304
1,21.77529,310.4,133,84,115,310.4,2.3,0.024,0.863,3.221
1,21.77865,297.0,133,81,136,297.0,2.49,0.025,1.026,3.367
1,21.78208,291.6,133,80,131,291.6,2.57,0.026,0.984,3.43
1,21.78571,275.5,132,82,142,275.5,2.66,0.027,1.073,3.629
1,21.78868,336.6,132,76,103,336.6,2.35,0.022,0.78,2.971
1,21.79155,348.5,132,78,94,348.5,2.21,0.022,0.715,2.87
1,21.79528,268.1,131,83,149,268.1,2.7,0.028,1.135,3.73
1,21.79887,278.8,131,83,152,278.8,2.59,0.027,1.165,3.586
1,21.80267,263.3,131,82,165,263.3,2.78,0.029,1.258,3.798
1,21.80612,289.6,131,84,142,289.6,2.47,0.026,1.081,3.453
1,21.80965,283.5,131,83,166,283.5,2.55,0.027,1.264,3.527
1,21.81315,285.7,131,87,163,285.7,2.41,0.027,1.24,3.5
1,21.81689,267.0,131,84,167,267.0,2.67,0.029,1.277,3.745
1,21.82064,267.0,131,79,151,267.0,2.85,0.029,1.147,3.746
1,21.82402,295.7,131,88,138,295.7,2.31,0.026,1.052,3.382
1,21.82791,257.1,132,83,173,257.1,2.81,0.03,1.317,3.89
1,21.8319,250.8,131,82,186,250.8,2.92,0.03,1.417,3.988
1,21.83562,268.4,132,86,149,268.4,2.6,0.028,1.136,3.725
1,21.83938,266.5,132,84,205,266.5,2.68,0.028,1.556,3.753
1,21.84321,260.6,132,86,173,260.6,2.68,0.029,1.311,3.837
1,21.84727,246.7,132,88,160,246.7,2.76,0.031,1.213,4.053
1,21.85155,233.3,132,79,171,233.3,3.26,0.032,1.296,4.286
1,21.85569,241.6,132,82,195,241.6,3.03,0.031,1.48,4.138
1,21.85999,232.7,131,90,207,232.7,2.87,0.033,1.577,4.298
1,21.86458,217.8,132,85,226,217.8,3.24,0.035,1.709,4.592
1,21.86843,259.6,132,91,194,259.6,2.54,0.029,1.466,3.852
1,21.87252,244.7,132,82,210,244.7,2.99,0.031,1.596,4.087
1,21.87655,248.3,132,89,236,248.3,2.72,0.03,1.782,4.027
1,21.88139,206.6,132,87,213,206.6,3.34,0.037,1.61,4.84
1,21.88506,271.9,132,92,171,271.9,2.4,0.028,1.297,3.677
1,21.88944,228.5,133,77,219,228.5,3.41,0.033,1.655,4.376
1,21.89342,251.5,133,84,205,251.5,2.84,0.03,1.532,3.976
1,21.89838,201.5,134,89,236,201.5,3.34,0.037,1.763,4.962
1,21.90242,247.6,135,92,212,247.6,2.63,0.03,1.575,4.039
1,21.90707,214.7,135,84,212,214.7,3.33,0.035,1.573,4.658
1,21.91131,236.1,135,82,210,236.1,3.1,0.031,1.556,4.236
1,21.91626,202.1,136,88,265,202.1,3.37,0.036,1.952,4.947
1,21.92107,207.7,136,93,236,207.7,3.11,0.035,1.737,4.814
1,21.9256,220.7,136,85,232,220.7,3.2,0.033,1.711,4.532
1,21.92977,240.2,136,87,228,240.2,2.87,0.031,1.673,4.164
1,21.93388,243.4,137,80,209,243.4,3.08,0.03,1.525,4.109
1,21.93818,232.5,136,86,222,232.5,3.0,0.032,1.625,4.302
1,21.94226,245.1,137,75,218,245.1,3.26,0.03,1.589,4.08
1,21.94713,205.4,137,94,219,205.4,3.11,0.036,1.602,4.869
1,21.95182,212.8,137,87,217,212.8,3.24,0.034,1.58,4.699
1,21.95653,212.6,138,91,227,212.6,3.1,0.034,1.651,4.703
1,21.9605,251.7,137,83,231,251.7,2.87,0.029,1.685,3.973
1,21.96504,220.1,137,87,242,220.1,3.13,0.033,1.762,4.544
1,21.96901,252.4,138,87,207,252.4,2.73,0.029,1.504,3.961
1,21.97311,244.0,137,85,226,244.0,2.89,0.03,1.647,4.099
1,21.97726,240.4,138,83,221,240.4,3.01,0.03,1.602,4.16
1,21.98187,217.0,138,92,214,217.0,3.01,0.033,1.552,4.608
1,21.98598,243.3,138,78,222,243.3,3.16,0.03,1.612,4.111
1,21.98987,257.0,138,89,189,257.0,2.62,0.028,1.365,3.89
1,21.99431,225.3,138,78,230,225.3,3.41,0.032,1.672,4.438
1,21.99866,230.0,138,94,230,230.0,2.78,0.031,1.658,4.348
1,22.00316,222.1,139,86,239,222.1,3.14,0.032,1.72,4.502
1,22.00752,229.4,139,92,219,229.4,2.84,0.031,1.58,4.36
1,22.01206,220.1,138,75,253,220.1,3.63,0.033,1.824,4.544
1,22.0159,260.8,138,90,206,260.8,2.56,0.028,1.494,3.834
1,22.02028,228.4,139,81,231,228.4,3.24,0.032,1.667,4.378
1,22.02502,210.9,139,87,245,210.9,3.27,0.034,1.768,4.741
1,22.0291,244.8,139,82,224,244.8,2.99,0.029,1.617,4.085
1,22.03394,206.6,138,90,232,206.6,3.23,0.035,1.677,4.84
1,22.03784,256.3,139,93,201,256.3,2.52,0.028,1.45,3.901
1,22.04222,228.3,139,90,244,228.3,2.92,0.032,1.756,4.38
1,22.04692,213.0,139,89,258,213.0,3.17,0.034,1.855,4.695
1,22.05145,220.5,139,81,234,220.5,3.36,0.033,1.689,4.535
1,22.05538,254.4,138,87,219,254.4,2.71,0.028,1.582,3.931
1,22.06013,210.5,139,89,249,210.5,3.2,0.034,1.795,4.75
1,22.06472,218.1,138,91,239,218.1,3.02,0.033,1.73,4.585
1,22.0691,228.3,138,87,222,228.3,3.02,0.032,1.605,4.38
1,22.07385,210.7,139,82,243,210.7,3.47,0.034,1.75,4.747
1,22.07835,222.3,139,92,233,222.3,2.93,0.032,1.668,4.498
1,22.08327,203.0,140,90,248,203.0,3.28,0.035,1.771,4.926
1,22.08769,226.5,140,81,234,226.5,3.27,0.032,1.673,4.416
1,22.09235,214.4,140,88,241,214.4,3.18,0.033,1.72,4.663
1,22.09672,229.0,140,89,244,229.0,2.94,0.031,1.739,4.367
1,22.10155,207.1,140,93,265,207.1,3.12,0.034,1.89,4.829
1,22.10623,213.7,140,89,252,213.7,3.15,0.034,1.808,4.679
1,22.11114,203.4,140,89,257,203.4,3.31,0.035,1.844,4.916
1,22.1158,214.8,140,84,266,214.8,3.33,0.033,1.898,4.655
1,22.1203,222.1,141,89,268,222.1,3.04,0.032,1.906,4.502
1,22.12492,216.4,141,79,243,216.4,3.51,0.033,1.725,4.621
1,22.12975,206.9,141,85,267,206.9,3.41,0.034,1.896,4.833
1,22.13425,222.3,140,85,244,222.3,3.18,0.032,1.741,4.498
1,22.13893,213.6,141,91,270,213.6,3.09,0.033,1.913,4.681
1,22.14313,238.1,141,91,260,238.1,2.77,0.03,1.84,4.201
1,22.14836,191.3,141,92,283,191.3,3.41,0.037,2.006,5.226
1,22.15323,205.1,142,77,259,205.1,3.8,0.034,1.824,4.875
1,22.15824,199.9,143,89,301,199.9,3.37,0.035,2.109,5.002
1,22.163,209.9,143,94,273,209.9,3.04,0.033,1.905,4.765
1,22.16806,197.7,144,91,295,197.7,3.33,0.035,2.045,5.058
1,22.17295,204.3,144,91,284,204.3,3.23,0.034,1.97,4.896
1,22.17814,193.0,144,88,293,193.0,3.53,0.036,2.027,5.181
1,22.18344,188.5,145,85,297,188.5,3.74,0.037,2.055,5.304
1,22.18884,185.1,145,84,307,185.1,3.86,0.037,2.118,5.404
1,22.19421,186.3,145,90,313,186.3,3.58,0.037,2.153,5.368
1,22.19938,193.3,146,82,277,193.3,3.79,0.035,1.896,5.173
1,22.20427,204.5,146,88,310,204.5,3.33,0.034,2.13,4.89
1,22.20994,176.3,146,85,333,176.3,4.0,0.039,2.285,5.671
1,22.21554,178.9,146,88,314,178.9,3.81,0.038,2.146,5.591
1,22.22089,186.7,146,84,308,186.7,3.83,0.037,2.116,5.355
1,22.22635,183.1,146,83,305,183.1,3.95,0.037,2.08,5.462
1,22.23166,188.5,147,90,309,188.5,3.54,0.036,2.102,5.305
1,22.23666,200.0,148,89,330,200.0,3.37,0.034,2.227,5.001
1,22.24208,184.4,148,100,340,184.4,3.25,0.037,2.291,5.423
1,22.24746,185.9,149,91,311,185.9,3.55,0.036,2.092,5.38
1,22.25232,205.8,148,86,308,205.8,3.39,0.033,2.072,4.859
1,22.25822,169.4,148,89,354,169.4,3.98,0.04,2.388,5.903
1,22.2634,193.0,148,88,317,193.0,3.53,0.035,2.135,5.181
1,22.26895,180.4,149,84,311,180.4,3.96,0.037,2.092,5.545
1,22.27457,178.0,149,87,316,178.0,3.87,0.038,2.125,5.617
1,22.28016,178.7,149,87,328,178.7,3.86,0.038,2.202,5.595
1,22.28587,175.2,150,88,312,175.2,3.89,0.038,2.083,5.707
1,22.29081,202.3,150,102,314,202.3,2.91,0.033,2.097,4.942
1,22.29622,185.0,149,98,273,185.0,3.31,0.036,1.834,5.406
1,22.30103,207.7,149,89,309,207.7,3.25,0.032,2.073,4.815
1,22.3066,179.6,150,84,331,179.6,3.98,0.037,2.208,5.568
1,22.31175,194.3,150,85,302,194.3,3.63,0.034,2.01,5.147
1,22.31664,204.3,151,88,291,204.3,3.34,0.032,1.935,4.894
1,22.32195,188.3,151,87,298,188.3,3.66,0.035,1.98,5.31
1,22.32702,197.3,151,82,292,197.3,3.71,0.034,1.937,5.068
1,22.33217,194.3,151,87,317,194.3,3.55,0.034,2.103,5.147
1,22.33711,202.3,151,89,261,202.3,3.33,0.033,1.729,4.944
1,22.34209,200.9,151,87,295,200.9,3.43,0.033,1.953,4.978
1,22.34755,183.1,151,92,281,183.1,3.56,0.036,1.861,5.46
1,22.35215,217.3,151,88,271,217.3,3.14,0.031,1.794,4.603
1,22.35731,193.8,151,87,285,193.8,3.56,0.034,1.889,5.16
1,22.36264,187.6,150,84,283,187.6,3.81,0.036,1.885,5.332
1,22.36788,191.0,149,82,290,191.0,3.83,0.035,1.949,5.235
1,22.37289,199.6,148,91,269,199.6,3.3,0.034,1.819,5.011
1,22.3775,216.9,148,84,263,216.9,3.29,0.031,1.771,4.611
1,22.38244,202.1,148,89,268,202.1,3.34,0.034,1.813,4.948
1,22.38743,200.7,148,80,267,200.7,3.74,0.034,1.804,4.982
1,22.39215,211.5,148,89,280,211.5,3.19,0.032,1.895,4.728
1,22.39713,201.1,148,89,293,201.1,3.35,0.034,1.98,4.972
1,22.40201,204.9,149,94,287,204.9,3.12,0.033,1.927,4.881
1,22.40738,186.1,149,87,287,186.1,3.7,0.036,1.921,5.372
1,22.41191,220.7,149,84,275,220.7,3.24,0.03,1.843,4.532
1,22.41711,192.5,149,88,271,192.5,3.54,0.035,1.818,5.194
1,22.4215,227.6,149,86,271,227.6,3.07,0.029,1.822,4.394
1,22.42644,202.3,149,88,284,202.3,3.37,0.033,1.907,4.942
1,22.43118,211.0,149,87,275,211.0,3.27,0.032,1.848,4.74
1,22.43607,204.8,148,89,273,204.8,3.29,0.033,1.845,4.884
1,22.44061,220.1,149,84,250,220.1,3.25,0.031,1.683,4.543
1,22.44567,197.4,149,86,289,197.4,3.53,0.034,1.935,5.066
1,22.45082,194.4,150,88,287,194.4,3.51,0.034,1.919,5.143
1,22.45535,220.7,149,89,260,220.7,3.06,0.03,1.741,4.532
1,22.46015,208.3,149,86,261,208.3,3.35,0.032,1.744,4.8
1,22.46467,221.1,149,93,255,221.1,2.92,0.03,1.713,4.523
1,22.46992,190.7,149,83,276,190.7,3.79,0.035,1.85,5.244
1,22.4751,192.8,149,92,281,192.8,3.38,0.035,1.884,5.187
1,22.48061,181.6,149,97,318,181.6,3.41,0.037,2.129,5.506
1,22.48571,196.2,150,86,314,196.2,3.56,0.034,2.096,5.097
1,22.49068,201.0,149,84,252,201.0,3.55,0.033,1.695,4.974
1,22.49538,212.6,149,90,277,212.6,3.14,0.032,1.864,4.703
1,22.50071,187.8,149,92,321,187.8,3.47,0.036,2.153,5.325
1,22.50613,184.6,149,89,289,184.6,3.65,0.036,1.934,5.417
1,22.51134,191.7,149,80,276,191.7,3.91,0.035,1.85,5.216
1,22.51684,181.8,149,89,307,181.8,3.71,0.037,2.06,5.5
1,22.5216,210.0,148,81,288,210.0,3.53,0.032,1.942,4.762
1,22.52638,209.2,148,92,294,209.2,3.12,0.032,1.986,4.781
1,22.53134,201.7,148,86,281,201.7,3.46,0.034,1.902,4.957
1,22.53689,180.3,148,91,313,180.3,3.66,0.038,2.117,5.547
1,22.54243,180.5,148,90,301,180.5,3.69,0.038,2.038,5.541
1,22.54737,202.3,148,90,288,202.3,3.3,0.033,1.948,4.944
1,22.55259,191.8,148,90,311,191.8,3.48,0.035,2.1,5.213
1,22.55784,190.3,149,80,295,190.3,3.94,0.035,1.982,5.255
1,22.56282,200.9,149,88,306,200.9,3.39,0.034,2.06,4.978
1,22.56791,196.3,149,98,278,196.3,3.12,0.034,1.871,5.095
1,22.57239,223.3,149,89,276,223.3,3.02,0.03,1.854,4.478
1,22.57738,200.4,149,88,285,200.4,3.4,0.033,1.91,4.991
1,22.58239,199.8,149,86,292,199.8,3.49,0.034,1.96,5.006
1,22.58755,193.9,149,87,309,193.9,3.56,0.035,2.073,5.159
1,22.59296,184.9,149,85,314,184.9,3.82,0.036,2.106,5.409
1,22.59726,232.2,149,92,266,232.2,2.81,0.029,1.778,4.307
1,22.60209,207.2,149,85,263,207.2,3.41,0.032,1.762,4.827
1,22.60668,217.9,149,90,278,217.9,3.06,0.031,1.865,4.589
1,22.6116,203.3,149,97,280,203.3,3.04,0.033,1.883,4.92
1,22.61654,202.4,149,89,280,202.4,3.33,0.033,1.878,4.941
1,22.62132,209.0,149,79,253,209.0,3.63,0.032,1.697,4.784
1,22.6263,200.7,149,90,320,200.7,3.32,0.033,2.144,4.982
1,22.63075,224.9,150,80,250,224.9,3.33,0.03,1.668,4.446
1,22.63563,204.7,150,87,271,204.7,3.37,0.033,1.807,4.884
1,22.64043,208.7,150,86,260,208.7,3.34,0.032,1.736,4.792
1,22.64481,228.3,149,92,252,228.3,2.86,0.029,1.695,4.381
1,22.64952,212.5,149,84,251,212.5,3.36,0.032,1.689,4.707
1,22.65419,214.1,150,85,232,214.1,3.3,0.031,1.553,4.67
1,22.65818,250.2,150,82,223,250.2,2.92,0.027,1.488,3.997
1,22.66321,198.8,149,86,220,198.8,3.51,0.034,1.47,5.03
1,22.66789,213.8,149,91,284,213.8,3.08,0.031,1.903,4.677
1,22.67212,236.4,149,86,193,236.4,2.95,0.028,1.296,4.23
1,22.67692,208.2,149,86,247,208.2,3.35,0.032,1.657,4.803
1,22.68167,210.8,148,87,245,210.8,3.27,0.032,1.651,4.743
1,22.68614,223.4,148,85,223,223.4,3.16,0.03,1.503,4.477
1,22.69032,239.1,147,93,203,239.1,2.7,0.028,1.375,4.182
1,22.69476,225.2,147,90,230,225.2,2.96,0.03,1.559,4.441
1,22.69897,238.1,147,78,220,238.1,3.23,0.029,1.5,4.201
1,22.70243,288.8,146,85,181,288.8,2.44,0.024,1.241,3.463
1,22.70682,227.5,146,79,221,227.5,3.34,0.03,1.508,4.396
1,22.71189,197.4,146,88,234,197.4,3.45,0.035,1.603,5.065
1,22.7162,231.9,145,86,168,231.9,3.01,0.03,1.155,4.312
1,22.71964,291.2,146,84,183,291.2,2.45,0.023,1.251,3.435
1,22.72356,254.8,146,87,222,254.8,2.71,0.027,1.522,3.924
1,22.72746,256.6,145,77,178,256.6,3.04,0.027,1.226,3.898
1,22.73124,264.2,145,79,200,264.2,2.87,0.026,1.38,3.785
1,22.73568,225.2,145,86,195,225.2,3.1,0.031,1.346,4.44
1,22.73969,249.7,145,94,197,249.7,2.56,0.028,1.361,4.005
1,22.74429,217.1,145,84,228,217.1,3.29,0.032,1.572,4.605
1,22.74783,282.9,144,84,181,282.9,2.52,0.024,1.25,3.535
1,22.75186,247.8,145,83,188,247.8,2.92,0.028,1.299,4.036
1,22.75575,257.1,145,84,187,257.1,2.78,0.027,1.292,3.89
1,22.75974,250.7,145,76,197,250.7,3.15,0.028,1.363,3.988
1,22.76308,299.7,145,84,173,299.7,2.38,0.023,1.199,3.337
1,22.76699,255.9,144,83,156,255.9,2.83,0.027,1.083,3.908
1,22.77038,295.2,143,83,154,295.2,2.45,0.024,1.074,3.388
1,22.7744,248.4,143,81,185,248.4,2.98,0.028,1.288,4.026
1,22.77843,248.4,143,83,182,248.4,2.91,0.028,1.271,4.025
1,22.78248,246.9,143,83,210,246.9,2.93,0.028,1.462,4.05
1,22.78646,251.3,143,89,186,251.3,2.68,0.028,1.298,3.979
1,22.7905,247.4,143,85,187,247.4,2.85,0.028,1.305,4.042
1,22.79495,224.5,143,81,191,224.5,3.3,0.031,1.339,4.454
1,22.79861,273.8,143,85,171,273.8,2.58,0.025,1.194,3.652
1,22.80237,265.9,144,91,199,265.9,2.48,0.026,1.383,3.761
1,22.80646,244.5,144,87,187,244.5,2.82,0.028,1.299,4.091
1,22.81065,238.4,144,76,217,238.4,3.31,0.029,1.51,4.195
1,22.81538,211.3,144,82,228,211.3,3.46,0.033,1.583,4.732
1,22.81932,254.2,144,87,208,254.2,2.71,0.027,1.444,3.933
1,22.82315,261.0,144,88,187,261.0,2.61,0.027,1.301,3.832
1,22.82697,261.5,144,94,194,261.5,2.44,0.027,1.345,3.824
1,22.83098,249.4,143,84,198,249.4,2.86,0.028,1.379,4.009
1,22.83566,213.7,143,80,218,213.7,3.51,0.033,1.529,4.68
1,22.8362,1848.6,142,0,0,1848.6,0.0,0.004,,0.541
1,22.84011,256.2,141,88,195,256.2,2.66,0.028,1.38,3.903
1,22.84422,243.2,141,91,204,243.2,2.71,0.029,1.441,4.111
1,22.8485,233.6,142,82,197,233.6,3.13,0.03,1.391,4.28
1,22.85271,237.2,141,84,194,237.2,3.01,0.03,1.373,4.215
1,22.8568,244.6,142,84,222,244.6,2.92,0.029,1.564,4.088
1,22.86073,254.5,141,83,191,254.5,2.84,0.028,1.355,3.93
1,22.86476,248.3,140,82,210,248.3,2.95,0.029,1.495,4.027
1,22.86901,234.9,140,86,217,234.9,2.97,0.03,1.554,4.257
1,22.87313,243.1,140,85,214,243.1,2.9,0.029,1.528,4.114
1,22.87643,303.0,140,85,161,303.0,2.33,0.024,1.149,3.3
1,22.87998,281.6,140,85,171,281.6,2.51,0.025,1.221,3.551
1,22.88356,279.0,139,89,181,279.0,2.42,0.026,1.304,3.585
1,22.88747,255.9,139,90,200,255.9,2.6,0.028,1.439,3.907
1,22.89162,241.2,138,76,190,241.2,3.27,0.03,1.372,4.146
1,22.89543,262.1,138,87,155,262.1,2.63,0.028,1.121,3.815
1,22.89959,240.7,137,86,173,240.7,2.9,0.03,1.26,4.155
1,22.90353,253.7,137,81,171,253.7,2.92,0.029,1.249,3.941
1,22.90825,211.9,136,79,203,211.9,3.58,0.035,1.487,4.718
1,22.91221,252.2,136,81,175,252.2,2.94,0.029,1.284,3.965
1,22.91616,253.1,136,91,193,253.1,2.61,0.029,1.416,3.952
1,22.92,260.9,136,85,169,260.9,2.71,0.028,1.237,3.833
1,22.92341,293.2,136,81,148,293.2,2.53,0.025,1.084,3.41
1,22.92653,320.1,136,79,169,320.1,2.37,0.023,1.244,3.124
1,22.93044,255.8,136,84,197,255.8,2.79,0.029,1.45,3.909
1,22.93385,293.4,135,84,111,293.4,2.43,0.025,0.823,3.409
1,22.93758,268.0,135,89,172,268.0,2.52,0.028,1.272,3.731
1,22.9412,276.3,135,80,178,276.3,2.71,0.027,1.314,3.619
1,22.94438,314.6,135,79,137,314.6,2.41,0.024,1.009,3.179
1,22.94826,257.9,135,87,166,257.9,2.67,0.029,1.228,3.877
1,22.95147,310.8,135,83,137,310.8,2.33,0.024,1.017,3.217
1,22.95473,307.3,135,90,129,307.3,2.17,0.024,0.958,3.254
1,22.95873,249.7,134,87,169,249.7,2.76,0.03,1.258,4.004
1,22.96253,263.2,134,89,162,263.2,2.56,0.028,1.206,3.8
1,22.96643,256.3,134,85,174,256.3,2.75,0.029,1.301,3.902
1,22.96958,317.6,134,76,125,317.6,2.49,0.024,0.933,3.149
1,22.97322,274.9,134,80,104,274.9,2.73,0.027,0.777,3.638
1,22.97657,298.2,134,81,153,298.2,2.48,0.025,1.144,3.353
1,22.97975,315.2,134,77,147,315.2,2.47,0.024,1.101,3.172
1,22.98306,301.7,134,91,120,301.7,2.19,0.025,0.893,3.314
1,22.98687,262.4,134,79,139,262.4,2.89,0.028,1.04,3.811
1,22.99055,271.9,134,83,170,271.9,2.66,0.028,1.273,3.678
1,22.99402,288.0,134,77,129,288.0,2.71,0.026,0.962,3.472
1,22.99763,276.9,134,86,150,276.9,2.52,0.027,1.119,3.612
1,23.00129,273.7,133,82,159,273.7,2.67,0.027,1.195,3.654
1,23.00446,314.6,132,77,89,314.6,2.48,0.024,0.677,3.179
1,23.00738,342.6,132,85,126,342.6,2.06,0.022,0.955,2.919
1,23.01011,367.1,131,75,102,367.1,2.18,0.021,0.779,2.724
1,23.01398,258.4,131,86,151,258.4,2.7,0.029,1.15,3.869
1,23.01758,277.6,131,85,165,277.6,2.54,0.028,1.262,3.603
1,23.02052,340.2,131,75,131,340.2,2.35,0.022,1.001,2.939
1,23.02396,290.7,131,84,158,290.7,2.46,0.026,1.206,3.44
1,23.02737,293.3,131,84,162,293.3,2.43,0.026,1.235,3.409
1,23.03079,292.0,131,88,143,292.0,2.34,0.026,1.091,3.425
1,23.03421,292.3,131,84,149,292.3,2.44,0.026,1.135,3.421
1,23.03715,340.2,131,88,104,340.2,2.0,0.022,0.791,2.94
1,23.04087,269.0,131,82,139,269.0,2.72,0.028,1.064,3.717
1,23.0448,254.6,131,78,163,254.6,3.02,0.03,1.244,3.928
1,23.0491,232.3,131,80,175,232.3,3.23,0.033,1.337,4.305
1,23.05234,309.0,131,75,136,309.0,2.59,0.025,1.038,3.236
1,23.0563,252.3,132,82,199,252.3,2.9,0.03,1.51,3.963
1,23.06004,267.7,132,89,176,267.7,2.52,0.028,1.332,3.735
1,23.06327,309.3,132,81,148,309.3,2.39,0.025,1.123,3.233
1,23.067,268.1,132,85,186,268.1,2.63,0.028,1.409,3.729
1,23.07096,252.4,131,81,192,252.4,2.93,0.03,1.464,3.961
1,23.07561,215.2,132,89,218,215.2,3.13,0.035,1.654,4.647
1,23.08054,202.8,132,92,254,202.8,3.22,0.037,1.928,4.93
1,23.08463,244.5,133,83,210,244.5,2.96,0.031,1.585,4.09
1,23.08914,221.9,133,86,201,221.9,3.14,0.034,1.515,4.507
1,23.09307,254.0,133,85,189,254.0,2.78,0.03,1.429,3.937
1,23.09718,243.3,132,86,166,243.3,2.87,0.031,1.257,4.11
1,23.10058,294.0,132,84,182,294.0,2.43,0.026,1.384,3.402
1,23.10447,257.2,131,90,198,257.2,2.59,0.03,1.506,3.888
1,23.1087,236.3,132,83,238,236.3,3.06,0.032,1.802,4.233
1,23.11268,251.4,132,86,206,251.4,2.78,0.03,1.565,3.978
1,23.11687,238.5,132,84,225,238.5,2.99,0.032,1.704,4.192
1,23.12111,236.2,132,85,210,236.2,2.99,0.032,1.593,4.233
1,23.12567,219.1,133,85,220,219.1,3.22,0.034,1.655,4.563
1,23.12998,232.3,133,85,220,232.3,3.04,0.032,1.66,4.305
1,23.13448,222.0,133,79,222,222.0,3.42,0.034,1.678,4.505
1,23.13914,214.6,133,86,235,214.6,3.25,0.035,1.763,4.66
1,23.14331,240.0,133,82,232,240.0,3.05,0.031,1.738,4.167
1,23.14708,265.3,134,84,213,265.3,2.69,0.028,1.593,3.77
1,23.15203,201.8,134,87,251,201.8,3.42,0.037,1.879,4.954
1,23.15582,263.8,133,82,178,263.8,2.77,0.028,1.335,3.791
1,23.16035,220.9,134,88,217,220.9,3.09,0.034,1.621,4.527
1,23.1643,253.4,134,77,221,253.4,3.08,0.03,1.656,3.946
1,23.16859,232.9,134,85,227,232.9,3.03,0.032,1.695,4.294
1,23.17329,213.0,134,90,256,213.0,3.13,0.035,1.916,4.696
1,23.17753,235.9,134,91,218,235.9,2.79,0.032,1.627,4.238
1,23.18203,221.9,135,86,233,221.9,3.14,0.034,1.734,4.507
1,23.18642,227.6,134,82,206,227.6,3.21,0.033,1.532,4.393
1,23.1899,287.9,134,82,216,287.9,2.54,0.026,1.611,3.473
1,23.19458,213.5,134,84,208,213.5,3.35,0.035,1.552,4.685
1,23.19888,232.9,134,79,227,232.9,3.26,0.032,1.685,4.293
1,23.2026,268.6,134,82,207,268.6,2.72,0.028,1.541,3.723
1,23.20649,257.0,134,84,192,257.0,2.78,0.029,1.426,3.891
1,23.21088,228.0,135,85,214,228.0,3.1,0.032,1.584,4.386
1,23.21543,219.4,135,86,198,219.4,3.18,0.034,1.469,4.558
1,23.22029,205.8,135,86,238,205.8,3.39,0.036,1.764,4.86
1,23.22476,223.8,134,81,226,223.8,3.31,0.033,1.685,4.468
1,23.22859,261.4,134,81,180,261.4,2.83,0.029,1.34,3.826
1,23.23269,243.7,134,88,206,243.7,2.8,0.031,1.54,4.104
1,23.23667,251.1,133,89,204,251.1,2.68,0.03,1.531,3.982
1,23.24056,257.4,133,81,192,257.4,2.88,0.029,1.435,3.885
1,23.24481,235.1,133,94,216,235.1,2.71,0.032,1.617,4.253
1,23.24888,245.6,133,82,223,245.6,2.98,0.031,1.676,4.071
1,23.25302,241.8,133,88,195,241.8,2.82,0.031,1.464,4.135
1,23.25773,212.3,133,89,208,212.3,3.18,0.035,1.569,4.711
1,23.26219,224.3,133,86,216,224.3,3.11,0.033,1.618,4.459
1,23.26653,230.5,133,86,193,230.5,3.03,0.033,1.452,4.338
1,23.27089,229.1,132,83,201,229.1,3.16,0.033,1.517,4.365
1,23.27484,253.0,132,85,188,253.0,2.79,0.03,1.428,3.953
1,23.27955,212.3,132,84,229,212.3,3.36,0.036,1.742,4.71
1,23.28386,232.3,132,80,199,232.3,3.23,0.033,1.503,4.304
1,23.28826,227.1,132,83,215,227.1,3.18,0.033,1.634,4.404
1,23.29233,246.0,132,91,224,246.0,2.68,0.031,1.693,4.064
1,23.29675,226.0,132,81,204,226.0,3.28,0.034,1.546,4.424
1,23.30162,205.3,132,86,239,205.3,3.4,0.037,1.813,4.87
1,23.3065,205.0,132,76,266,205.0,3.85,0.037,2.012,4.877
1,23.31124,211.1,133,89,252,211.1,3.19,0.036,1.896,4.738
1,23.31577,220.5,132,84,216,220.5,3.24,0.034,1.628,4.536
1,23.32056,208.9,133,87,227,208.9,3.3,0.036,1.711,4.788
1,23.32566,196.2,132,89,243,196.2,3.44,0.039,1.841,5.097
1,23.33016,222.1,132,82,260,222.1,3.29,0.034,1.969,4.503
1,23.33514,200.7,132,85,287,200.7,3.52,0.038,2.168,4.982
1,23.34005,203.5,133,82,249,203.5,3.6,0.037,1.867,4.914
1,23.34482,210.0,134,93,260,210.0,3.07,0.036,1.942,4.761
1,23.3491,233.6,134,86,256,233.6,2.99,0.032,1.907,4.28
1,23.35366,218.8,135,83,293,218.8,3.3,0.034,2.177,4.569
1,23.35794,233.9,135,83,227,233.9,3.09,0.032,1.679,4.275
1,23.36292,200.7,135,90,281,200.7,3.32,0.037,2.08,4.984
1,23.37165,114.6,136,96,624,114.6,5.45,0.064,4.589,8.723
1,23.38031,115.5,138,108,617,115.5,4.81,0.063,4.472,8.66
1,23.3893,111.2,140,98,660,111.2,5.51,0.064,4.717,8.993
1,23.40125,83.7,142,107,972,83.7,6.7,0.084,6.836,11.951
1,23.40999,114.4,143,106,635,114.4,4.95,0.061,4.435,8.741
1,23.41861,116.1,145,96,660,116.1,5.39,0.06,4.562,8.616
1,23.42738,114.0,146,102,629,114.0,5.16,0.06,4.304,8.768
1,23.43233,201.9,146,83,271,201.9,3.58,0.034,1.853,4.952
1,23.43816,171.4,146,92,309,171.4,3.81,0.04,2.116,5.835
1,23.44345,189.0,146,87,318,189.0,3.65,0.036,2.173,5.29
1,23.44804,217.9,146,83,291,217.9,3.32,0.031,1.987,4.59
1,23.45299,202.1,147,86,310,202.1,3.45,0.034,2.117,4.947
1,23.45873,174.2,146,88,313,174.2,3.91,0.039,2.14,5.74
1,23.46415,184.5,146,84,321,184.5,3.87,0.037,2.198,5.42
1,23.46924,196.4,146,90,286,196.4,3.39,0.035,1.966,5.092
1,23.47444,192.2,146,88,320,192.2,3.55,0.036,2.193,5.202
1,23.47958,194.8,147,87,322,194.8,3.54,0.035,2.193,5.133
1,23.48412,220.0,147,89,293,220.0,3.06,0.031,1.997,4.546
1,23.48926,194.7,147,82,321,194.7,3.76,0.035,2.184,5.137
1,23.49454,189.4,147,91,315,189.4,3.48,0.036,2.138,5.279
1,23.49981,189.7,147,85,336,189.7,3.72,0.036,2.279,5.271
1,23.5054,179.0,148,91,326,179.0,3.68,0.038,2.208,5.586
1,23.5101,212.7,147,83,276,212.7,3.4,0.032,1.873,4.701
1,23.51522,195.1,148,93,304,195.1,3.31,0.035,2.055,5.126
1,23.52049,189.7,148,89,306,189.7,3.55,0.036,2.07,5.272
1,23.52587,186.2,148,80,324,186.2,4.03,0.036,2.183,5.372
1,23.5313,184.2,149,94,333,184.2,3.47,0.037,2.243,5.429
1,23.53674,183.7,148,84,310,183.7,3.89,0.037,2.09,5.443
1,23.54213,185.5,148,84,321,185.5,3.85,0.036,2.162,5.39
1,23.54715,199.3,149,88,326,199.3,3.42,0.034,2.182,5.018
1,23.55255,185.0,150,92,317,185.0,3.53,0.036,2.119,5.406
1,23.5575,201.9,150,93,284,201.9,3.2,0.033,1.898,4.952
1,23.56234,206.7,149,84,279,206.7,3.46,0.032,1.874,4.839
1,23.56728,202.5,149,95,311,202.5,3.12,0.033,2.089,4.938
1,23.57241,195.0,150,90,336,195.0,3.42,0.034,2.245,5.127
1,23.57755,194.6,150,83,291,194.6,3.71,0.034,1.946,5.139
1,23.5823,210.2,149,86,276,210.2,3.32,0.032,1.843,4.757
1,23.58777,182.9,150,91,326,182.9,3.6,0.037,2.18,5.467
1,23.59292,194.1,150,91,293,194.1,3.4,0.034,1.956,5.152
1,23.59774,207.7,150,87,289,207.7,3.32,0.032,1.928,4.815
1,23.60275,199.4,150,89,282,199.4,3.38,0.033,1.88,5.016
1,23.60775,200.0,150,85,278,200.0,3.53,0.033,1.849,5.0
1,23.61249,211.3,150,91,276,211.3,3.12,0.031,1.839,4.732
1,23.61748,200.1,150,96,290,200.1,3.12,0.033,1.927,4.996
1,23.62241,203.0,150,82,290,203.0,3.6,0.033,1.93,4.927
1,23.62748,197.1,150,79,293,197.1,3.85,0.034,1.946,5.073
1,23.63237,204.5,150,93,256,204.5,3.16,0.033,1.704,4.891
1,23.6373,202.9,150,88,303,202.9,3.36,0.033,2.015,4.928
1,23.64241,195.9,150,81,262,195.9,3.78,0.034,1.75,5.104
1,23.64702,216.6,150,91,237,216.6,3.04,0.031,1.574,4.617
1,23.65185,207.0,150,84,254,207.0,3.45,0.032,1.697,4.832
1,23.65716,188.4,149,92,274,188.4,3.46,0.036,1.836,5.308
1,23.6619,210.9,149,81,270,210.9,3.51,0.032,1.808,4.741
1,23.66682,203.3,150,85,284,203.3,3.47,0.033,1.896,4.919
1,23.67114,231.5,150,89,267,231.5,2.91,0.029,1.785,4.32
1,23.67591,209.7,150,85,274,209.7,3.37,0.032,1.832,4.769
1,23.68077,205.8,150,87,268,205.8,3.35,0.032,1.794,4.858
1,23.68578,199.8,150,85,240,199.8,3.53,0.033,1.599,5.006
1,23.69058,207.9,150,86,257,207.9,3.36,0.032,1.72,4.809
1,23.69492,230.6,149,88,245,230.6,2.96,0.029,1.64,4.337
1,23.70029,186.2,149,85,306,186.2,3.79,0.036,2.05,5.369
1,23.70599,175.6,149,93,311,175.6,3.67,0.038,2.082,5.695
1,23.7109,203.3,150,81,267,203.3,3.64,0.033,1.782,4.918
1,23.71603,194.9,150,92,284,194.9,3.35,0.034,1.887,5.13
1,23.72109,197.7,151,88,292,197.7,3.45,0.034,1.937,5.059
1,23.72646,186.4,152,88,314,186.4,3.66,0.035,2.073,5.366
1,23.73192,183.0,151,86,291,183.0,3.81,0.036,1.928,5.465
1,23.73695,199.1,152,92,278,199.1,3.28,0.033,1.828,5.023
1,23.74249,180.3,152,87,303,180.3,3.83,0.037,1.997,5.547
1,23.74717,213.7,152,82,283,213.7,3.42,0.031,1.861,4.679
1,23.75298,172.1,152,87,330,172.1,4.01,0.038,2.164,5.81
1,23.75827,189.2,153,86,319,189.2,3.69,0.035,2.088,5.287
1,23.76351,191.0,153,86,303,191.0,3.65,0.034,1.98,5.236
1,23.76833,207.5,154,91,304,207.5,3.18,0.031,1.973,4.819
1,23.77367,187.1,154,90,296,187.1,3.56,0.035,1.927,5.344
1,23.7789,191.1,154,88,302,191.1,3.57,0.034,1.969,5.233
1,23.78427,186.5,153,79,289,186.5,4.07,0.035,1.891,5.363
1,23.78922,202.0,153,93,310,202.0,3.19,0.032,2.023,4.951
1,23.79363,226.7,153,88,270,226.7,3.01,0.029,1.761,4.411
1,23.79879,193.9,153,85,308,193.9,3.64,0.034,2.007,5.157
1,23.80363,206.3,153,84,257,206.3,3.46,0.032,1.68,4.847
1,23.80856,203.0,153,78,298,203.0,3.79,0.032,1.941,4.925
1,23.81337,207.8,153,92,310,207.8,3.14,0.031,2.02,4.812
1,23.8189,180.7,153,85,312,180.7,3.91,0.036,2.037,5.535
1,23.82458,176.3,154,97,319,176.3,3.51,0.037,2.072,5.673
1,23.83006,182.5,154,86,282,182.5,3.82,0.036,1.834,5.479
1,23.83506,199.7,154,92,315,199.7,3.27,0.033,2.045,5.007
1,23.84039,187.6,154,81,298,187.6,3.95,0.035,1.937,5.33
1,23.84531,203.2,154,88,308,203.2,3.36,0.032,1.997,4.921
1,23.85041,196.4,154,86,268,196.4,3.55,0.033,1.746,5.091
1,23.85544,198.5,153,85,306,198.5,3.56,0.033,1.997,5.037
1,23.85992,223.2,153,85,238,223.2,3.16,0.029,1.557,4.48
1,23.86528,186.7,153,86,305,186.7,3.74,0.035,1.992,5.357
1,23.87037,196.4,153,91,297,196.4,3.36,0.033,1.936,5.091
1,23.87511,211.1,153,84,273,211.1,3.38,0.031,1.782,4.737
1,23.8799,208.8,154,94,296,208.8,3.06,0.031,1.921,4.79
1,23.88375,259.6,154,87,243,259.6,2.66,0.025,1.579,3.853
1,23.8883,219.9,154,90,254,219.9,3.03,0.029,1.648,4.548
1,23.89283,220.6,154,90,253,220.6,3.02,0.029,1.641,4.533
1,23.89744,216.9,154,81,253,216.9,3.42,0.03,1.644,4.611
1,23.90218,211.2,153,89,248,211.2,3.19,0.031,1.619,4.736
1,23.90706,204.9,153,79,263,204.9,3.71,0.032,1.715,4.88
1,23.91146,227.4,153,81,234,227.4,3.26,0.029,1.535,4.397
1,23.91647,199.4,152,83,271,199.4,3.62,0.033,1.777,5.014
1,23.92155,196.9,151,89,242,196.9,3.42,0.034,1.597,5.078
1,23.92551,252.4,151,73,188,252.4,3.26,0.026,1.249,3.962
1,23.93034,207.0,151,92,249,207.0,3.15,0.032,1.654,4.831
1,23.93508,211.1,151,85,258,211.1,3.34,0.031,1.711,4.738
1,23.93925,239.4,151,85,209,239.4,2.95,0.028,1.384,4.176
1,23.94362,229.1,151,82,245,229.1,3.19,0.029,1.628,4.364
1,23.94837,210.6,150,85,230,210.6,3.35,0.032,1.532,4.749
1,23.95243,246.3,150,85,220,246.3,2.87,0.027,1.469,4.059
1,23.95673,232.3,149,85,196,232.3,3.04,0.029,1.314,4.305
1,23.96115,226.3,150,91,211,226.3,2.91,0.029,1.407,4.418
1,23.96569,220.4,149,81,229,220.4,3.36,0.03,1.531,4.537
1,23.96994,235.3,149,87,180,235.3,2.93,0.029,1.209,4.25
1,23.97375,262.4,149,86,198,262.4,2.66,0.026,1.33,3.811
1,23.97784,244.1,148,84,197,244.1,2.93,0.028,1.329,4.096
1,23.98137,283.6,148,81,183,283.6,2.61,0.024,1.241,3.526
1,23.98544,245.6,148,88,203,245.6,2.78,0.028,1.372,4.072
1,23.9894,252.6,148,86,181,252.6,2.76,0.027,1.223,3.959
1,23.99368,233.8,148,84,226,233.8,3.06,0.029,1.527,4.277
1,23.99755,258.5,148,83,165,258.5,2.8,0.026,1.119,3.869
1,24.00205,222.3,148,76,226,222.3,3.55,0.03,1.531,4.499
1,24.0063,235.2,147,86,195,235.2,2.97,0.029,1.327,4.252
1,24.00996,273.2,147,90,175,273.2,2.44,0.025,1.192,3.661
1,24.01403,245.6,146,78,193,245.6,3.13,0.028,1.326,4.071
1,24.01819,240.5,145,85,214,240.5,2.94,0.029,1.477,4.158
1,24.02223,247.6,144,87,209,247.6,2.79,0.028,1.449,4.038
1,24.02641,238.9,144,83,196,238.9,3.03,0.029,1.362,4.186
1,24.03047,246.5,144,83,194,246.5,2.93,0.028,1.344,4.057
1,24.03428,262.2,143,83,197,262.2,2.76,0.027,1.376,3.814
1,24.03849,237.9,143,87,193,237.9,2.9,0.029,1.351,4.203
1,24.04232,261.0,143,86,178,261.0,2.67,0.027,1.247,3.832
1,24.04647,241.2,142,87,183,241.2,2.86,0.029,1.282,4.147
1,24.05083,229.3,143,72,193,229.3,3.63,0.031,1.352,4.361
1,24.05522,227.4,142,83,195,227.4,3.18,0.031,1.366,4.397
1,24.05927,247.4,143,85,179,247.4,2.85,0.028,1.254,4.042
1,24.06338,243.2,142,88,193,243.2,2.8,0.029,1.359,4.112
1,24.06809,212.3,142,84,225,212.3,3.36,0.033,1.58,4.711
1,24.07277,213.7,142,83,235,213.7,3.38,0.033,1.655,4.679
1,24.07723,223.9,142,83,197,223.9,3.23,0.031,1.385,4.466
1,24.08116,254.6,142,82,190,254.6,2.87,0.028,1.333,3.927
1,24.08536,238.2,143,88,196,238.2,2.86,0.029,1.372,4.198
1,24.08971,229.7,143,88,202,229.7,2.97,0.031,1.414,4.354
1,24.09351,262.9,142,82,155,262.9,2.78,0.027,1.093,3.803
1,24.09772,238.1,142,80,203,238.1,3.15,0.03,1.425,4.201
1,24.10233,216.6,142,95,220,216.6,2.92,0.033,1.555,4.618
1,24.1065,239.8,141,84,204,239.8,2.98,0.03,1.445,4.17
1,24.11087,228.8,142,83,212,228.8,3.16,0.031,1.493,4.371
1,24.11495,245.6,142,85,180,245.6,2.87,0.029,1.274,4.071
1,24.11923,233.4,141,90,189,233.4,2.86,0.03,1.341,4.285
1,24.12339,240.2,140,95,206,240.2,2.63,0.03,1.468,4.164
1,24.12755,240.5,140,86,196,240.5,2.9,0.03,1.398,4.157
1,24.13235,208.5,140,84,217,208.5,3.43,0.034,1.557,4.796
1,24.13661,234.5,140,81,203,234.5,3.16,0.031,1.455,4.264
1,24.14098,229.1,140,84,216,229.1,3.12,0.031,1.545,4.366
1,24.14472,267.1,140,82,226,267.1,2.74,0.027,1.611,3.743
1,24.14882,244.0,141,80,200,244.0,3.07,0.029,1.419,4.098
1,24.15312,232.7,141,82,188,232.7,3.14,0.031,1.334,4.297
1,24.15683,269.2,140,88,193,269.2,2.53,0.027,1.377,3.714
1,24.16101,239.1,140,90,211,239.1,2.79,0.03,1.503,4.183
1,24.16471,270.5,140,83,177,270.5,2.67,0.026,1.259,3.697
1,24.1687,250.4,140,79,173,250.4,3.03,0.029,1.237,3.993
1,24.17231,277.7,140,79,180,277.7,2.74,0.026,1.285,3.602
1,24.17659,233.6,140,87,213,233.6,2.95,0.031,1.525,4.281
1,24.17971,319.7,140,85,125,319.7,2.21,0.022,0.896,3.128
1,24.1833,279.0,139,91,172,279.0,2.36,0.026,1.235,3.584
1,24.18733,248.1,139,83,160,248.1,2.91,0.029,1.155,4.031
1,24.19145,242.9,139,86,199,242.9,2.87,0.03,1.437,4.118
1,24.19504,278.5,139,88,147,278.5,2.45,0.026,1.052,3.59
1,24.19912,245.0,140,84,190,245.0,2.92,0.029,1.359,4.081
1,24.20302,256.3,139,91,186,256.3,2.57,0.028,1.335,3.902
1,24.20695,254.8,139,85,184,254.8,2.77,0.028,1.319,3.924
1,24.20988,340.4,139,88,144,340.4,2.0,0.021,1.037,2.938
1,24.21362,267.8,138,78,129,267.8,2.87,0.027,0.932,3.734
1,24.21776,241.6,138,81,171,241.6,3.07,0.03,1.239,4.139
1,24.22093,314.7,139,79,118,314.7,2.41,0.023,0.85,3.177
1,24.22457,274.9,138,90,137,274.9,2.43,0.026,0.99,3.638
1,24.22843,258.9,138,84,165,258.9,2.76,0.028,1.196,3.863
1,24.232,280.4,137,87,146,280.4,2.46,0.026,1.066,3.566
1,24.2359,256.4,136,84,122,256.4,2.79,0.029,0.9,3.901
1,24.23885,339.5,136,86,120,339.5,2.05,0.022,0.884,2.945
1,24.24253,271.4,135,86,129,271.4,2.57,0.027,0.951,3.684
1,24.24584,302.4,135,81,139,302.4,2.45,0.025,1.034,3.307
1,24.2492,297.1,134,84,118,297.1,2.4,0.025,0.88,3.366
1,24.2523,322.8,134,82,135,322.8,2.27,0.023,1.008,3.098
1,24.25585,282.0,134,77,138,282.0,2.76,0.027,1.033,3.546
1,24.25892,325.7,134,85,124,325.7,2.17,0.023,0.93,3.07
1,24.26202,322.1,133,88,137,322.1,2.12,0.023,1.035,3.105
1,24.26506,329.4,133,81,127,329.4,2.25,0.023,0.954,3.036
1,24.2685,290.2,133,80,150,290.2,2.58,0.026,1.125,3.445
1,24.27183,300.8,133,74,130,300.8,2.7,0.025,0.98,3.325
1,24.27534,285.1,132,81,171,285.1,2.6,0.026,1.294,3.508
1,24.27862,304.4,133,88,152,304.4,2.24,0.025,1.143,3.285
1,24.28234,269.3,133,85,151,269.3,2.62,0.028,1.136,3.713
1,24.28585,284.8,133,87,136,284.8,2.42,0.026,1.02,3.511
1,24.28923,295.4,133,87,124,295.4,2.33,0.025,0.933,3.385
1,24.29323,249.9,132,88,151,249.9,2.73,0.03,1.138,4.002
1,24.29694,270.0,133,82,174,270.0,2.71,0.028,1.306,3.703
1,24.30081,257.9,133,88,151,257.9,2.64,0.029,1.134,3.877
1,24.30462,262.8,132,77,166,262.8,2.97,0.029,1.254,3.805
1,24.30819,280.3,132,91,175,280.3,2.35,0.027,1.322,3.568
1,24.31179,277.4,132,80,140,277.4,2.7,0.027,1.062,3.604
1,24.315,311.3,131,87,157,311.3,2.22,0.025,1.198,3.212
1,24.31861,277.3,130,84,148,277.3,2.58,0.028,1.138,3.607
1,24.32284,236.4,131,90,205,236.4,2.82,0.032,1.568,4.23
1,24.32666,262.0,131,85,156,262.0,2.69,0.029,1.193,3.817
1,24.33016,285.2,131,80,168,285.2,2.63,0.027,1.283,3.507
1,24.33373,280.1,131,78,159,280.1,2.75,0.027,1.218,3.57
1,24.33784,243.5,130,82,199,243.5,3.01,0.031,1.521,4.108
1,24.34198,241.4,130,87,190,241.4,2.86,0.032,1.454,4.143
1,24.34601,248.6,130,83,208,248.6,2.91,0.031,1.598,4.023
1,24.34996,253.1,130,82,196,253.1,2.89,0.03,1.504,3.951
1,24.35394,251.4,130,78,181,251.4,3.06,0.031,1.386,3.978
1,24.35813,238.7,130,92,208,238.7,2.73,0.032,1.593,4.19
1,24.36202,256.6,130,84,170,256.6,2.78,0.03,1.303,3.898
1,24.36592,257.0,130,80,195,257.0,2.92,0.03,1.504,3.892
1,24.3701,239.0,129,81,192,239.0,3.1,0.032,1.482,4.184
1,24.3748,212.8,130,91,233,212.8,3.1,0.036,1.795,4.699
1,24.37901,237.3,130,86,220,237.3,2.94,0.032,1.695,4.213
1,24.38325,235.8,130,87,203,235.8,2.92,0.033,1.559,4.24
1,24.38758,231.2,130,86,205,231.2,3.02,0.033,1.575,4.326
1,24.39148,256.5,130,88,182,256.5,2.66,0.03,1.4,3.898
1,24.39575,234.2,130,84,202,234.2,3.05,0.033,1.559,4.27
1,24.39985,243.5,130,85,191,243.5,2.9,0.032,1.469,4.107
1,24.40388,248.1,130,83,215,248.1,2.91,0.031,1.653,4.031
1,24.40875,205.6,130,86,256,205.6,3.39,0.037,1.962,4.863
1,24.41297,236.9,130,82,241,236.9,3.09,0.032,1.845,4.222
1,24.41726,233.2,130,86,241,233.2,2.99,0.033,1.847,4.288
1,24.42104,264.4,130,80,186,264.4,2.84,0.029,1.427,3.782
1,24.42585,207.8,131,90,248,207.8,3.21,0.037,1.897,4.813
1,24.4301,235.5,131,86,209,235.5,2.96,0.033,1.604,4.246
1,24.43417,245.9,131,82,200,245.9,2.98,0.031,1.535,4.068
1,24.43808,255.5,130,75,204,255.5,3.13,0.03,1.567,3.914
1,24.4421,249.0,130,89,242,249.0,2.71,0.031,1.857,4.016
1,24.44671,216.8,130,83,191,216.8,3.33,0.036,1.468,4.612
1,24.45133,216.5,131,84,216,216.5,3.3,0.035,1.655,4.618
1,24.45557,235.6,131,84,245,235.6,3.03,0.032,1.869,4.245
1,24.45936,263.8,131,93,201,263.8,2.45,0.029,1.533,3.79
1,24.46361,235.1,130,83,207,235.1,3.07,0.033,1.585,4.253
1,24.46801,227.4,131,87,214,227.4,3.03,0.034,1.637,4.398
1,24.47203,248.8,130,77,205,248.8,3.13,0.031,1.571,4.02
1,24.4761,245.9,131,84,201,245.9,2.9,0.031,1.534,4.066
1,24.4808,212.7,131,88,210,212.7,3.21,0.036,1.601,4.702
1,24.48574,202.5,131,87,242,202.5,3.41,0.038,1.841,4.939
1,24.48976,248.9,132,80,199,248.9,3.01,0.031,1.513,4.018
1,24.4937,253.4,131,85,222,253.4,2.79,0.03,1.692,3.947
1,24.49833,216.1,132,87,237,216.1,3.19,0.035,1.797,4.627
1,24.50271,228.4,133,83,209,228.4,3.16,0.033,1.57,4.378
1,24.50688,239.5,133,76,221,239.5,3.3,0.031,1.656,4.176
1,24.5103,292.4,133,76,184,292.4,2.7,0.026,1.375,3.42
1,24.51494,215.9,134,86,241,215.9,3.23,0.035,1.804,4.632
1,24.51915,237.4,134,82,206,237.4,3.08,0.031,1.532,4.212
1,24.52323,245.2,134,90,208,245.2,2.72,0.03,1.554,4.079
1,24.52732,244.4,134,92,223,244.4,2.67,0.031,1.666,4.091
1,24.53167,229.7,134,85,187,229.7,3.07,0.033,1.398,4.353
1,24.53536,271.2,133,87,237,271.2,2.54,0.028,1.78,3.687
1,24.53974,228.4,134,85,224,228.4,3.09,0.033,1.677,4.378
1,24.54392,239.1,133,87,213,239.1,2.88,0.031,1.597,4.183
1,24.54796,247.4,133,82,230,247.4,2.96,0.03,1.727,4.042
1,24.55197,249.7,134,82,182,249.7,2.93,0.03,1.363,4.005
1,24.55657,217.2,134,84,251,217.2,3.29,0.034,1.872,4.605
1,24.56106,222.8,135,92,222,222.8,2.93,0.033,1.645,4.489
1,24.56562,219.4,135,87,250,219.4,3.14,0.034,1.855,4.557
1,24.56977,241.0,135,87,204,241.0,2.86,0.031,1.505,4.15
1,24.57428,221.9,135,82,230,221.9,3.3,0.033,1.706,4.507
1,24.57846,238.9,135,85,224,238.9,2.96,0.031,1.66,4.187
1,24.58293,224.0,134,85,219,224.0,3.15,0.033,1.633,4.464
1,24.5869,251.8,134,86,211,251.8,2.77,0.03,1.568,3.971
1,24.59169,208.5,135,87,269,208.5,3.31,0.036,2.004,4.796
1,24.5959,237.5,135,81,216,237.5,3.12,0.031,1.598,4.211
1,24.60055,215.3,136,82,262,215.3,3.4,0.034,1.929,4.646
1,24.60523,213.6,136,90,280,213.6,3.12,0.034,2.053,4.682
1,24.60946,236.3,136,83,252,236.3,3.06,0.031,1.846,4.231
1,24.61447,199.7,137,87,253,199.7,3.45,0.037,1.846,5.007
1,24.61936,204.7,137,92,269,204.7,3.19,0.036,1.964,4.886
1,24.62464,189.2,137,92,287,189.2,3.45,0.039,2.096,5.286
1,24.62972,196.8,137,87,278,196.8,3.5,0.037,2.034,5.082
1,24.63452,208.7,137,91,281,208.7,3.16,0.035,2.044,4.792
1,24.63944,203.1,137,85,259,203.1,3.47,0.036,1.884,4.923
1,24.64422,209.4,138,92,264,209.4,3.11,0.035,1.909,4.775
1,24.64914,203.2,138,85,287,203.2,3.47,0.036,2.08,4.92
1,24.65451,185.9,138,83,315,185.9,3.89,0.039,2.276,5.379
1,24.6596,196.7,139,93,274,196.7,3.28,0.037,1.98,5.083
1,24.66371,242.9,138,87,241,242.9,2.84,0.03,1.738,4.117
1,24.66874,199.1,138,91,266,199.1,3.31,0.036,1.925,5.022
1,24.67343,212.8,138,88,269,212.8,3.2,0.034,1.948,4.699
1,24.67798,219.9,138,89,241,219.9,3.07,0.033,1.748,4.547
1,24.68259,217.2,138,90,286,217.2,3.07,0.033,2.063,4.604
1,24.68709,222.0,138,86,254,222.0,3.14,0.033,1.841,4.504
1,24.692,203.6,139,88,253,203.6,3.35,0.035,1.821,4.911
1,24.6968,208.2,139,89,231,208.2,3.24,0.035,1.661,4.804
1,24.70119,227.8,139,90,232,227.8,2.93,0.032,1.669,4.389
1,24.70533,241.8,138,82,243,241.8,3.03,0.03,1.758,4.136
1,24.71014,208.1,139,82,260,208.1,3.52,0.035,1.877,4.806
1,24.71512,200.5,139,81,275,200.5,3.69,0.036,1.975,4.987
1,24.71986,210.9,139,84,258,210.9,3.39,0.034,1.858,4.741
1,24.72507,192.2,140,87,268,192.2,3.59,0.037,1.915,5.204
1,24.72956,222.6,140,87,266,222.6,3.1,0.032,1.893,4.492
1,24.73437,207.7,140,83,265,207.7,3.48,0.034,1.895,4.815
1,24.73937,200.2,141,86,281,200.2,3.48,0.036,1.998,4.994
1,24.74408,212.4,140,89,277,212.4,3.17,0.034,1.976,4.708
1,24.74891,206.9,140,88,256,206.9,3.3,0.034,1.828,4.834
1,24.75427,186.5,140,88,275,186.5,3.66,0.038,1.96,5.361
1,24.75885,218.2,141,84,232,218.2,3.27,0.032,1.642,4.582
1,24.76378,203.0,141,88,253,203.0,3.36,0.035,1.796,4.927
1,24.7689,195.4,141,101,268,195.4,3.04,0.036,1.899,5.117
1,24.77373,206.8,141,85,276,206.8,3.41,0.034,1.957,4.835
1,24.7788,197.3,141,83,279,197.3,3.66,0.036,1.979,5.067
1,24.78395,194.3,141,82,265,194.3,3.77,0.037,1.883,5.147
1,24.78865,212.6,140,82,265,212.6,3.44,0.034,1.893,4.704
1,24.79314,222.6,141,92,272,222.6,2.93,0.032,1.935,4.493
1,24.798,205.8,141,92,263,205.8,3.17,0.034,1.86,4.859
1,24.80318,193.0,142,92,301,193.0,3.38,0.037,2.123,5.182
1,24.80771,221.0,142,87,245,221.0,3.12,0.032,1.729,4.525
1,24.81228,218.7,141,84,227,218.7,3.27,0.032,1.608,4.573
1,24.81701,211.5,141,83,259,211.5,3.42,0.033,1.83,4.728
1,24.82167,214.5,142,81,283,214.5,3.45,0.033,1.996,4.662
1,24.82636,213.5,142,87,269,213.5,3.23,0.033,1.903,4.683
1,24.83096,217.0,142,86,268,217.0,3.21,0.033,1.891,4.607
1,24.83556,217.4,142,90,275,217.4,3.07,0.032,1.943,4.601
1,24.84042,206.1,142,80,290,206.1,3.64,0.034,2.035,4.852
1,24.84534,203.2,142,86,267,203.2,3.43,0.035,1.882,4.921
1,24.84947,242.3,142,84,255,242.3,2.95,0.029,1.794,4.128
1,24.85382,229.5,143,97,276,229.5,2.7,0.03,1.933,4.358
1,24.85881,200.5,142,94,272,200.5,3.18,0.035,1.913,4.988
1,24.86343,216.6,143,84,242,216.6,3.3,0.032,1.693,4.618
1,24.86804,216.8,144,94,262,216.8,2.94,0.032,1.828,4.613
1,24.87279,210.6,144,82,278,210.6,3.47,0.033,1.931,4.749
1,24.8779,195.6,144,92,301,195.6,3.33,0.035,2.085,5.112
1,24.88215,235.5,144,85,249,235.5,3.0,0.029,1.726,4.246
1,24.88669,220.4,145,84,241,220.4,3.24,0.031,1.664,4.538
1,24.89118,222.7,145,91,263,222.7,2.96,0.031,1.815,4.491
1,24.89566,223.4,145,91,269,223.4,2.95,0.031,1.852,4.476
1,24.90055,204.5,146,86,263,204.5,3.41,0.034,1.803,4.89
1,24.90554,200.3,146,94,273,200.3,3.19,0.034,1.871,4.993
1,24.91048,202.2,145,90,268,202.2,3.3,0.034,1.846,4.945
1,24.91534,205.9,145,84,288,205.9,3.47,0.033,1.983,4.857
1,24.9203,201.8,145,91,249,201.8,3.27,0.034,1.723,4.956
1,24.92515,205.9,145,79,255,205.9,3.69,0.034,1.763,4.856
1,24.9303,194.5,144,87,288,194.5,3.55,0.036,1.994,5.141
1,24.93539,196.4,145,88,289,196.4,3.47,0.035,1.999,5.091
1,24.94009,212.7,144,82,233,212.7,3.44,0.033,1.614,4.702
1,24.94471,216.4,144,84,252,216.4,3.3,0.032,1.751,4.62
1,24.94975,198.1,144,84,289,198.1,3.6,0.035,2.004,5.047
1,24.95468,203.0,144,83,290,203.0,3.56,0.034,2.011,4.925
1,24.95916,223.2,144,91,260,223.2,2.95,0.031,1.803,4.48
1,24.96338,236.9,144,89,241,236.9,2.85,0.029,1.67,4.222
1,24.96812,211.2,144,90,247,211.2,3.16,0.033,1.715,4.734
1,24.97271,217.8,145,86,274,217.8,3.2,0.032,1.894,4.591
1,24.9771,227.5,144,84,237,227.5,3.14,0.031,1.643,4.396
1,24.98194,206.8,144,85,272,206.8,3.41,0.034,1.887,4.836
1,24.98617,236.2,145,83,239,236.2,3.06,0.029,1.654,4.234
1,24.99126,196.7,145,80,273,196.7,3.81,0.035,1.881,5.084
1,24.99598,211.8,145,87,245,211.8,3.26,0.033,1.688,4.721
1,25.00088,204.0,145,85,266,204.0,3.46,0.034,1.835,4.902
1,25.00534,224.2,146,89,256,224.2,3.01,0.031,1.755,4.461
1,25.01032,201.0,146,91,249,201.0,3.28,0.034,1.71,4.976
1,25.01502,212.7,145,82,251,212.7,3.44,0.032,1.724,4.702
1,25.01999,201.3,146,82,299,201.3,3.64,0.034,2.052,4.968
1,25.02468,213.4,146,85,247,213.4,3.31,0.032,1.694,4.687
1,25.02903,229.7,146,89,270,229.7,2.93,0.03,1.848,4.353
1,25.03376,211.5,146,86,239,211.5,3.3,0.032,1.635,4.727
1,25.03841,214.8,146,87,258,214.8,3.21,0.032,1.769,4.656
1,25.04313,211.8,147,86,259,211.8,3.29,0.032,1.768,4.721
1,25.04828,194.2,147,82,257,194.2,3.77,0.035,1.747,5.149
1,25.05303,210.7,147,89,236,210.7,3.2,0.032,1.61,4.746
1,25.05806,198.8,146,87,232,198.8,3.47,0.034,1.587,5.031
1,25.06302,201.3,146,78,280,201.3,3.82,0.034,1.913,4.967
1,25.06784,207.5,146,83,264,207.5,3.48,0.033,1.805,4.818
1,25.07254,213.0,147,92,240,213.0,3.06,0.032,1.636,4.696
1,25.07767,194.7,147,86,259,194.7,3.58,0.035,1.765,5.136
1,25.08268,199.6,147,91,273,199.6,3.3,0.034,1.858,5.01
1,25.08768,200.1,147,89,264,200.1,3.37,0.034,1.794,4.998
1,25.09225,218.7,147,84,260,218.7,3.27,0.031,1.766,4.572
1,25.09653,233.8,147,82,228,233.8,3.13,0.029,1.555,4.277
1,25.1016,197.2,147,88,285,197.2,3.46,0.035,1.942,5.072
1,25.10658,200.8,147,87,286,200.8,3.44,0.034,1.946,4.981
1,25.11181,191.2,147,89,278,191.2,3.53,0.035,1.882,5.23
1,25.11668,205.7,147,91,260,205.7,3.21,0.033,1.765,4.862
1,25.12116,223.0,148,85,244,223.0,3.17,0.03,1.649,4.484
1,25.1262,198.4,148,89,273,198.4,3.4,0.034,1.847,5.04
1,25.13052,231.6,148,91,243,231.6,2.85,0.029,1.641,4.318
1,25.13556,198.3,148,91,265,198.3,3.33,0.034,1.794,5.043
1,25.14038,207.7,149,91,251,207.7,3.17,0.032,1.686,4.814
1,25.14525,205.1,149,83,269,205.1,3.52,0.033,1.802,4.876
1,25.15034,196.7,149,89,264,196.7,3.43,0.034,1.771,5.084
1,25.15451,239.4,149,83,249,239.4,3.02,0.028,1.674,4.177
1,25.15912,217.2,149,87,271,217.2,3.18,0.031,1.819,4.604
1,25.16379,213.9,149,86,253,213.9,3.26,0.031,1.697,4.675
1,25.16822,225.9,149,89,260,225.9,2.98,0.03,1.75,4.428
1,25.17265,225.4,148,85,240,225.4,3.13,0.03,1.616,4.436
1,25.17756,203.7,148,91,257,203.7,3.24,0.033,1.734,4.91
1,25.18215,217.8,148,84,253,217.8,3.28,0.031,1.715,4.59
1,25.18666,221.7,147,89,231,221.7,3.04,0.031,1.57,4.511
1,25.19157,203.8,147,86,286,203.8,3.42,0.033,1.94,4.908
1,25.19622,215.2,147,87,251,215.2,3.2,0.032,1.704,4.647
1,25.20111,204.3,148,94,247,204.3,3.12,0.033,1.675,4.894
1,25.20611,200.2,148,94,266,200.2,3.19,0.034,1.801,4.995
1,25.21045,230.5,148,89,246,230.5,2.93,0.029,1.66,4.339
1,25.21478,230.9,149,79,251,230.9,3.29,0.029,1.691,4.332
1,25.21941,215.9,149,81,253,215.9,3.43,0.031,1.702,4.633
1,25.22418,209.7,149,91,277,209.7,3.14,0.032,1.862,4.768
1,25.22843,235.5,149,87,242,235.5,2.93,0.028,1.621,4.247
1,25.2332,209.3,150,82,242,209.3,3.5,0.032,1.615,4.778
1,25.23728,245.1,150,87,248,245.1,2.81,0.027,1.654,4.08
1,25.24195,214.2,150,83,230,214.2,3.37,0.031,1.536,4.668
1,25.24626,232.4,150,80,227,232.4,3.23,0.029,1.518,4.303
1,25.25072,224.1,150,80,237,224.1,3.35,0.03,1.575,4.463
1,25.25512,227.2,151,87,225,227.2,3.04,0.029,1.491,4.401
1,25.26013,199.8,151,88,282,199.8,3.41,0.033,1.871,5.006
1,25.26513,199.9,151,86,266,199.9,3.49,0.033,1.764,5.003
1,25.27025,195.3,151,81,261,195.3,3.79,0.034,1.731,5.12
1,25.27449,235.6,151,87,244,235.6,2.93,0.028,1.615,4.244
1,25.27938,204.8,151,93,278,204.8,3.15,0.032,1.841,4.884
1,25.28388,221.9,150,85,268,221.9,3.18,0.03,1.783,4.507
1,25.28872,206.8,151,84,249,206.8,3.45,0.032,1.653,4.836
1,25.2935,209.1,151,91,240,209.1,3.15,0.032,1.592,4.782
1,25.2981,217.7,150,89,249,217.7,3.1,0.031,1.663,4.594
1,25.30232,236.9,150,92,238,236.9,2.75,0.028,1.589,4.22
1,25.30726,202.4,150,85,264,202.4,3.49,0.033,1.762,4.94
1,25.31241,194.0,150,86,285,194.0,3.6,0.034,1.902,5.154
1,25.31672,232.1,150,86,272,232.1,3.01,0.029,1.816,4.308
1,25.3212,223.2,149,89,241,223.2,3.02,0.03,1.617,4.48
1,25.32622,199.1,149,83,250,199.1,3.63,0.034,1.677,5.023
1,25.33115,203.0,150,90,279,203.0,3.28,0.033,1.859,4.926
1,25.33599,206.5,150,84,284,206.5,3.46,0.032,1.899,4.843
1,25.34037,228.0,149,86,265,228.0,3.06,0.029,1.771,4.385
1,25.34546,196.8,149,83,264,196.8,3.67,0.034,1.772,5.082
1,25.35023,209.4,149,88,276,209.4,3.26,0.032,1.854,4.777
1,25.35483,217.3,149,80,241,217.3,3.45,0.031,1.62,4.602
1,25.35968,206.4,149,93,256,206.4,3.13,0.033,1.723,4.846
1,25.36465,201.1,148,87,267,201.1,3.43,0.034,1.803,4.972
1,25.36924,218.0,149,86,258,218.0,3.2,0.031,1.729,4.587
1,25.37372,223.3,149,91,266,223.3,2.95,0.03,1.793,4.478
1,25.37875,198.8,148,89,266,198.8,3.39,0.034,1.796,5.031
1,25.38328,220.8,148,83,258,220.8,3.27,0.031,1.742,4.529
1,25.38732,247.6,148,86,221,247.6,2.82,0.027,1.489,4.039
1,25.39207,210.5,148,88,281,210.5,3.24,0.032,1.898,4.751
1,25.39659,221.1,147,83,218,221.1,3.27,0.031,1.482,4.523
1,25.40165,197.5,147,79,261,197.5,3.85,0.034,1.769,5.064
1,25.40669,198.6,147,91,259,198.6,3.32,0.034,1.754,5.034
1,25.41183,194.3,147,83,275,194.3,3.72,0.035,1.868,5.146
1,25.41599,240.7,148,86,230,240.7,2.9,0.028,1.552,4.155
1,25.42043,225.0,148,86,232,225.0,3.1,0.03,1.574,4.444
1,25.42502,217.8,147,80,232,217.8,3.44,0.031,1.576,4.591
1,25.42962,217.8,147,81,253,217.8,3.4,0.031,1.721,4.592
1,25.43441,208.5,147,87,247,208.5,3.31,0.033,1.676,4.797
1,25.43876,229.8,147,90,246,229.8,2.9,0.03,1.675,4.351
1,25.4431,230.7,147,87,234,230.7,2.99,0.03,1.599,4.334
1,25.44767,218.7,146,92,245,218.7,2.98,0.031,1.671,4.573
1,25.45222,219.7,146,85,237,219.7,3.21,0.031,1.622,4.551
1,25.45688,214.6,146,83,263,214.6,3.37,0.032,1.799,4.661
1,25.46185,201.5,146,85,267,201.5,3.5,0.034,1.835,4.963
1,25.46636,221.8,146,85,270,221.8,3.18,0.031,1.852,4.509
1,25.47123,205.4,146,97,263,205.4,3.01,0.033,1.801,4.87
1,25.47593,212.4,146,79,253,212.4,3.58,0.032,1.733,4.708
1,25.48111,193.1,147,92,296,193.1,3.38,0.035,2.02,5.179
1,25.48571,217.6,146,90,260,217.6,3.06,0.032,1.786,4.595
1,25.49007,229.4,146,85,241,229.4,3.08,0.03,1.656,4.359
1,25.49437,232.5,145,87,254,232.5,2.97,0.03,1.747,4.302
1,25.49903,214.3,145,84,250,214.3,3.33,0.032,1.723,4.666
1,25.50305,249.2,145,88,225,249.2,2.74,0.028,1.554,4.013
1,25.50786,207.9,145,86,286,207.9,3.36,0.033,1.966,4.81
1,25.51245,217.7,145,78,257,217.7,3.53,0.032,1.777,4.593
1,25.51741,201.5,145,84,251,201.5,3.54,0.034,1.734,4.962
1,25.52151,244.2,144,87,227,244.2,2.82,0.028,1.569,4.094
1,25.52591,226.9,144,81,232,226.9,3.26,0.031,1.606,4.407
1,25.53048,218.8,144,78,241,218.8,3.51,0.032,1.671,4.569
1,25.53486,228.4,144,84,231,228.4,3.13,0.03,1.604,4.379
1,25.53981,202.1,144,83,251,202.1,3.58,0.034,1.739,4.948
1,25.54424,225.5,144,89,220,225.5,2.99,0.031,1.528,4.435
1,25.54887,216.0,144,82,236,216.0,3.39,0.032,1.64,4.63
1,25.55399,195.4,144,87,240,195.4,3.53,0.036,1.668,5.117
1,25.55865,214.8,144,81,259,214.8,3.45,0.032,1.803,4.655
1,25.56336,212.1,143,83,251,212.1,3.41,0.033,1.758,4.715
1,25.56809,211.4,143,80,243,211.4,3.55,0.033,1.7,4.731
1,25.57301,203.5,144,81,269,203.5,3.64,0.034,1.875,4.914
1,25.57732,232.1,143,84,241,232.1,3.08,0.03,1.683,4.309
1,25.58197,214.8,143,82,269,214.8,3.41,0.032,1.878,4.655
1,25.58673,210.0,143,90,246,210.0,3.17,0.033,1.714,4.762
1,25.59173,200.3,143,79,254,200.3,3.79,0.035,1.768,4.993
1,25.59681,196.8,144,87,245,196.8,3.5,0.035,1.698,5.082
1,25.60154,211.3,144,84,264,211.3,3.38,0.033,1.835,4.732
1,25.60603,222.5,143,80,237,222.5,3.37,0.031,1.651,4.495
1,25.61075,211.9,143,94,257,211.9,3.01,0.033,1.794,4.719
1,25.61519,225.3,143,86,238,225.3,3.1,0.031,1.668,4.438
1,25.62042,191.4,143,82,267,191.4,3.82,0.037,1.869,5.224
1,25.62527,205.8,143,87,260,205.8,3.35,0.034,1.825,4.858
1,25.62979,221.6,143,84,227,221.6,3.22,0.032,1.588,4.513
1,25.63461,207.3,142,93,239,207.3,3.11,0.034,1.677,4.824
1,25.63846,259.5,143,84,193,259.5,2.75,0.027,1.351,3.854
1,25.64265,239.1,142,83,234,239.1,3.02,0.029,1.643,4.182
1,25.64706,226.7,142,87,228,226.7,3.04,0.031,1.604,4.41
1,25.65194,204.8,142,81,262,204.8,3.62,0.034,1.844,4.883
1,25.65623,233.0,142,81,234,233.0,3.18,0.03,1.643,4.291
1,25.66082,217.9,143,87,246,217.9,3.17,0.032,1.72,4.589
1,25.66556,211.0,142,83,286,211.0,3.43,0.033,2.011,4.739
1,25.66973,239.9,142,88,220,239.9,2.84,0.029,1.551,4.169
1,25.6742,223.6,141,83,246,223.6,3.23,0.032,1.74,4.473
1,25.67925,198.2,141,85,263,198.2,3.56,0.036,1.871,5.044
1,25.684,210.5,140,91,244,210.5,3.13,0.034,1.741,4.75
1,25.68862,216.4,139,93,267,216.4,2.98,0.033,1.917,4.621
1,25.69312,221.8,139,90,243,221.8,3.01,0.032,1.741,4.508
1,25.69763,222.1,139,86,260,222.1,3.14,0.032,1.867,4.503
1,25.70271,196.6,139,89,284,196.6,3.43,0.037,2.043,5.086
1,25.70771,200.0,140,86,272,200.0,3.49,0.036,1.947,4.999
1,25.7126,204.7,140,83,283,204.7,3.53,0.035,2.022,4.886
1,25.71697,228.9,140,90,228,228.9,2.91,0.031,1.625,4.369
1,25.72092,253.0,141,78,222,253.0,3.04,0.028,1.58,3.953
1,25.72552,217.6,141,88,248,217.6,3.13,0.033,1.761,4.595
1,25.73069,193.2,141,92,283,193.2,3.38,0.037,2.005,5.175
1,25.73496,234.0,141,94,228,234.0,2.73,0.03,1.616,4.274
1,25.73928,231.6,141,84,239,231.6,3.08,0.031,1.693,4.318
1,25.7435,237.0,142,85,242,237.0,2.98,0.03,1.709,4.22
1,25.74797,224.0,143,84,224,224.0,3.19,0.031,1.569,4.465
1,25.7523,230.8,143,92,237,230.8,2.83,0.03,1.66,4.333
1,25.7571,208.5,142,95,259,208.5,3.03,0.034,1.82,4.796
1,25.76155,224.8,142,84,244,224.8,3.18,0.031,1.711,4.449
1,25.76584,232.6,142,84,207,232.6,3.07,0.03,1.454,4.299
1,25.76998,241.6,142,86,241,241.6,2.89,0.029,1.7,4.138
1,25.77482,206.7,141,91,253,206.7,3.19,0.034,1.793,4.838
1,25.77903,237.4,142,86,234,237.4,2.94,0.03,1.653,4.212
1,25.78356,220.8,142,82,214,220.8,3.31,0.032,1.512,4.529
1,25.78835,209.0,142,93,251,209.0,3.09,0.034,1.773,4.785
1,25.79209,267.0,141,78,185,267.0,2.88,0.027,1.309,3.745
1,25.79697,204.9,141,87,248,204.9,3.37,0.035,1.753,4.879
1,25.80205,196.9,142,87,262,196.9,3.5,0.036,1.847,5.079
1,25.80689,206.6,142,78,245,206.6,3.72,0.034,1.727,4.84
1,25.81153,215.4,143,85,249,215.4,3.28,0.032,1.741,4.643
1,25.81628,210.6,143,88,260,210.6,3.24,0.033,1.824,4.747
1,25.82093,215.2,143,82,245,215.2,3.4,0.032,1.71,4.646
1,25.82642,181.9,143,86,276,181.9,3.83,0.038,1.932,5.496
1,25.83101,218.3,143,90,259,218.3,3.05,0.032,1.81,4.581
1,25.83596,202.0,143,81,222,202.0,3.67,0.034,1.547,4.95
1,25.84075,208.5,144,80,241,208.5,3.6,0.033,1.671,4.796
1,25.84535,217.3,145,90,259,217.3,3.07,0.032,1.789,4.602
1,25.84962,234.4,145,86,226,234.4,2.98,0.029,1.565,4.266
1,25.8544,209.1,145,83,255,209.1,3.46,0.033,1.759,4.782
1,25.85879,228.0,145,89,245,228.0,2.96,0.03,1.694,4.386
1,25.86338,217.8,145,91,242,217.8,3.03,0.032,1.67,4.592
1,25.8681,212.0,145,86,259,212.0,3.29,0.033,1.793,4.717
1,25.87269,217.8,145,92,255,217.8,2.99,0.032,1.764,4.591
1,25.87732,215.8,146,84,219,215.8,3.31,0.032,1.504,4.633
1,25.88229,201.4,146,86,275,201.4,3.46,0.034,1.882,4.966
1,25.88661,231.4,147,82,227,231.4,3.16,0.029,1.544,4.322
1,25.8916,200.2,147,84,251,200.2,3.57,0.034,1.712,4.994
1,25.89667,197.1,147,85,267,197.1,3.58,0.035,1.813,5.072
1,25.90152,206.4,148,86,241,206.4,3.38,0.033,1.633,4.845
1,25.90667,194.1,148,91,247,194.1,3.4,0.035,1.675,5.152
1,25.91147,208.6,148,90,277,208.6,3.2,0.032,1.874,4.794
1,25.91626,208.8,148,88,255,208.8,3.27,0.032,1.724,4.79
1,25.92049,236.3,148,87,214,236.3,2.92,0.029,1.449,4.231
1,25.92544,202.0,147,83,256,202.0,3.58,0.034,1.738,4.95
1,25.93006,216.1,147,84,249,216.1,3.31,0.031,1.692,4.628
1,25.93398,255.1,147,92,208,255.1,2.56,0.027,1.409,3.92
1,25.93843,225.1,148,92,232,225.1,2.9,0.03,1.573,4.443
1,25.94265,236.9,147,81,227,236.9,3.13,0.029,1.539,4.221
1,25.94723,218.3,147,83,243,218.3,3.31,0.031,1.656,4.582
1,25.95179,219.0,146,88,253,219.0,3.11,0.031,1.726,4.565
1,25.9567,203.7,147,84,262,203.7,3.51,0.033,1.783,4.909
1,25.96125,219.9,147,82,234,219.9,3.33,0.031,1.587,4.549
1,25.96568,225.8,147,90,245,225.8,2.95,0.03,1.671,4.429
1,25.97032,215.5,146,82,218,215.5,3.39,0.032,1.498,4.64
1,25.97506,211.0,145,85,271,211.0,3.35,0.033,1.865,4.739
1,25.97955,222.7,145,89,225,222.7,3.03,0.031,1.549,4.49
1,25.98364,244.4,145,87,253,244.4,2.82,0.028,1.754,4.092
1,25.98882,193.1,145,81,264,193.1,3.84,0.036,1.822,5.18
1,25.99279,252.2,145,87,216,252.2,2.73,0.027,1.492,3.965
1,25.99713,230.4,144,75,248,230.4,3.47,0.03,1.718,4.341
1,26.00165,221.2,144,86,237,221.2,3.15,0.031,1.642,4.521
1,26.00576,243.0,144,82,230,243.0,3.01,0.029,1.595,4.115
1,26.01018,226.3,144,84,238,226.3,3.16,0.031,1.647,4.42
1,26.01507,204.7,144,81,261,204.7,3.62,0.034,1.808,4.885
1,26.01985,209.4,144,89,253,209.4,3.22,0.033,1.752,4.777
1,26.02432,223.7,145,81,249,223.7,3.31,0.031,1.71,4.47
1,26.02915,206.7,145,90,265,206.7,3.22,0.033,1.825,4.837
1,26.03432,193.7,145,92,273,193.7,3.37,0.036,1.878,5.164
1,26.03855,236.5,145,85,226,236.5,2.99,0.029,1.555,4.229
1,26.043,224.5,145,88,214,224.5,3.04,0.031,1.476,4.455
1,26.04761,217.0,145,90,244,217.0,3.07,0.032,1.68,4.608
1,26.05225,215.5,145,88,235,215.5,3.16,0.032,1.615,4.64
1,26.05655,232.7,145,85,263,232.7,3.03,0.03,1.817,4.297
1,26.06093,228.3,145,88,261,228.3,2.99,0.03,1.802,4.38
1,26.06583,204.0,145,90,273,204.0,3.27,0.034,1.887,4.902
1,26.07072,204.3,144,83,244,204.3,3.54,0.034,1.69,4.894
1,26.07536,215.5,144,85,248,215.5,3.28,0.032,1.721,4.64
1,26.08014,209.1,144,85,264,209.1,3.38,0.033,1.833,4.781
1,26.0848,214.8,143,89,263,214.8,3.14,0.032,1.835,4.654
1,26.08953,211.3,144,85,242,211.3,3.34,0.033,1.675,4.732
1,26.09448,202.2,144,79,260,202.2,3.76,0.034,1.809,4.945
1,26.09862,241.4,143,90,228,241.4,2.76,0.029,1.591,4.143
1,26.10276,241.4,144,79,233,241.4,3.15,0.029,1.621,4.142
1,26.10699,236.6,144,82,239,236.6,3.09,0.029,1.661,4.226
1,26.11184,206.0,144,89,274,206.0,3.27,0.034,1.903,4.854
1,26.11656,211.8,145,82,252,211.8,3.46,0.033,1.745,4.722
1,26.12131,210.5,145,94,260,210.5,3.03,0.033,1.787,4.75
1,26.12595,215.8,144,93,268,215.8,2.99,0.032,1.854,4.635
1,26.13055,217.2,144,85,243,217.2,3.25,0.032,1.679,4.603
1,26.13591,186.8,144,83,276,186.8,3.87,0.037,1.907,5.354
1,26.14027,228.9,145,90,256,228.9,2.91,0.03,1.764,4.368
1,26.14498,212.7,145,87,258,212.7,3.24,0.032,1.783,4.702
1,26.14933,229.8,145,94,218,229.8,2.78,0.03,1.506,4.351
1,26.15387,220.2,145,84,244,220.2,3.24,0.031,1.676,4.541
1,26.15809,236.9,145,84,265,236.9,3.02,0.029,1.821,4.221
1,26.16235,234.4,145,86,230,234.4,2.98,0.029,1.587,4.266
1,26.16741,197.6,145,93,285,197.6,3.26,0.035,1.974,5.06
1,26.17216,210.7,145,78,261,210.7,3.65,0.033,1.801,4.745
1,26.17713,201.0,145,88,242,201.0,3.39,0.034,1.673,4.974
1,26.18124,243.6,144,79,198,243.6,3.12,0.028,1.376,4.106
1,26.18618,202.4,144,89,241,202.4,3.33,0.034,1.671,4.941
1,26.19142,190.9,144,81,294,190.9,3.88,0.036,2.046,5.237
1,26.19626,206.5,144,94,275,206.5,3.09,0.034,1.908,4.842
1,26.2009,215.4,144,84,235,215.4,3.32,0.032,1.63,4.643
1,26.20574,206.7,145,89,264,206.7,3.26,0.033,1.82,4.837
1,26.2105,210.3,144,87,260,210.3,3.28,0.033,1.807,4.755
1,26.21498,222.8,144,88,250,222.8,3.06,0.031,1.734,4.488
1,26.21961,216.0,144,87,266,216.0,3.19,0.032,1.844,4.63
1,26.22434,211.4,145,84,261,211.4,3.38,0.033,1.803,4.73
1,26.22908,211.3,145,88,257,211.3,3.23,0.033,1.776,4.732
1,26.23371,215.7,146,90,264,215.7,3.09,0.032,1.817,4.637
1,26.23817,224.3,145,93,227,224.3,2.88,0.031,1.562,4.459
1,26.24314,201.1,145,86,284,201.1,3.47,0.034,1.955,4.973
1,26.24784,213.0,145,81,244,213.0,3.48,0.032,1.683,4.696
1,26.25254,212.8,146,85,265,212.8,3.32,0.032,1.812,4.699
1,26.25676,236.9,147,89,232,236.9,2.85,0.029,1.582,4.221
1,26.26136,217.2,147,87,229,217.2,3.18,0.031,1.562,4.605
1,26.26595,217.8,146,82,230,217.8,3.36,0.031,1.573,4.59
1,26.27115,192.6,146,97,284,192.6,3.21,0.036,1.942,5.193
1,26.27486,269.2,146,89,220,269.2,2.5,0.025,1.51,3.714
1,26.27955,213.2,147,88,257,213.2,3.2,0.032,1.755,4.691
1,26.28393,228.4,146,81,242,228.4,3.24,0.03,1.655,4.379
1,26.28822,233.3,146,84,238,233.3,3.06,0.029,1.625,4.287
1,26.29307,206.0,147,84,259,206.0,3.47,0.033,1.767,4.853
1,26.29742,230.1,147,90,237,230.1,2.9,0.03,1.617,4.346
1,26.30171,233.1,147,80,224,233.1,3.22,0.029,1.53,4.29
1,26.30619,223.1,145,88,240,223.1,3.06,0.031,1.651,4.483
1,26.31129,196.0,146,90,266,196.0,3.4,0.035,1.829,5.102
1,26.31199,1443.1,145,55,0,1443.1,0.76,0.005,,0.693
1,26.31703,198.4,145,90,261,198.4,3.36,0.035,1.801,5.041
1,26.32129,234.8,145,84,230,234.8,3.04,0.029,1.585,4.259
1,26.32617,204.7,145,89,263,204.7,3.29,0.034,1.814,4.886
1,26.33083,214.6,144,85,240,214.6,3.29,0.032,1.664,4.66
1,26.33533,222.4,144,90,250,222.4,3.0,0.031,1.744,4.497
1,26.34049,193.9,144,88,255,193.9,3.52,0.036,1.773,5.157
1,26.34523,210.6,144,85,263,210.6,3.35,0.033,1.827,4.748
1,26.35009,205.9,144,81,238,205.9,3.6,0.034,1.656,4.856
1,26.35438,233.1,145,81,246,233.1,3.18,0.03,1.698,4.289
1,26.35945,197.2,144,83,264,197.2,3.67,0.035,1.829,5.072
1,26.36406,216.9,144,83,230,216.9,3.33,0.032,1.593,4.611
1,26.36874,213.7,145,81,249,213.7,3.47,0.032,1.717,4.678
1,26.37331,218.8,145,82,246,218.8,3.34,0.032,1.704,4.57
1,26.37766,230.0,145,89,239,230.0,2.93,0.03,1.65,4.348
1,26.38248,207.4,145,89,240,207.4,3.25,0.033,1.652,4.822
1,26.38676,233.4,145,79,243,233.4,3.25,0.029,1.674,4.284
1,26.3917,202.5,145,80,261,202.5,3.7,0.034,1.799,4.938
1,26.39583,242.1,145,80,237,242.1,3.1,0.029,1.641,4.13
1,26.40029,224.5,145,91,236,224.5,2.94,0.031,1.635,4.454
1,26.40467,227.9,144,77,239,227.9,3.42,0.03,1.651,4.388
1,26.40964,201.5,145,90,256,201.5,3.31,0.034,1.769,4.962
1,26.41392,233.4,144,89,215,233.4,2.89,0.03,1.488,4.285
1,26.41828,229.4,145,83,241,229.4,3.15,0.03,1.669,4.359
1,26.42275,224.0,144,85,230,224.0,3.15,0.031,1.595,4.464
1,26.4271,229.8,144,83,225,229.8,3.15,0.03,1.564,4.352
1,26.43245,186.8,144,87,270,186.8,3.69,0.037,1.873,5.352
1,26.43712,214.2,144,84,235,214.2,3.33,0.032,1.626,4.669
1,26.44125,241.8,144,83,228,241.8,2.99,0.029,1.578,4.136
1,26.44535,244.1,144,82,206,244.1,3.0,0.028,1.425,4.097
1,26.44945,244.1,144,84,242,244.1,2.93,0.028,1.681,4.096
1,26.45364,238.5,144,84,236,238.5,3.0,0.029,1.632,4.193
1,26.45773,244.7,145,84,235,244.7,2.92,0.028,1.621,4.086
1,26.46206,230.9,145,88,211,230.9,2.95,0.03,1.457,4.33
1,26.46617,243.1,145,87,264,243.1,2.84,0.028,1.817,4.114
1,26.47081,215.7,145,96,269,215.7,2.9,0.032,1.858,4.636
1,26.47489,244.8,144,86,231,244.8,2.85,0.028,1.598,4.085
1,26.47901,242.7,145,91,228,242.7,2.72,0.028,1.574,4.121
1,26.48342,227.1,145,88,250,227.1,3.0,0.03,1.727,4.403
1,26.48811,213.1,145,85,257,213.1,3.31,0.032,1.776,4.693
1,26.49297,205.8,145,88,270,205.8,3.31,0.034,1.864,4.859
1,26.49721,235.8,145,89,245,235.8,2.86,0.029,1.689,4.241
1,26.50209,204.9,146,85,253,204.9,3.44,0.033,1.737,4.88
1,26.50632,236.5,145,94,194,236.5,2.7,0.029,1.333,4.229
1,26.51124,203.2,146,82,247,203.2,3.6,0.034,1.694,4.92
1,26.51554,232.4,146,79,228,232.4,3.27,0.029,1.561,4.303
1,26.52023,213.2,146,89,267,213.2,3.16,0.032,1.831,4.69
1,26.52466,225.9,146,84,251,225.9,3.16,0.03,1.717,4.426
1,26.52922,218.9,146,78,236,218.9,3.51,0.031,1.616,4.568
1,26.53376,220.6,145,90,250,220.6,3.02,0.031,1.721,4.532
1,26.53841,215.0,145,88,249,215.0,3.17,0.032,1.715,4.651
1,26.54349,196.8,145,90,259,196.8,3.39,0.035,1.782,5.082
1,26.54752,248.3,145,88,242,248.3,2.75,0.028,1.664,4.028
1,26.55195,225.7,145,88,227,225.7,3.02,0.031,1.57,4.43
1,26.55632,228.5,145,79,266,228.5,3.32,0.03,1.829,4.377
1,26.5607,228.3,145,78,244,228.3,3.37,0.03,1.683,4.38
1,26.56475,247.5,144,88,205,247.5,2.75,0.028,1.424,4.041
1,26.56945,212.4,144,89,270,212.4,3.17,0.033,1.872,4.708
1,26.57415,212.9,144,88,239,212.9,3.2,0.033,1.66,4.697
1,26.57884,213.2,144,89,280,213.2,3.16,0.033,1.942,4.69
1,26.58331,223.8,144,76,255,223.8,3.53,0.031,1.769,4.469
1,26.5874,244.6,144,86,205,244.6,2.85,0.028,1.428,4.088
1,26.59213,211.3,143,90,254,211.3,3.16,0.033,1.775,4.733
1,26.59681,213.6,143,94,220,213.6,2.99,0.033,1.539,4.681
1,26.60201,192.3,143,92,273,192.3,3.39,0.036,1.908,5.2
1,26.6062,238.8,143,90,224,238.8,2.79,0.029,1.56,4.188
1,26.61099,208.7,144,86,244,208.7,3.34,0.033,1.696,4.792
1,26.61538,227.6,144,81,234,227.6,3.25,0.031,1.63,4.394
1,26.62029,204.0,143,94,250,204.0,3.13,0.034,1.752,4.903
1,26.62457,233.6,143,84,252,233.6,3.06,0.03,1.756,4.281
1,26.62896,227.6,144,84,250,227.6,3.14,0.031,1.737,4.394
1,26.63386,204.0,144,88,233,204.0,3.34,0.034,1.615,4.902
1,26.63824,228.6,144,85,250,228.6,3.09,0.03,1.742,4.374
1,26.64312,204.9,143,84,262,204.9,3.49,0.034,1.829,4.881
1,26.64813,199.5,145,82,271,199.5,3.67,0.035,1.873,5.012
1,26.65237,236.0,145,85,242,236.0,2.99,0.029,1.673,4.237
1,26.65761,190.8,144,86,272,190.8,3.66,0.036,1.892,5.24
1,26.66242,207.8,144,84,246,207.8,3.44,0.034,1.715,4.813
1,26.66714,211.7,144,88,237,211.7,3.22,0.033,1.648,4.724
1,26.67193,208.8,143,82,232,208.8,3.5,0.033,1.622,4.789
1,26.67679,206.1,143,82,243,206.1,3.55,0.034,1.706,4.853
1,26.68164,206.1,142,82,244,206.1,3.55,0.034,1.716,4.853
1,26.68645,207.8,143,93,232,207.8,3.11,0.034,1.623,4.813
1,26.69109,215.8,143,86,251,215.8,3.23,0.032,1.751,4.635
1,26.69541,231.4,143,80,220,231.4,3.24,0.03,1.538,4.322
1,26.69953,242.6,143,75,220,242.6,3.3,0.029,1.541,4.122
1,26.70393,227.4,143,90,229,227.4,2.93,0.031,1.604,4.397
1,26.70842,222.4,143,92,259,222.4,2.93,0.031,1.805,4.496
1,26.71269,234.5,143,81,221,234.5,3.16,0.03,1.541,4.265
1,26.71752,206.9,143,87,225,206.9,3.33,0.034,1.575,4.832
1,26.72201,222.7,143,86,237,222.7,3.13,0.031,1.662,4.49
1,26.72661,217.5,143,74,268,217.5,3.73,0.032,1.873,4.597
1,26.73104,225.3,143,85,244,225.3,3.13,0.031,1.706,4.438
1,26.73615,196.0,144,85,243,196.0,3.6,0.035,1.693,5.102
1,26.74017,248.4,144,90,250,248.4,2.68,0.028,1.743,4.025
1,26.74487,212.7,144,88,241,212.7,3.2,0.033,1.679,4.7
1,26.74941,220.2,144,89,255,220.2,3.06,0.032,1.77,4.541
1,26.75417,210.0,144,91,263,210.0,3.14,0.033,1.827,4.761
1,26.75877,217.6,144,92,246,217.6,3.0,0.032,1.702,4.595
1,26.76298,237.7,143,83,245,237.7,3.04,0.029,1.714,4.206
1,26.76718,237.7,143,83,234,237.7,3.04,0.029,1.638,4.208
1,26.77183,215.0,142,82,251,215.0,3.4,0.033,1.763,4.65
1,26.77588,247.3,142,91,259,247.3,2.67,0.028,1.823,4.043
1,26.78009,237.3,142,82,242,237.3,3.08,0.03,1.698,4.215
1,26.78458,222.5,142,83,244,222.5,3.25,0.032,1.713,4.493
1,26.78906,223.4,143,88,231,223.4,3.05,0.031,1.615,4.476
1,26.79435,188.9,143,92,275,188.9,3.45,0.037,1.921,5.294
1,26.79905,212.9,143,79,239,212.9,3.57,0.033,1.669,4.696
1,26.80315,243.7,144,82,224,243.7,3.0,0.028,1.553,4.104
1,26.80778,216.2,145,94,255,216.2,2.95,0.032,1.766,4.625
1,26.81248,212.5,145,89,262,212.5,3.17,0.033,1.813,4.706
1,26.81771,191.5,146,82,276,191.5,3.82,0.036,1.893,5.222
1,26.82183,242.6,146,92,225,242.6,2.69,0.028,1.537,4.123
1,26.82626,225.9,146,90,219,225.9,2.95,0.03,1.504,4.427
1,26.83078,221.0,146,85,237,221.0,3.19,0.031,1.621,4.525
1,26.83512,230.3,146,93,251,230.3,2.8,0.03,1.716,4.341
1,26.8398,213.8,146,85,258,213.8,3.3,0.032,1.769,4.678
1,26.84433,220.9,145,84,234,220.9,3.23,0.031,1.606,4.526
1,26.84884,221.4,146,85,239,221.4,3.19,0.031,1.635,4.516
1,26.85329,225.1,146,88,244,225.1,3.03,0.03,1.675,4.443
1,26.85764,229.5,146,87,220,229.5,3.01,0.03,1.509,4.357
1,26.86206,226.3,146,88,225,226.3,3.01,0.03,1.543,4.42
1,26.86621,241.4,146,92,228,241.4,2.7,0.028,1.566,4.143
1,26.87084,215.7,145,84,261,215.7,3.31,0.032,1.799,4.637
1,26.87571,205.4,146,91,260,205.4,3.21,0.033,1.787,4.869
1,26.88017,224.1,145,90,260,224.1,2.97,0.031,1.791,4.462
1,26.88488,212.7,145,81,228,212.7,3.48,0.032,1.566,4.703
1,26.88935,223.7,145,92,241,223.7,2.92,0.031,1.663,4.47
1,26.89417,207.5,145,74,238,207.5,3.91,0.033,1.644,4.819
1,26.89863,223.8,145,89,241,223.8,3.01,0.031,1.667,4.467
1,26.90295,231.5,144,89,221,231.5,2.91,0.03,1.528,4.32
1,26.90799,198.4,145,90,259,198.4,3.36,0.035,1.786,5.04
1,26.91212,242.3,145,84,228,242.3,2.95,0.028,1.571,4.126
1,26.91675,215.8,145,85,249,215.8,3.27,0.032,1.712,4.634
1,26.92119,225.2,145,90,253,225.2,2.96,0.031,1.744,4.441
1,26.92598,209.1,145,92,248,209.1,3.12,0.033,1.713,4.783
1,26.93089,203.7,145,90,277,203.7,3.27,0.034,1.915,4.91
1,26.93564,210.6,145,87,214,210.6,3.27,0.033,1.483,4.749
1,26.94003,227.6,145,87,232,227.6,3.03,0.03,1.6,4.395
1,26.94449,224.4,145,85,239,224.4,3.15,0.031,1.647,4.456
1,26.94879,232.1,144,89,232,232.1,2.9,0.03,1.604,4.308
1,26.95367,205.0,145,96,263,205.0,3.05,0.034,1.813,4.878
1,26.95861,202.7,145,87,251,202.7,3.4,0.034,1.726,4.934
1,26.96279,238.7,145,85,239,238.7,2.96,0.029,1.644,4.189
1,26.96774,202.2,144,89,254,202.2,3.33,0.034,1.758,4.945
1,26.97284,196.2,144,92,251,196.2,3.32,0.035,1.742,5.097
1,26.97734,222.3,145,95,253,222.3,2.84,0.031,1.742,4.498
1,26.98164,232.3,145,73,224,232.3,3.54,0.03,1.543,4.304
1,26.98601,228.9,145,81,229,228.9,3.24,0.03,1.576,4.369
1,26.99021,237.9,146,88,251,237.9,2.87,0.029,1.724,4.203
1,26.99493,212.1,146,85,242,212.1,3.33,0.032,1.651,4.715
1,26.99983,203.7,147,88,262,203.7,3.35,0.033,1.79,4.909
1,27.00417,230.9,146,82,233,230.9,3.17,0.03,1.591,4.331
1,27.00861,224.9,147,82,255,224.9,3.25,0.03,1.739,4.447
1,27.01288,234.5,146,87,230,234.5,2.94,0.029,1.575,4.264
1,27.01735,223.6,146,80,250,223.6,3.35,0.031,1.705,4.472
1,27.02164,233.1,146,87,213,233.1,2.96,0.029,1.46,4.291
1,27.02611,223.8,145,81,230,223.8,3.31,0.031,1.586,4.467
1,27.03066,219.4,145,87,236,219.4,3.14,0.031,1.631,4.557
1,27.0352,220.6,145,89,223,220.6,3.06,0.031,1.542,4.533
1,27.0398,217.3,145,85,229,217.3,3.25,0.032,1.574,4.603
1,27.04372,255.3,145,82,221,255.3,2.87,0.027,1.526,3.917
1,27.04809,228.5,145,90,240,228.5,2.92,0.03,1.653,4.377
1,27.05288,209.1,145,82,245,209.1,3.5,0.033,1.693,4.782
1,27.05687,250.6,145,81,229,250.6,2.96,0.028,1.585,3.991
1,27.06161,210.9,145,90,248,210.9,3.16,0.033,1.718,4.742
1,27.06616,220.0,145,85,218,220.0,3.21,0.031,1.507,4.546
1,27.07116,199.8,144,91,262,199.8,3.3,0.035,1.823,5.004
1,27.07552,229.2,144,77,226,229.2,3.4,0.03,1.568,4.363
1,27.07983,232.2,144,87,221,232.2,2.97,0.03,1.537,4.306
1,27.08492,196.3,144,82,244,196.3,3.73,0.035,1.696,5.095
1,27.09025,187.8,144,86,259,187.8,3.71,0.037,1.797,5.323
1,27.09511,205.8,144,83,270,205.8,3.51,0.034,1.878,4.859
1,27.09969,218.0,144,91,233,218.0,3.02,0.032,1.626,4.588
1,27.10402,231.0,143,86,233,231.0,3.02,0.03,1.624,4.33
1,27.10789,258.6,144,82,230,258.6,2.83,0.027,1.594,3.867
1,27.11214,235.3,145,87,252,235.3,2.93,0.029,1.741,4.249
1,27.11643,233.0,144,91,238,233.0,2.83,0.03,1.645,4.291
1,27.12085,226.1,145,83,244,226.1,3.2,0.031,1.688,4.423
1,27.12521,229.5,143,92,248,229.5,2.84,0.03,1.728,4.357
1,27.12975,220.4,143,91,241,220.4,2.99,0.032,1.685,4.536
1,27.13404,233.2,143,90,244,233.2,2.86,0.03,1.703,4.289
1,27.13885,207.5,144,84,235,207.5,3.44,0.034,1.636,4.818
1,27.14338,220.8,144,89,244,220.8,3.05,0.032,1.698,4.528
1,27.14818,208.4,144,90,255,208.4,3.2,0.033,1.78,4.798
1,27.15291,211.3,143,88,234,211.3,3.23,0.033,1.639,4.732
1,27.15757,214.4,142,91,244,214.4,3.07,0.033,1.716,4.663
1,27.16236,208.8,142,79,251,208.8,3.64,0.034,1.769,4.789
1,27.167,215.9,142,93,236,215.9,2.99,0.033,1.666,4.633
1,27.17169,213.0,141,82,244,213.0,3.43,0.033,1.725,4.694
1,27.17618,222.6,142,87,204,222.6,3.1,0.032,1.442,4.493
1,27.18053,230.1,142,84,258,230.1,3.1,0.031,1.813,4.347
1,27.18546,202.8,142,90,243,202.8,3.29,0.035,1.708,4.932
1,27.18984,228.6,143,76,219,228.6,3.45,0.031,1.535,4.375
1,27.19423,227.6,142,89,253,227.6,2.96,0.031,1.777,4.393
1,27.1986,228.9,143,84,233,228.9,3.12,0.031,1.634,4.369
1,27.20358,200.7,143,86,246,200.7,3.48,0.035,1.719,4.983
1,27.20821,215.9,143,88,234,215.9,3.16,0.032,1.631,4.631
1,27.2131,204.7,144,86,219,204.7,3.41,0.034,1.523,4.885
1,27.21767,218.5,144,84,245,218.5,3.27,0.032,1.7,4.577
1,27.22268,199.7,144,88,265,199.7,3.41,0.035,1.839,5.008
1,27.22737,213.2,144,83,232,213.2,3.39,0.033,1.61,4.69
1,27.23207,212.8,144,84,260,212.8,3.36,0.033,1.804,4.699
1,27.23649,226.0,144,91,222,226.0,2.92,0.031,1.54,4.425
1,27.24074,235.5,143,85,258,235.5,3.0,0.03,1.802,4.247
1,27.24535,216.9,144,93,239,216.9,2.97,0.032,1.655,4.611
1,27.24996,217.3,145,81,241,217.3,3.41,0.032,1.67,4.603
1,27.25467,212.2,143,83,201,212.2,3.41,0.033,1.404,4.714
1,27.2599,191.1,144,87,270,191.1,3.61,0.036,1.875,5.232
1,27.26393,248.3,144,83,231,248.3,2.91,0.028,1.608,4.028
1,27.26886,202.6,144,84,281,202.6,3.53,0.034,1.951,4.936
1,27.27364,209.3,145,95,238,209.3,3.02,0.033,1.647,4.777
1,27.27833,213.2,145,87,253,213.2,3.23,0.032,1.751,4.69
1,27.28261,233.5,145,84,242,233.5,3.06,0.03,1.674,4.283
1,27.28707,224.5,144,83,236,224.5,3.22,0.031,1.636,4.454
1,27.29175,213.8,144,88,245,213.8,3.19,0.032,1.696,4.678
1,27.29684,196.2,145,85,272,196.2,3.6,0.035,1.878,5.096
1,27.3012,229.3,144,88,237,229.3,2.97,0.03,1.641,4.361
1,27.30606,205.9,144,82,228,205.9,3.55,0.034,1.581,4.856
1,27.31017,243.0,144,78,218,243.0,3.17,0.029,1.516,4.115
1,27.31481,215.7,144,79,216,215.7,3.52,0.032,1.501,4.635
1,27.31956,210.7,144,88,216,210.7,3.24,0.033,1.506,4.747
1,27.32387,231.7,144,81,232,231.7,3.2,0.03,1.614,4.316
1,27.32858,212.5,144,90,238,212.5,3.14,0.033,1.658,4.706
1,27.33332,210.9,143,83,230,210.9,3.43,0.033,1.617,4.741
1,27.33797,214.8,143,92,238,214.8,3.04,0.033,1.663,4.655
1,27.33856,1711.9,142,0,0,1711.9,0.0,0.004,,0.584
1,27.34294,228.1,142,80,228,228.1,3.29,0.031,1.603,4.383
1,27.347,246.3,143,84,224,246.3,2.9,0.028,1.571,4.061
1,27.35152,221.3,142,90,252,221.3,3.01,0.032,1.773,4.518
1,27.35606,220.5,142,85,239,220.5,3.2,0.032,1.682,4.535
1,27.36036,232.5,142,86,228,232.5,3.0,0.03,1.608,4.302
1,27.36437,249.2,142,85,217,249.2,2.83,0.028,1.527,4.013
1,27.36964,189.7,142,82,236,189.7,3.86,0.037,1.659,5.272
1,27.37428,215.5,142,96,240,215.5,2.9,0.033,1.689,4.64
1,27.37882,220.2,142,87,262,220.2,3.13,0.032,1.841,4.542
1,27.38318,229.8,143,93,252,229.8,2.81,0.03,1.763,4.351
1,27.38783,214.7,143,83,274,214.7,3.37,0.033,1.915,4.658
1,27.39222,227.9,142,86,233,227.9,3.06,0.031,1.64,4.388
1,27.39669,223.7,142,80,241,223.7,3.35,0.031,1.697,4.47
1,27.40156,205.2,142,83,262,205.2,3.52,0.034,1.85,4.872
1,27.40572,240.8,142,87,218,240.8,2.86,0.029,1.537,4.152
1,27.41024,220.9,141,82,227,220.9,3.31,0.032,1.605,4.527
1,27.41495,212.6,141,84,255,212.6,3.36,0.033,1.806,4.705
1,27.4192,235.0,141,88,225,235.0,2.9,0.03,1.594,4.256
1,27.42428,197.1,141,90,226,197.1,3.38,0.036,1.598,5.073
1,27.42867,227.7,141,82,252,227.7,3.21,0.031,1.782,4.392
1,27.43313,224.3,141,90,248,224.3,2.97,0.032,1.757,4.458
1,27.43809,201.4,141,91,266,201.4,3.27,0.035,1.884,4.966
1,27.44303,202.4,141,84,255,202.4,3.53,0.035,1.81,4.941
1,27.44802,200.6,141,89,272,200.6,3.36,0.035,1.934,4.986
1,27.45285,206.9,142,83,243,206.9,3.49,0.034,1.718,4.834
1,27.45734,223.0,141,80,235,223.0,3.36,0.032,1.672,4.485
1,27.46181,223.6,141,87,262,223.6,3.09,0.032,1.856,4.473
1,27.46635,220.1,141,85,218,220.1,3.21,0.032,1.545,4.542
1,27.47082,224.1,141,85,234,224.1,3.15,0.032,1.66,4.462
1,27.4752,228.3,141,85,204,228.3,3.09,0.031,1.442,4.38
1,27.47991,212.2,142,93,254,212.2,3.04,0.033,1.794,4.712
1,27.48396,246.7,142,89,201,246.7,2.73,0.029,1.412,4.054
1,27.48778,262.2,142,85,204,262.2,2.69,0.027,1.433,3.813
1,27.49213,229.8,142,85,235,229.8,3.07,0.031,1.654,4.352
1,27.49659,224.3,143,94,257,224.3,2.85,0.031,1.8,4.459
1,27.50167,196.9,143,88,264,196.9,3.46,0.035,1.841,5.08
1,27.50589,236.5,143,83,239,236.5,3.06,0.03,1.672,4.228
1,27.51021,231.8,143,85,229,231.8,3.05,0.03,1.598,4.315
1,27.51442,237.2,144,86,234,237.2,2.94,0.029,1.629,4.215
1,27.51911,213.6,144,90,241,213.6,3.12,0.033,1.677,4.682
1,27.52376,215.0,144,78,256,215.0,3.58,0.032,1.773,4.651
1,27.5282,225.2,145,89,239,225.2,2.99,0.031,1.646,4.44
1,27.53313,202.9,145,82,226,202.9,3.61,0.034,1.563,4.929
1,27.53782,213.1,145,88,240,213.1,3.2,0.032,1.654,4.692
1,27.54256,211.0,146,85,225,211.0,3.35,0.033,1.541,4.739
1,27.54712,219.1,146,89,248,219.1,3.08,0.031,1.695,4.565
1,27.55194,207.5,147,89,266,207.5,3.25,0.033,1.814,4.82
1,27.55661,214.1,146,88,231,214.1,3.19,0.032,1.576,4.672
1,27.56042,262.7,146,84,204,262.7,2.72,0.026,1.394,3.806
1,27.56453,243.3,147,92,256,243.3,2.68,0.028,1.739,4.111
1,27.56906,220.7,147,84,246,220.7,3.24,0.031,1.677,4.53
1,27.57323,239.7,146,85,201,239.7,2.95,0.029,1.374,4.173
1,27.57809,205.9,145,84,237,205.9,3.47,0.033,1.63,4.856
1,27.5825,226.8,145,91,234,226.8,2.91,0.03,1.612,4.409
1,27.58691,226.6,145,83,253,226.6,3.19,0.03,1.739,4.414
1,27.59098,245.6,145,88,216,245.6,2.78,0.028,1.493,4.072
1,27.59515,240.1,145,87,238,240.1,2.87,0.029,1.645,4.165
1,27.59933,239.2,145,87,260,239.2,2.88,0.029,1.79,4.181
1,27.60364,232.2,146,87,225,232.2,2.97,0.03,1.547,4.306
1,27.60838,210.9,145,91,260,210.9,3.13,0.033,1.792,4.742
1,27.61303,215.1,146,85,230,215.1,3.28,0.032,1.583,4.648
1,27.61827,190.7,145,91,293,190.7,3.46,0.036,2.015,5.244
1,27.6229,216.2,146,93,273,216.2,2.98,0.032,1.87,4.625
1,27.62753,215.6,145,84,218,215.6,3.31,0.032,1.498,4.638
1,27.63208,220.0,145,86,270,220.0,3.17,0.031,1.855,4.545
1,27.63692,206.5,145,85,242,206.5,3.42,0.033,1.666,4.843
1,27.64167,210.6,145,76,248,210.6,3.75,0.033,1.713,4.749
1,27.64596,233.0,145,87,245,233.0,2.96,0.03,1.69,4.293
1,27.65068,211.9,145,85,237,211.9,3.33,0.033,1.639,4.719
1,27.65493,235.7,144,91,230,235.7,2.8,0.029,1.596,4.243
1,27.65985,203.3,145,93,262,203.3,3.17,0.034,1.8,4.92
1,27.6647,206.1,146,86,237,206.1,3.39,0.033,1.629,4.852
1,27.66923,220.6,146,87,252,220.6,3.13,0.031,1.731,4.533
1,27.67384,216.9,146,85,241,216.9,3.25,0.032,1.65,4.61
1,27.67788,247.9,146,84,259,247.9,2.88,0.028,1.77,4.034
1,27.68278,204.0,146,88,263,204.0,3.34,0.034,1.798,4.903
1,27.68761,207.1,146,90,251,207.1,3.22,0.033,1.712,4.829
1,27.69149,257.5,146,85,185,257.5,2.74,0.027,1.263,3.883
1,27.69643,202.5,146,84,250,202.5,3.53,0.034,1.705,4.937
1,27.70156,194.7,147,78,247,194.7,3.95,0.035,1.688,5.136
1,27.70616,217.6,147,88,208,217.6,3.13,0.031,1.416,4.596
1,27.71068,221.3,146,89,224,221.3,3.05,0.031,1.531,4.518
1,27.71551,206.9,147,86,272,206.9,3.37,0.033,1.852,4.833
1,27.72031,208.5,146,89,251,208.5,3.23,0.033,1.715,4.796
1,27.72492,216.6,146,78,227,216.6,3.55,0.032,1.552,4.617
1,27.72943,221.8,145,82,249,221.8,3.3,0.031,1.71,4.509
1,27.73399,219.7,146,83,257,219.7,3.29,0.031,1.76,4.552
1,27.73871,211.8,145,84,242,211.8,3.37,0.032,1.666,4.722
1,27.743,232.7,145,84,219,232.7,3.07,0.03,1.509,4.297
1,27.74751,222.0,146,89,246,222.0,3.04,0.031,1.691,4.504
1,27.75216,214.9,146,87,239,214.9,3.21,0.032,1.638,4.654
1,27.75679,216.1,145,94,249,216.1,2.95,0.032,1.716,4.627
1,27.76153,211.0,146,87,254,211.0,3.27,0.033,1.744,4.739
1,27.76637,206.5,146,90,258,206.5,3.23,0.033,1.772,4.842
1,27.77092,219.8,146,87,263,219.8,3.14,0.031,1.805,4.55
1,27.77556,215.6,145,88,261,215.6,3.16,0.032,1.799,4.638
1,27.78005,222.9,145,89,262,222.9,3.03,0.031,1.803,4.487
1,27.7846,219.6,146,91,230,219.6,3.0,0.031,1.581,4.554
1,27.78951,203.5,146,88,284,203.5,3.35,0.034,1.948,4.914
1,27.79424,211.8,146,85,274,211.8,3.33,0.032,1.873,4.722
1,27.79853,233.1,147,79,230,233.1,3.26,0.029,1.567,4.289
1,27.8033,209.5,147,84,247,209.5,3.41,0.033,1.685,4.773
1,27.80819,204.5,147,84,254,204.5,3.49,0.033,1.734,4.89
1,27.81243,235.9,147,89,239,235.9,2.86,0.029,1.63,4.239
1,27.81656,242.0,146,93,232,242.0,2.67,0.028,1.588,4.133
1,27.82118,216.5,146,95,242,216.5,2.92,0.032,1.66,4.619
1,27.82559,226.6,145,88,225,226.6,3.01,0.03,1.546,4.412
1,27.83028,213.4,145,94,253,213.4,2.99,0.032,1.747,4.686
1,27.83523,201.9,145,87,249,201.9,3.42,0.034,1.718,4.952
1,27.83993,212.6,146,91,232,212.6,3.1,0.032,1.596,4.704
1,27.84486,203.2,145,89,268,203.2,3.32,0.034,1.841,4.922
1,27.84924,228.3,146,91,243,228.3,2.89,0.03,1.67,4.38
1,27.85354,232.5,145,75,220,232.5,3.44,0.03,1.513,4.3
1,27.85807,220.6,145,85,268,220.6,3.2,0.031,1.846,4.534
1,27.86252,224.7,145,86,249,224.7,3.11,0.031,1.715,4.451
1,27.867,223.1,146,90,245,223.1,2.99,0.031,1.683,4.482
1,27.87114,241.5,146,88,236,241.5,2.82,0.028,1.622,4.141
1,27.87561,223.8,145,85,252,223.8,3.15,0.031,1.731,4.468
1,27.88015,220.2,145,83,255,220.2,3.28,0.031,1.757,4.542
1,27.88449,230.8,146,81,223,230.8,3.21,0.03,1.53,4.333
1,27.88876,234.3,146,87,230,234.3,2.94,0.029,1.577,4.268
1,27.89338,216.3,146,89,245,216.3,3.12,0.032,1.682,4.624
1,27.89759,237.3,145,81,250,237.3,3.12,0.029,1.717,4.213
1,27.90174,241.0,145,93,214,241.0,2.68,0.029,1.47,4.149
1,27.90586,242.7,145,82,232,242.7,3.01,0.028,1.596,4.12
1,27.91017,232.3,145,93,231,232.3,2.78,0.03,1.588,4.305
1,27.91457,227.1,145,89,246,227.1,2.97,0.03,1.7,4.403
1,27.91862,247.0,144,83,222,247.0,2.93,0.028,1.54,4.048
1,27.9231,223.2,144,89,248,223.2,3.02,0.031,1.722,4.48
1,27.92748,228.1,143,81,226,228.1,3.25,0.031,1.575,4.384
1,27.93222,210.9,144,76,233,210.9,3.74,0.033,1.617,4.741
1,27.93695,211.6,145,86,230,211.6,3.3,0.033,1.594,4.725
1,27.94146,221.4,145,82,241,221.4,3.3,0.031,1.669,4.516
1,27.9458,230.8,145,86,225,230.8,3.02,0.03,1.554,4.333
1,27.95073,202.8,145,83,265,202.8,3.56,0.034,1.829,4.93
1,27.95535,216.6,144,82,260,216.6,3.38,0.032,1.805,4.617
1,27.9595,240.9,144,82,228,240.9,3.04,0.029,1.581,4.152
1,27.96419,213.1,144,91,247,213.1,3.09,0.033,1.714,4.693
1,27.96973,180.4,144,82,304,180.4,4.06,0.039,2.112,5.544
1,27.9749,193.5,144,87,298,193.5,3.56,0.036,2.068,5.169
1,27.9793,227.4,143,86,227,227.4,3.07,0.031,1.588,4.397
1,27.98369,227.9,143,80,218,227.9,3.29,0.031,1.524,4.387
1,27.98851,207.2,143,88,242,207.2,3.29,0.034,1.694,4.826
1,27.99334,206.9,143,93,246,206.9,3.12,0.034,1.717,4.832
1,27.99778,225.4,143,83,247,225.4,3.21,0.031,1.721,4.437
1,28.00241,215.9,143,93,241,215.9,2.99,0.032,1.682,4.632
1,28.00696,220.1,144,87,248,220.1,3.13,0.032,1.725,4.544
1,28.01123,234.3,144,92,248,234.3,2.78,0.03,1.719,4.268
1,28.01584,216.7,144,89,230,216.7,3.11,0.032,1.595,4.616
1,28.02089,198.0,145,83,245,198.0,3.65,0.035,1.696,5.051
1,28.02494,247.3,144,88,228,247.3,2.76,0.028,1.587,4.043
1,28.02965,212.0,144,87,234,212.0,3.25,0.033,1.628,4.717
1,28.0339,235.2,143,99,219,235.2,2.58,0.03,1.529,4.252
1,28.03816,235.3,143,83,214,235.3,3.07,0.03,1.497,4.251
1,28.0428,215.3,144,83,265,215.3,3.36,0.032,1.845,4.645
1,28.04801,192.1,143,91,246,192.1,3.43,0.036,1.717,5.207
1,28.05266,215.1,143,84,244,215.1,3.32,0.032,1.699,4.65
1,28.05722,219.0,143,78,224,219.0,3.51,0.032,1.568,4.566
1,28.06197,210.6,144,87,268,210.6,3.27,0.033,1.87,4.748
1,28.06678,208.0,143,90,242,208.0,3.21,0.034,1.689,4.808
1,28.07108,232.6,143,80,224,232.6,3.22,0.03,1.571,4.299
1,28.07545,228.5,143,81,243,228.5,3.24,0.031,1.702,4.377
1,28.07989,225.2,143,82,230,225.2,3.25,0.031,1.61,4.44
1,28.08402,242.7,143,89,231,242.7,2.78,0.029,1.613,4.121
1,28.09147,134.1,144,98,547,134.1,4.57,0.052,3.806,7.456
1,28.09984,119.4,145,101,581,119.4,4.97,0.058,4.005,8.373
1,28.10796,123.2,146,105,604,123.2,4.64,0.056,4.139,8.12
1,28.11961,85.9,148,109,882,85.9,6.41,0.079,5.959,11.648
1,28.12814,117.2,149,95,582,117.2,5.39,0.057,3.9,8.533
1,28.13634,122.1,151,94,602,122.1,5.23,0.054,3.983,8.192
1,28.14501,115.3,153,102,598,115.3,5.1,0.057,3.918,8.674
1,28.14955,220.1,153,87,268,220.1,3.13,0.03,1.752,4.544
1,28.15304,287.3,153,88,205,287.3,2.37,0.023,1.344,3.481
1,28.15741,228.7,152,85,223,228.7,3.09,0.029,1.464,4.372
1,28.16184,225.9,152,88,264,225.9,3.02,0.029,1.737,4.428
1,28.1664,219.3,151,82,259,219.3,3.34,0.03,1.711,4.56
1,28.17101,216.6,151,88,224,216.6,3.15,0.031,1.481,4.617
1,28.1758,208.8,152,86,235,208.8,3.34,0.032,1.547,4.789
1,28.18042,216.5,152,88,241,216.5,3.15,0.03,1.592,4.618
1,28.18503,216.9,152,82,234,216.9,3.37,0.03,1.542,4.611
1,28.18966,216.1,152,91,254,216.1,3.05,0.03,1.667,4.628
1,28.1944,210.9,152,93,245,210.9,3.06,0.031,1.609,4.741
1,28.19894,220.4,152,82,263,220.4,3.32,0.03,1.73,4.537
1,28.2036,214.4,152,99,263,214.4,2.83,0.031,1.731,4.664
1,28.20794,230.7,152,87,251,230.7,2.99,0.029,1.652,4.335
1,28.21302,196.7,152,85,249,196.7,3.59,0.033,1.639,5.084
1,28.21726,236.0,151,88,215,236.0,2.89,0.028,1.421,4.238
1,28.22126,250.0,151,89,229,250.0,2.7,0.026,1.515,4.001
1,28.22603,209.5,151,86,258,209.5,3.33,0.032,1.705,4.774
1,28.23093,204.2,151,82,249,204.2,3.58,0.032,1.648,4.898
1,28.23598,198.0,152,80,263,198.0,3.79,0.033,1.731,5.051
1,28.24032,230.6,152,78,238,230.6,3.34,0.029,1.569,4.336
1,28.24522,203.8,152,82,260,203.8,3.59,0.032,1.71,4.907
1,28.24973,221.8,152,81,230,221.8,3.34,0.03,1.517,4.509
1,28.25451,209.5,152,83,265,209.5,3.45,0.031,1.739,4.773
1,28.25895,225.1,152,85,217,225.1,3.14,0.029,1.421,4.443
1,28.26368,211.4,152,84,249,211.4,3.38,0.031,1.634,4.731
1,28.2688,195.3,152,92,275,195.3,3.34,0.034,1.806,5.12
1,28.27278,251.1,152,90,239,251.1,2.66,0.026,1.571,3.983
1,28.27717,228.0,153,82,258,228.0,3.21,0.029,1.687,4.385
1,28.2814,236.6,153,82,249,236.6,3.09,0.028,1.623,4.226
1,28.28575,229.9,153,79,237,229.9,3.3,0.028,1.55,4.35
1,28.29059,206.2,154,89,252,206.2,3.27,0.032,1.637,4.85
1,28.29505,224.3,153,85,226,224.3,3.15,0.029,1.471,4.458
1,28.29962,219.0,154,87,256,219.0,3.15,0.03,1.666,4.565
1,28.30442,208.1,154,89,267,208.1,3.24,0.031,1.736,4.805
1,28.30946,198.6,153,90,267,198.6,3.36,0.033,1.742,5.036
1,28.314,220.2,153,80,229,220.2,3.41,0.03,1.498,4.541
1,28.31785,259.8,153,81,199,259.8,2.85,0.025,1.302,3.85
1,28.3219,246.9,152,91,212,246.9,2.67,0.027,1.391,4.05
1,28.32672,207.6,152,90,253,207.6,3.21,0.032,1.668,4.817
1,28.33101,232.9,152,87,242,232.9,2.96,0.028,1.591,4.293
1,28.33548,223.8,152,92,231,223.8,2.91,0.029,1.52,4.469
1,28.34018,212.8,152,85,258,212.8,3.32,0.031,1.694,4.699
1,28.34498,208.4,153,90,259,208.4,3.2,0.031,1.687,4.799
1,28.3496,216.4,153,88,235,216.4,3.15,0.03,1.536,4.622
1,28.35405,224.9,154,91,235,224.9,2.93,0.029,1.531,4.447
1,28.35877,211.5,153,83,251,211.5,3.42,0.031,1.638,4.729
1,28.36348,212.6,153,84,232,212.6,3.36,0.031,1.513,4.704
1,28.36808,217.4,152,85,245,217.4,3.25,0.03,1.604,4.601
1,28.37259,221.6,152,84,215,221.6,3.22,0.03,1.418,4.513
1,28.37708,223.0,152,83,258,223.0,3.24,0.03,1.699,4.485
1,28.38209,199.4,152,90,258,199.4,3.34,0.033,1.701,5.015
1,28.38642,230.9,152,88,238,230.9,2.95,0.029,1.57,4.332
1,28.39068,235.2,152,86,235,235.2,2.97,0.028,1.546,4.252
1,28.39486,239.2,151,84,232,239.2,2.99,0.028,1.532,4.181
1,28.39974,204.9,152,88,248,204.9,3.33,0.032,1.632,4.88
1,28.40424,222.3,151,87,254,222.3,3.1,0.03,1.676,4.499
1,28.4086,229.3,151,88,232,229.3,2.97,0.029,1.533,4.362
1,28.41334,210.8,151,88,262,210.8,3.23,0.031,1.733,4.743
1,28.4181,210.1,151,84,270,210.1,3.4,0.032,1.787,4.759
1,28.42302,203.4,151,84,256,203.4,3.51,0.033,1.692,4.915
1,28.42743,226.5,151,87,229,226.5,3.04,0.029,1.514,4.415
1,28.43272,189.1,151,87,255,189.1,3.65,0.035,1.688,5.288
1,28.43779,197.3,151,85,263,197.3,3.58,0.034,1.741,5.069
1,28.44197,239.0,152,89,240,239.0,2.82,0.028,1.581,4.184
1,28.44695,200.9,151,85,262,200.9,3.51,0.033,1.742,4.977
1,28.45095,250.0,151,89,213,250.0,2.7,0.026,1.41,4.001
1,28.45548,220.6,151,83,274,220.6,3.28,0.03,1.821,4.534
1,28.45975,234.4,150,86,211,234.4,2.98,0.028,1.407,4.266
1,28.46425,222.2,150,82,249,222.2,3.29,0.03,1.66,4.499
1,28.46834,244.1,150,85,198,244.1,2.89,0.027,1.313,4.097
1,28.47306,211.9,151,85,261,211.9,3.33,0.031,1.732,4.72
1,28.47788,207.9,151,93,275,207.9,3.1,0.032,1.828,4.811
1,28.48178,256.2,150,84,213,256.2,2.79,0.026,1.415,3.904
1,28.48661,207.1,150,94,246,207.1,3.08,0.032,1.636,4.83
1,28.49133,211.7,150,90,230,211.7,3.15,0.032,1.535,4.724
1,28.49595,216.8,150,85,241,216.8,3.26,0.031,1.614,4.613
1,28.5006,215.0,150,82,260,215.0,3.4,0.031,1.738,4.652
1,28.50462,248.4,150,79,210,248.4,3.06,0.027,1.402,4.026
1,28.50944,207.7,150,88,267,207.7,3.28,0.032,1.784,4.815
1,28.51434,204.1,150,88,273,204.1,3.34,0.033,1.823,4.899
1,28.51842,245.2,150,81,241,245.2,3.02,0.027,1.604,4.078
1,28.52314,211.8,150,77,250,211.8,3.68,0.031,1.662,4.721
1,28.52733,238.7,151,84,252,238.7,2.99,0.028,1.674,4.189
1,28.53201,213.6,150,92,231,213.6,3.05,0.031,1.542,4.682
1,28.53676,210.5,150,81,271,210.5,3.52,0.032,1.806,4.751
1,28.54171,201.9,149,88,262,201.9,3.38,0.033,1.755,4.954
1,28.54676,198.2,150,90,289,198.2,3.36,0.034,1.927,5.045
1,28.55153,209.8,150,78,258,209.8,3.67,0.032,1.718,4.766
1,28.55575,236.5,149,85,200,236.5,2.99,0.028,1.345,4.229
1,28.56032,219.2,149,91,224,219.2,3.01,0.031,1.502,4.561
1,28.56498,214.6,149,87,248,214.6,3.21,0.031,1.658,4.66
1,28.56948,222.1,149,86,230,222.1,3.14,0.03,1.541,4.502
1,28.57414,214.7,149,86,259,214.7,3.25,0.031,1.74,4.657
1,28.57937,191.1,149,90,284,191.1,3.49,0.035,1.904,5.234
1,28.58431,202.2,148,86,264,202.2,3.45,0.033,1.78,4.945
1,28.58873,226.4,147,82,251,226.4,3.23,0.03,1.7,4.417
1,28.59341,213.7,148,92,254,213.7,3.05,0.032,1.723,4.68
1,28.59863,191.5,147,86,252,191.5,3.64,0.036,1.715,5.222
1,28.60357,202.4,147,88,255,202.4,3.37,0.034,1.734,4.941
1,28.60832,210.5,147,90,258,210.5,3.17,0.032,1.749,4.75
1,28.61298,214.6,147,84,255,214.6,3.33,0.032,1.732,4.659
1,28.61739,226.7,147,82,225,226.7,3.23,0.03,1.529,4.411
1,28.62159,238.1,147,88,258,238.1,2.86,0.029,1.76,4.2
1,28.62641,207.6,147,89,259,207.6,3.25,0.033,1.766,4.816
1,28.63119,209.3,147,83,239,209.3,3.45,0.033,1.633,4.778
1,28.63606,205.3,147,83,279,205.3,3.52,0.033,1.903,4.87
1,28.6408,211.0,147,87,267,211.0,3.27,0.032,1.812,4.739
1,28.64499,238.4,147,84,219,238.4,3.0,0.029,1.488,4.195
1,28.64982,207.3,148,86,254,207.3,3.37,0.033,1.721,4.824
1,28.65452,212.6,148,91,248,212.6,3.1,0.032,1.68,4.703
1,28.65935,207.0,148,88,263,207.0,3.29,0.033,1.777,4.831
1,28.66392,218.7,148,84,262,218.7,3.27,0.031,1.774,4.572
1,28.66825,231.2,147,79,240,231.2,3.28,0.029,1.631,4.325
1,28.67261,229.2,147,85,207,229.2,3.08,0.03,1.404,4.363
1,28.67725,215.5,147,82,233,215.5,3.4,0.031,1.577,4.641
1,28.68173,223.3,147,83,217,223.3,3.24,0.03,1.47,4.479
1,28.68688,194.3,148,79,263,194.3,3.91,0.035,1.783,5.147
1,28.69163,210.6,148,95,233,210.6,3.0,0.032,1.568,4.748
1,28.69623,217.1,148,83,234,217.1,3.33,0.031,1.583,4.606
1,28.70051,233.9,147,90,230,233.9,2.85,0.029,1.567,4.275
1,28.70552,199.6,147,88,266,199.6,3.42,0.034,1.805,5.01
1,28.71052,199.8,148,90,276,199.8,3.34,0.034,1.869,5.005
1,28.71519,214.2,148,87,242,214.2,3.22,0.032,1.636,4.669
1,28.71975,219.3,148,91,256,219.3,3.01,0.031,1.731,4.56
1,28.72485,196.3,148,82,257,196.3,3.73,0.034,1.736,5.095
1,28.72923,228.4,148,86,249,228.4,3.05,0.03,1.688,4.379
1,28.73409,205.7,147,85,239,205.7,3.43,0.033,1.626,4.862
1,28.73881,211.8,147,84,252,211.8,3.37,0.032,1.709,4.722
1,28.7432,227.8,147,89,249,227.8,2.96,0.03,1.693,4.39
1,28.74841,191.9,146,87,273,191.9,3.59,0.036,1.865,5.212
1,28.75324,207.1,146,84,272,207.1,3.45,0.033,1.856,4.828
1,28.75838,194.4,147,81,297,194.4,3.81,0.035,2.02,5.145
1,28.76266,233.8,146,88,239,233.8,2.92,0.029,1.635,4.278
1,28.76739,211.4,147,84,278,211.4,3.38,0.032,1.891,4.729
1,28.7724,199.7,148,86,262,199.7,3.49,0.034,1.779,5.007
1,28.77754,194.3,148,83,280,194.3,3.72,0.035,1.897,5.147
1,28.78251,201.4,148,89,253,201.4,3.35,0.034,1.714,4.965
1,28.78724,211.5,147,87,254,211.5,3.26,0.032,1.73,4.728
1,28.79254,188.7,147,87,297,188.7,3.65,0.036,2.021,5.299
1,28.79697,225.7,147,80,245,225.7,3.32,0.03,1.671,4.432
1,28.80142,224.7,147,86,216,224.7,3.1,0.03,1.474,4.45
1,28.80584,226.1,146,94,232,226.1,2.82,0.03,1.589,4.423
1,28.81067,207.1,146,90,263,207.1,3.22,0.033,1.801,4.828
1,28.81474,245.9,146,87,236,245.9,2.8,0.028,1.615,4.067
1,28.81968,202.4,146,84,256,202.4,3.53,0.034,1.751,4.94
1,28.82429,216.5,146,87,250,216.5,3.19,0.032,1.706,4.619
1,28.82848,238.8,147,83,249,238.8,3.03,0.029,1.697,4.188
1,28.83313,215.2,146,82,252,215.2,3.4,0.032,1.719,4.646
1,28.83777,215.3,146,85,256,215.3,3.28,0.032,1.748,4.644
1,28.84262,206.1,146,79,250,206.1,3.68,0.033,1.708,4.851
1,28.84703,226.8,146,79,225,226.8,3.35,0.03,1.539,4.409
1,28.85128,235.5,146,83,238,235.5,3.07,0.029,1.632,4.245
1,28.85558,232.6,146,80,206,232.6,3.22,0.03,1.414,4.298
1,28.86042,206.6,147,87,289,206.6,3.34,0.033,1.97,4.841
1,28.86451,244.4,146,81,216,244.4,3.03,0.028,1.478,4.091
1,28.86862,243.5,146,87,222,243.5,2.83,0.028,1.515,4.108
1,28.87362,199.9,147,89,267,199.9,3.37,0.034,1.82,5.002
1,28.87853,203.7,146,91,258,203.7,3.24,0.034,1.764,4.909
1,28.8837,193.3,146,81,266,193.3,3.83,0.035,1.822,5.175
1,28.88864,202.6,146,91,240,202.6,3.25,0.034,1.645,4.935
1,28.89349,206.2,146,86,262,206.2,3.38,0.033,1.797,4.85
1,28.89798,222.3,146,76,255,222.3,3.55,0.031,1.751,4.498
1,28.90286,205.1,146,93,248,205.1,3.15,0.033,1.703,4.876
1,28.90773,205.4,146,75,243,205.4,3.9,0.033,1.67,4.869
1,28.91254,207.8,146,86,243,207.8,3.36,0.033,1.665,4.813
1,28.91716,216.7,146,88,246,216.7,3.15,0.032,1.68,4.615
1,28.92169,220.5,146,86,250,220.5,3.16,0.031,1.712,4.535
1,28.9268,195.7,146,87,259,195.7,3.52,0.035,1.782,5.11
1,28.93098,239.6,146,77,244,239.6,3.25,0.029,1.674,4.174
1,28.93615,193.2,146,86,250,193.2,3.61,0.036,1.712,5.175
1,28.94088,211.5,146,83,242,211.5,3.42,0.032,1.657,4.727
1,28.94552,215.4,145,82,231,215.4,3.4,0.032,1.591,4.642
1,28.9505,200.8,146,86,254,200.8,3.47,0.034,1.747,4.981
1,28.95476,234.9,146,91,249,234.9,2.81,0.029,1.703,4.257
1,28.95964,204.9,147,85,264,204.9,3.44,0.033,1.794,4.879
1,28.96368,247.7,147,84,226,247.7,2.88,0.028,1.54,4.037
1,28.96801,230.8,147,83,253,230.8,3.13,0.03,1.725,4.332
1,28.97244,225.6,147,78,224,225.6,3.41,0.03,1.521,4.432
1,28.97739,202.1,147,84,276,202.1,3.53,0.034,1.878,4.949
1,28.98211,211.6,147,85,257,211.6,3.34,0.032,1.75,4.726
1,28.98695,206.8,147,94,245,206.8,3.09,0.033,1.673,4.835
1,28.99243,182.3,147,80,272,182.3,4.11,0.037,1.857,5.485
1,28.99683,227.4,147,89,242,227.4,2.96,0.03,1.647,4.398
1,29.00152,213.4,147,86,269,213.4,3.27,0.032,1.832,4.686
1,29.00635,206.8,146,97,235,206.8,2.99,0.033,1.609,4.836
1,29.01118,207.1,147,92,255,207.1,3.15,0.033,1.737,4.83
1,29.01598,208.6,147,90,247,208.6,3.2,0.033,1.677,4.794
1,29.02048,222.1,147,87,247,222.1,3.11,0.031,1.677,4.503
1,29.02534,205.9,148,93,260,205.9,3.13,0.033,1.757,4.858
1,29.02988,220.4,148,83,250,220.4,3.28,0.031,1.688,4.537
1,29.03476,204.7,149,92,276,204.7,3.19,0.033,1.853,4.885
1,29.03915,227.9,149,87,214,227.9,3.03,0.029,1.433,4.387
1,29.04328,241.7,149,93,227,241.7,2.67,0.028,1.527,4.137
1,29.04801,211.6,149,89,264,211.6,3.19,0.032,1.774,4.725
1,29.05343,184.4,149,91,275,184.4,3.57,0.036,1.849,5.422
1,29.05843,200.3,149,92,271,200.3,3.26,0.034,1.819,4.994
1,29.06282,227.5,149,89,242,227.5,2.96,0.03,1.631,4.395
1,29.06719,229.0,148,79,240,229.0,3.32,0.029,1.619,4.367
1,29.07161,226.1,149,89,240,226.1,2.98,0.03,1.607,4.423
1,29.07572,243.4,148,80,240,243.4,3.08,0.028,1.615,4.108
1,29.07998,234.7,148,85,236,234.7,3.01,0.029,1.591,4.26
1,29.08483,206.2,148,88,253,206.2,3.31,0.033,1.71,4.85
1,29.0896,209.5,148,81,262,209.5,3.54,0.032,1.771,4.773
1,29.09471,195.7,148,80,237,195.7,3.83,0.035,1.601,5.109
1,29.09935,215.7,148,88,270,215.7,3.16,0.031,1.82,4.636
1,29.10412,209.6,149,89,266,209.6,3.22,0.032,1.78,4.77
1,29.10881,213.0,150,86,259,213.0,3.27,0.031,1.726,4.694
1,29.11326,224.8,150,81,242,224.8,3.29,0.03,1.612,4.447
1,29.11814,204.6,149,86,252,204.6,3.41,0.033,1.683,4.887
1,29.12303,204.8,149,85,280,204.8,3.45,0.033,1.874,4.883
1,29.12789,205.8,149,84,265,205.8,3.47,0.033,1.778,4.86
1,29.13254,215.0,149,87,263,215.0,3.21,0.031,1.764,4.651
1,29.13726,211.9,148,93,254,211.9,3.04,0.032,1.715,4.719
1,29.14224,200.7,149,84,292,200.7,3.56,0.033,1.96,4.983
1,29.14647,236.1,149,79,234,236.1,3.22,0.028,1.576,4.236
1,29.15151,198.6,149,79,236,198.6,3.82,0.034,1.582,5.036
1,29.15632,207.9,149,82,248,207.9,3.52,0.032,1.662,4.81
1,29.16069,228.9,149,90,228,228.9,2.91,0.029,1.532,4.368
1,29.16493,235.8,148,83,251,235.8,3.07,0.029,1.691,4.241
1,29.16953,217.3,148,86,245,217.3,3.21,0.031,1.651,4.601
1,29.17362,244.3,148,84,217,244.3,2.92,0.028,1.466,4.093
1,29.17776,241.8,149,77,232,241.8,3.22,0.028,1.563,4.136
1,29.18249,211.4,148,88,257,211.4,3.23,0.032,1.733,4.731
1,29.187,221.8,148,89,242,221.8,3.04,0.031,1.641,4.508
1,29.19127,234.1,147,87,231,234.1,2.95,0.029,1.574,4.272
1,29.19567,227.2,147,78,234,227.2,3.39,0.03,1.59,4.401
1,29.20082,194.3,147,82,268,194.3,3.77,0.035,1.816,5.148
1,29.20571,204.3,148,84,280,204.3,3.5,0.033,1.895,4.894
1,29.21058,205.5,148,85,277,205.5,3.44,0.033,1.872,4.867
1,29.21541,207.1,149,85,227,207.1,3.41,0.033,1.53,4.829
1,29.22031,204.0,148,85,222,204.0,3.46,0.033,1.499,4.902
1,29.22484,220.8,148,87,256,220.8,3.12,0.031,1.734,4.529
1,29.22929,224.6,148,93,272,224.6,2.87,0.03,1.835,4.453
1,29.23389,217.5,148,89,223,217.5,3.1,0.031,1.503,4.598
1,29.23843,220.6,148,93,259,220.6,2.92,0.031,1.748,4.533
1,29.24315,211.6,149,85,281,211.6,3.34,0.032,1.889,4.726
1,29.24846,188.3,150,84,269,188.3,3.79,0.035,1.793,5.309
1,29.25307,216.8,150,81,238,216.8,3.42,0.031,1.589,4.612
1,29.25768,217.1,150,84,258,217.1,3.29,0.031,1.721,4.605
1,29.26198,232.5,150,86,254,232.5,3.0,0.029,1.698,4.3
1,29.26632,230.5,150,87,217,230.5,2.99,0.029,1.448,4.338
1,29.27098,214.2,149,85,265,214.2,3.3,0.031,1.772,4.668
1,29.27556,218.4,150,88,223,218.4,3.12,0.031,1.49,4.578
1,29.28006,222.2,149,84,250,222.2,3.21,0.03,1.674,4.501
1,29.28443,229.2,149,89,219,229.2,2.94,0.029,1.47,4.364
1,29.2891,214.0,149,90,256,214.0,3.11,0.031,1.718,4.672
1,29.29397,205.2,149,88,234,205.2,3.32,0.033,1.564,4.873
1,29.29914,193.7,149,86,277,193.7,3.6,0.035,1.853,5.164
1,29.30381,213.9,150,87,234,213.9,3.22,0.031,1.565,4.675
1,29.30853,212.0,150,85,261,212.0,3.33,0.031,1.745,4.716
1,29.31251,251.4,150,93,208,251.4,2.57,0.027,1.385,3.978
1,29.31715,215.5,150,87,229,215.5,3.2,0.031,1.525,4.64
1,29.32181,214.4,150,90,265,214.4,3.11,0.031,1.765,4.665
1,29.32645,215.5,150,87,241,215.5,3.2,0.031,1.604,4.64
1,29.33127,207.6,151,92,263,207.6,3.14,0.032,1.745,4.818
1,29.33609,207.3,151,90,282,207.3,3.22,0.032,1.866,4.824
1,29.34068,218.2,151,82,274,218.2,3.35,0.03,1.809,4.584
1,29.34535,214.0,151,81,234,214.0,3.46,0.031,1.554,4.674
1,29.34968,231.2,151,82,258,231.2,3.16,0.029,1.705,4.325
1,29.35415,223.4,151,89,241,223.4,3.02,0.03,1.591,4.475
1,29.35901,205.9,151,84,262,205.9,3.47,0.032,1.735,4.857
1,29.36355,220.2,152,83,268,220.2,3.28,0.03,1.767,4.541
1,29.36819,215.6,152,94,247,215.6,2.96,0.031,1.628,4.638
1,29.37278,217.8,151,84,241,217.8,3.28,0.03,1.591,4.591
1,29.37728,221.9,151,84,269,221.9,3.22,0.03,1.777,4.506
1,29.38185,218.9,151,85,268,218.9,3.23,0.03,1.773,4.569
1,29.38577,255.6,152,83,228,255.6,2.83,0.026,1.505,3.913
1,29.39078,199.4,152,79,259,199.4,3.81,0.033,1.71,5.015
1,29.39528,222.3,152,88,268,222.3,3.07,0.03,1.766,4.499
1,29.40038,196.2,152,84,255,196.2,3.64,0.034,1.683,5.097
1,29.40499,216.9,151,86,239,216.9,3.22,0.03,1.576,4.611
1,29.40971,211.9,151,89,287,211.9,3.18,0.031,1.895,4.72
1,29.41472,199.6,152,85,267,199.6,3.54,0.033,1.754,5.011
1,29.41924,221.1,152,84,231,221.1,3.23,0.03,1.522,4.522
1,29.4241,205.8,152,84,254,205.8,3.47,0.032,1.668,4.858
1,29.42887,209.7,152,78,260,209.7,3.67,0.031,1.709,4.769
1,29.43357,212.5,152,81,244,212.5,3.49,0.031,1.609,4.706
1,29.43856,200.6,152,79,285,200.6,3.79,0.033,1.877,4.986
1,29.44338,207.6,151,85,244,207.6,3.4,0.032,1.611,4.817
1,29.44795,218.7,152,85,246,218.7,3.23,0.03,1.626,4.572
1,29.4528,206.0,152,90,277,206.0,3.24,0.032,1.825,4.854
1,29.45768,205.1,151,88,267,205.1,3.32,0.032,1.763,4.875
1,29.46297,189.1,152,84,269,189.1,3.78,0.035,1.775,5.288
1,29.46788,203.6,152,77,257,203.6,3.83,0.032,1.694,4.911
1,29.47255,214.1,152,78,271,214.1,3.59,0.031,1.781,4.67
1,29.4772,215.0,152,81,239,215.0,3.44,0.031,1.566,4.65
1,29.48169,222.7,153,87,252,222.7,3.1,0.029,1.649,4.49
1,29.48669,199.9,152,74,243,199.9,4.06,0.033,1.595,5.003
1,29.49164,202.1,153,91,281,202.1,3.26,0.032,1.841,4.947
1,29.49662,200.7,153,86,265,200.7,3.48,0.033,1.733,4.984
1,29.5009,233.5,153,85,225,233.5,3.02,0.028,1.471,4.282
1,29.50556,214.9,153,91,254,214.9,3.07,0.03,1.661,4.654
1,29.51102,182.9,152,91,308,182.9,3.6,0.036,2.021,5.467
1,29.51533,232.3,152,84,250,232.3,3.07,0.028,1.648,4.305
1,29.52032,200.5,152,96,243,200.5,3.12,0.033,1.596,4.987
1,29.52469,228.5,152,85,246,228.5,3.09,0.029,1.619,4.377
1,29.52961,203.1,151,80,256,203.1,3.69,0.033,1.692,4.922
1,29.53487,190.2,150,93,282,190.2,3.39,0.035,1.876,5.258
1,29.53982,202.0,151,94,251,202.0,3.16,0.033,1.669,4.951
1,29.5448,200.8,150,85,266,200.8,3.51,0.033,1.773,4.979
1,29.54973,203.0,151,81,267,203.0,3.65,0.033,1.773,4.925
1,29.55436,215.9,151,96,271,215.9,2.89,0.031,1.796,4.632
1,29.559,215.5,151,90,257,215.5,3.09,0.031,1.7,4.64
1,29.56369,213.3,151,88,253,213.3,3.2,0.031,1.675,4.689
1,29.5682,221.8,151,92,224,221.8,2.94,0.03,1.484,4.508
1,29.57265,224.7,150,90,244,224.7,2.97,0.03,1.62,4.451
1,29.5777,198.1,151,87,282,198.1,3.48,0.033,1.866,5.048
1,29.58262,203.1,151,94,266,203.1,3.14,0.033,1.766,4.924
1,29.58709,223.7,151,88,261,223.7,3.05,0.03,1.726,4.471
1,29.59179,212.8,150,86,243,212.8,3.28,0.031,1.622,4.7
1,29.59638,218.0,150,84,255,218.0,3.28,0.031,1.702,4.587
1,29.60124,205.8,150,76,274,205.8,3.84,0.032,1.822,4.86
1,29.60571,223.4,150,90,247,223.4,2.98,0.03,1.647,4.476
1,29.6105,208.7,151,85,270,208.7,3.38,0.032,1.792,4.791
1,29.61554,198.5,152,84,254,198.5,3.6,0.033,1.672,5.038
1,29.62016,216.6,152,90,257,216.6,3.08,0.03,1.696,4.616
1,29.62531,193.9,152,83,276,193.9,3.73,0.034,1.818,5.157
1,29.6299,218.0,151,92,269,218.0,2.99,0.03,1.777,4.586
1,29.63449,218.0,151,85,266,218.0,3.24,0.03,1.763,4.587
1,29.63912,215.9,151,87,235,215.9,3.19,0.031,1.563,4.633
1,29.64362,222.3,151,82,258,222.3,3.29,0.03,1.712,4.498
1,29.64817,219.7,150,87,258,219.7,3.14,0.03,1.714,4.552
1,29.65268,221.8,150,80,255,221.8,3.38,0.03,1.705,4.509
1,29.65739,212.3,149,88,234,212.3,3.21,0.032,1.577,4.71
1,29.6623,203.7,149,86,274,203.7,3.43,0.033,1.844,4.91
1,29.6669,217.4,148,91,247,217.4,3.03,0.031,1.667,4.599
1,29.67158,213.6,148,89,258,213.6,3.16,0.032,1.743,4.681
1,29.67592,230.5,148,86,250,230.5,3.03,0.029,1.691,4.339
1,29.68081,204.3,147,84,284,204.3,3.5,0.033,1.925,4.894
1,29.68562,207.9,147,92,275,207.9,3.14,0.033,1.863,4.81
1,29.69024,216.8,147,83,233,216.8,3.34,0.031,1.583,4.614
1,29.69441,239.5,147,80,250,239.5,3.13,0.028,1.707,4.176
1,29.69933,203.2,147,90,306,203.2,3.28,0.034,2.09,4.922
1,29.70478,183.6,146,95,281,183.6,3.44,0.037,1.918,5.447
1,29.70889,243.3,147,93,238,243.3,2.65,0.028,1.625,4.11
1,29.71308,238.7,146,82,232,238.7,3.07,0.029,1.589,4.189
1,29.71775,214.3,145,89,253,214.3,3.15,0.032,1.737,4.667
1,29.72249,210.7,146,88,266,210.7,3.24,0.033,1.825,4.747
1,29.72712,216.4,146,87,244,216.4,3.19,0.032,1.667,4.622
1,29.7318,213.4,146,83,248,213.4,3.39,0.032,1.693,4.686
1,29.73649,213.4,147,81,254,213.4,3.47,0.032,1.731,4.685
1,29.74116,214.1,147,81,271,214.1,3.46,0.032,1.848,4.671
1,29.74643,189.5,147,84,282,189.5,3.77,0.036,1.917,5.278
1,29.75137,202.8,147,86,287,202.8,3.44,0.034,1.956,4.932
1,29.75615,208.8,147,87,268,208.8,3.3,0.033,1.831,4.789
1,29.76123,197.2,147,87,298,197.2,3.5,0.035,2.03,5.072
1,29.76608,206.0,147,88,267,206.0,3.31,0.033,1.823,4.854
1,29.77058,222.0,146,79,243,222.0,3.42,0.031,1.669,4.504
1,29.77539,208.1,146,91,275,208.1,3.17,0.033,1.889,4.806
1,29.77995,219.2,145,82,240,219.2,3.34,0.031,1.653,4.562
1,29.78495,200.3,145,86,258,200.3,3.48,0.034,1.779,4.993
1,29.78972,209.3,145,87,293,209.3,3.29,0.033,2.019,4.777
1,29.79467,202.3,145,87,259,202.3,3.41,0.034,1.785,4.943
1,29.7992,220.4,145,85,237,220.4,3.2,0.031,1.638,4.537
1,29.80461,184.8,145,90,284,184.8,3.61,0.037,1.964,5.41
1,29.80886,235.7,145,87,244,235.7,2.93,0.029,1.683,4.243
1,29.81362,209.9,145,84,270,209.9,3.4,0.033,1.854,4.765
1,29.81778,240.5,146,89,228,240.5,2.8,0.029,1.562,4.157
1,29.82233,219.8,146,91,244,219.8,3.0,0.031,1.675,4.55
1,29.82699,214.4,146,92,262,214.4,3.04,0.032,1.797,4.663
1,29.83143,225.2,146,91,257,225.2,2.93,0.03,1.755,4.441
1,29.83587,225.3,146,88,224,225.3,3.03,0.03,1.533,4.438
1,29.84014,234.1,147,82,248,234.1,3.13,0.029,1.689,4.272
1,29.84503,204.7,147,94,280,204.7,3.12,0.033,1.906,4.885
1,29.85022,192.5,147,90,252,192.5,3.46,0.035,1.715,5.195
1,29.85535,194.9,148,85,275,194.9,3.62,0.035,1.861,5.132
1,29.85998,216.4,147,81,271,216.4,3.42,0.031,1.835,4.622
1,29.86484,205.4,147,89,250,205.4,3.28,0.033,1.696,4.868
1,29.86968,206.8,148,82,291,206.8,3.54,0.033,1.969,4.836
1,29.87418,222.4,148,89,255,222.4,3.03,0.03,1.723,4.497
1,29.87867,222.8,148,81,239,222.8,3.33,0.03,1.619,4.489
1,29.88349,207.4,148,85,267,207.4,3.4,0.033,1.806,4.822
1,29.88853,198.2,148,87,236,198.2,3.48,0.034,1.597,5.045
1,29.89356,198.8,147,91,284,198.8,3.32,0.034,1.926,5.03
1,29.89846,204.0,148,85,263,204.0,3.46,0.033,1.773,4.901
1,29.90301,220.1,148,79,273,220.1,3.45,0.031,1.845,4.544
1,29.90792,203.6,149,89,264,203.6,3.31,0.033,1.778,4.912
1,29.91287,202.0,148,87,265,202.0,3.41,0.033,1.791,4.952
1,29.91755,213.7,149,85,268,213.7,3.3,0.031,1.799,4.68
1,29.92215,217.4,148,89,247,217.4,3.1,0.031,1.67,4.6
1,29.92684,213.2,148,89,255,213.2,3.16,0.032,1.73,4.69
1,29.93226,184.6,148,89,287,184.6,3.65,0.037,1.946,5.418
1,29.93654,233.7,147,92,254,233.7,2.79,0.029,1.719,4.28
1,29.94135,207.7,147,83,255,207.7,3.48,0.033,1.729,4.815
1,29.94605,213.0,147,82,249,213.0,3.44,0.032,1.691,4.696
1,29.95088,207.0,148,88,297,207.0,3.29,0.033,2.013,4.83
1,29.95601,194.9,148,89,275,194.9,3.46,0.035,1.861,5.13
1,29.96079,209.1,148,91,256,209.1,3.15,0.032,1.732,4.783
1,29.96569,204.1,148,89,263,204.1,3.3,0.033,1.777,4.9
1,29.97022,221.0,148,90,234,221.0,3.02,0.031,1.583,4.524
1,29.97518,201.5,148,90,256,201.5,3.31,0.033,1.722,4.962
1,29.97961,225.6,149,86,256,225.6,3.09,0.03,1.72,4.433
1,29.98463,199.3,149,86,263,199.3,3.5,0.034,1.771,5.019
1,29.98947,206.7,149,87,258,206.7,3.34,0.033,1.733,4.838
1,29.99429,207.2,149,82,265,207.2,3.53,0.032,1.779,4.826
1,29.99885,219.5,148,81,258,219.5,3.37,0.031,1.736,4.556
1,30.00358,211.2,148,87,248,211.2,3.26,0.032,1.672,4.734
1,30.00805,223.7,148,82,237,223.7,3.27,0.03,1.605,4.47
1,30.01299,202.7,148,83,260,202.7,3.57,0.033,1.754,4.933
1,30.0176,216.8,148,88,233,216.8,3.14,0.031,1.572,4.612
1,30.02232,211.6,149,89,290,211.6,3.19,0.032,1.943,4.725
1,30.02767,186.9,150,93,328,186.9,3.45,0.036,2.188,5.35
1,30.03227,217.6,150,89,258,217.6,3.1,0.031,1.72,4.596
1,30.03721,202.4,149,91,273,202.4,3.26,0.033,1.824,4.942
1,30.04253,188.1,150,89,283,188.1,3.58,0.035,1.879,5.317
1,30.04759,197.5,150,88,284,197.5,3.45,0.034,1.89,5.062
1,30.05207,223.5,150,91,252,223.5,2.95,0.03,1.677,4.475
1,30.05735,189.3,150,88,257,189.3,3.6,0.035,1.713,5.282
1,30.0618,224.4,150,87,256,224.4,3.07,0.03,1.715,4.456
1,30.06629,222.9,149,87,264,222.9,3.09,0.03,1.772,4.486
1,30.07079,222.0,149,91,255,222.0,2.97,0.03,1.714,4.504
1,30.07573,202.7,149,88,270,202.7,3.36,0.033,1.812,4.934
1,30.08096,191.2,150,91,271,191.2,3.45,0.035,1.811,5.231
1,30.08563,213.9,149,93,241,213.9,3.02,0.031,1.616,4.675
1,30.09016,221.1,149,88,241,221.1,3.08,0.03,1.618,4.522
1,30.09504,204.9,148,87,271,204.9,3.37,0.033,1.826,4.881
1,30.09936,231.2,148,84,247,231.2,3.09,0.029,1.668,4.325
1,30.10381,224.7,148,82,249,224.7,3.26,0.03,1.678,4.45
1,30.10853,212.1,149,89,229,212.1,3.18,0.032,1.541,4.715
1,30.11366,194.9,149,86,266,194.9,3.58,0.034,1.789,5.13
1,30.11849,207.0,148,79,260,207.0,3.67,0.033,1.757,4.832
1,30.12284,230.0,148,89,243,230.0,2.93,0.029,1.638,4.347
1,30.12716,231.4,148,83,255,231.4,3.12,0.029,1.719,4.322
1,30.13164,223.1,147,85,240,223.1,3.16,0.03,1.63,4.482
1,30.13612,223.2,147,91,250,223.2,2.95,0.031,1.706,4.481
1,30.14165,180.8,147,80,306,180.8,4.15,0.038,2.077,5.531
1,30.14654,204.6,147,85,247,204.6,3.45,0.033,1.682,4.887
1,30.15161,197.2,147,84,269,197.2,3.62,0.034,1.83,5.071
1,30.15601,227.2,148,87,242,227.2,3.04,0.03,1.642,4.401
1,30.16118,193.6,148,90,298,193.6,3.44,0.035,2.014,5.165
1,30.16535,239.5,148,92,239,239.5,2.72,0.028,1.617,4.176
1,30.16997,216.5,149,93,270,216.5,2.98,0.031,1.817,4.619
1,30.17492,201.9,149,88,250,201.9,3.38,0.033,1.682,4.954
1,30.17956,215.9,149,76,256,215.9,3.66,0.031,1.72,4.632
1,30.18473,193.3,149,83,277,193.3,3.74,0.035,1.853,5.172
1,30.18908,229.6,150,85,234,229.6,3.07,0.029,1.564,4.355
1,30.19407,200.6,150,95,255,200.6,3.15,0.033,1.697,4.985
1,30.19867,217.5,150,78,239,217.5,3.54,0.031,1.601,4.597
1,30.20327,217.1,150,84,257,217.1,3.29,0.031,1.716,4.606
1,30.20752,235.1,150,83,234,235.1,3.07,0.028,1.558,4.253
1,30.21225,211.5,150,89,277,211.5,3.19,0.032,1.854,4.728
1,30.21748,191.3,149,89,258,191.3,3.52,0.035,1.733,5.227
1,30.22211,215.9,149,86,237,215.9,3.23,0.031,1.59,4.631
1,30.22657,224.3,149,86,239,224.3,3.11,0.03,1.605,4.459
1,30.23143,205.7,148,89,263,205.7,3.28,0.033,1.773,4.862
1,30.23688,183.5,148,96,280,183.5,3.41,0.037,1.886,5.448
1,30.24054,273.0,148,81,190,273.0,2.71,0.025,1.284,3.663
1,30.24459,247.4,148,81,186,247.4,2.99,0.027,1.257,4.042
1,30.24794,297.7,147,75,161,297.7,2.69,0.023,1.098,3.36
1,30.25139,290.0,147,91,179,290.0,2.27,0.023,1.216,3.449
1,30.2557,232.3,146,85,205,232.3,3.04,0.029,1.401,4.304
1,30.25984,241.5,147,89,215,241.5,2.79,0.028,1.457,4.14
1,30.26325,293.2,147,86,161,293.2,2.38,0.023,1.098,3.411
1,30.26742,239.7,147,80,203,239.7,3.13,0.028,1.383,4.171
1,30.27134,255.0,146,85,173,255.0,2.77,0.027,1.183,3.922
1,30.27547,242.3,146,88,182,242.3,2.81,0.028,1.249,4.127
1,30.27895,287.4,146,81,174,287.4,2.58,0.024,1.193,3.48
1,30.28311,240.1,146,83,200,240.1,3.01,0.029,1.371,4.166
1,30.28737,234.9,146,83,216,234.9,3.08,0.029,1.479,4.257
1,30.29093,280.9,146,84,176,280.9,2.54,0.024,1.202,3.56
1,30.29493,250.1,145,80,180,250.1,3.0,0.028,1.241,3.998
1,30.29889,252.6,145,84,191,252.6,2.83,0.027,1.312,3.958
1,30.30323,230.2,145,84,221,230.2,3.1,0.03,1.526,4.344
1,30.30696,268.6,145,81,174,268.6,2.76,0.026,1.199,3.723
1,30.31043,287.4,144,74,174,287.4,2.82,0.024,1.21,3.48
1,30.31437,254.3,144,83,208,254.3,2.84,0.027,1.446,3.932
1,30.31811,267.4,144,81,210,267.4,2.77,0.026,1.464,3.74
1,30.32173,275.9,144,89,147,275.9,2.44,0.025,1.026,3.624
1,30.32575,248.5,144,86,192,248.5,2.81,0.028,1.335,4.023
1,30.32971,252.8,144,86,197,252.8,2.76,0.027,1.367,3.955
1,30.33386,241.2,144,84,194,241.2,2.96,0.029,1.351,4.146
1,30.33807,237.2,144,85,220,237.2,2.98,0.029,1.528,4.216
1,30.34216,244.8,144,84,176,244.8,2.92,0.028,1.227,4.085
1,30.34571,281.8,144,81,164,281.8,2.63,0.025,1.139,3.549
1,30.34986,240.5,143,86,196,240.5,2.9,0.029,1.365,4.158
1,30.35403,240.0,144,78,201,240.0,3.21,0.029,1.397,4.167
1,30.35787,260.8,144,78,173,260.8,2.95,0.027,1.203,3.835
1,30.3613,291.0,144,83,152,291.0,2.48,0.024,1.061,3.436
1,30.36486,280.8,143,78,179,280.8,2.74,0.025,1.25,3.561
1,30.36835,286.8,144,87,189,286.8,2.4,0.024,1.32,3.487
1,30.37236,249.4,144,82,208,249.4,2.93,0.028,1.446,4.01
1,30.37631,252.8,144,82,176,252.8,2.89,0.027,1.226,3.955
1,30.37982,285.4,143,80,162,285.4,2.63,0.024,1.133,3.504
1,30.38412,232.3,143,87,193,232.3,2.97,0.03,1.35,4.305
1,30.38808,252.8,142,83,193,252.8,2.86,0.028,1.353,3.956
1,30.39198,256.4,142,90,190,256.4,2.6,0.027,1.339,3.899
1,30.39543,289.6,142,82,179,289.6,2.53,0.024,1.266,3.453
1,30.39951,245.3,141,87,207,245.3,2.81,0.029,1.468,4.077
1,30.40322,269.1,141,76,174,269.1,2.93,0.026,1.235,3.717
1,30.40736,241.6,141,84,176,241.6,2.96,0.029,1.248,4.139
1,30.41105,271.1,141,85,158,271.1,2.6,0.026,1.12,3.688
1,30.41468,275.5,141,79,187,275.5,2.76,0.026,1.332,3.63
1,30.41859,255.7,140,83,197,255.7,2.83,0.028,1.406,3.911
1,30.42185,306.5,140,90,168,306.5,2.17,0.023,1.206,3.262
1,30.42588,248.4,140,85,197,248.4,2.84,0.029,1.406,4.026
1,30.43014,234.6,140,88,188,234.6,2.91,0.031,1.349,4.263
1,30.4345,229.3,139,87,194,229.3,3.01,0.031,1.395,4.361
1,30.43844,254.3,139,81,195,254.3,2.91,0.028,1.4,3.933
1,30.44255,243.0,139,84,207,243.0,2.94,0.03,1.487,4.115
1,30.44728,211.7,139,84,184,211.7,3.37,0.034,1.322,4.723
1,30.45121,254.0,138,81,171,254.0,2.92,0.028,1.235,3.938
1,30.45548,234.6,138,83,194,234.6,3.08,0.031,1.409,4.262
1,30.45974,234.7,137,81,181,234.7,3.16,0.031,1.32,4.262
1,30.46352,264.3,137,77,175,264.3,2.95,0.028,1.275,3.784
1,30.46839,205.5,138,87,234,205.5,3.36,0.035,1.694,4.866
1,30.47276,228.5,139,87,194,228.5,3.02,0.031,1.395,4.376
1,30.47643,272.8,139,80,145,272.8,2.75,0.026,1.043,3.665
1,30.4801,272.4,139,88,192,272.4,2.5,0.026,1.379,3.671
1,30.48383,268.1,139,86,149,268.1,2.6,0.027,1.074,3.73
1,30.48778,253.1,139,87,184,253.1,2.72,0.028,1.32,3.951
1,30.49219,226.9,139,84,194,226.9,3.15,0.032,1.388,4.408
1,30.49642,236.3,140,87,161,236.3,2.92,0.03,1.149,4.232
1,30.50011,270.7,140,85,155,270.7,2.61,0.026,1.109,3.694
1,30.50398,258.4,140,89,174,258.4,2.61,0.028,1.249,3.87
1,30.50734,298.3,140,79,157,298.3,2.55,0.024,1.123,3.352
1,30.51177,225.8,140,85,169,225.8,3.13,0.032,1.208,4.429
1,30.5154,274.9,140,91,166,274.9,2.4,0.026,1.183,3.637
1,30.51884,290.8,140,82,180,290.8,2.52,0.025,1.284,3.439
1,30.523,240.6,140,82,206,240.6,3.04,0.03,1.47,4.156
1,30.52675,266.3,140,80,176,266.3,2.82,0.027,1.254,3.755
1,30.53052,265.7,139,83,184,265.7,2.72,0.027,1.321,3.763
1,30.53403,284.2,139,89,192,284.2,2.37,0.025,1.379,3.518
1,30.53755,284.7,139,89,170,284.7,2.37,0.025,1.221,3.512
1,30.54172,239.3,140,93,166,239.3,2.7,0.03,1.193,4.178
1,30.54643,212.6,140,85,212,212.6,3.32,0.034,1.515,4.704
1,30.55018,266.7,139,85,175,266.7,2.65,0.027,1.256,3.75
1,30.55398,263.1,139,82,167,263.1,2.78,0.027,1.197,3.801
1,30.55856,218.5,139,89,190,218.5,3.09,0.033,1.373,4.577
1,30.56223,272.0,137,86,203,272.0,2.56,0.027,1.484,3.676
1,30.56569,288.8,138,86,202,288.8,2.42,0.025,1.466,3.462
1,30.56959,256.8,137,84,180,256.8,2.78,0.028,1.316,3.894
1,30.57378,238.6,137,91,199,238.6,2.76,0.031,1.452,4.191
1,30.57793,241.0,137,89,170,241.0,2.8,0.03,1.246,4.149
1,30.58166,267.6,136,80,132,267.6,2.8,0.027,0.967,3.737
1,30.58622,219.4,136,89,202,219.4,3.07,0.033,1.482,4.557
1,30.59048,234.8,137,86,190,234.8,2.97,0.031,1.385,4.26
1,30.59421,268.3,136,81,171,268.3,2.76,0.027,1.251,3.728
1,30.59888,214.0,137,82,194,214.0,3.42,0.034,1.416,4.674
1,30.60257,271.3,137,85,175,271.3,2.6,0.027,1.279,3.686
1,30.60615,278.9,137,79,170,278.9,2.72,0.026,1.244,3.585
1,30.61028,242.4,136,81,178,242.4,3.06,0.03,1.301,4.125
1,30.6139,276.2,136,83,147,276.2,2.62,0.027,1.079,3.621
1,30.61741,284.7,136,85,157,284.7,2.48,0.026,1.151,3.513
1,30.62118,265.2,136,82,151,265.2,2.76,0.028,1.111,3.771
1,30.62554,229.5,136,86,199,229.5,3.04,0.032,1.464,4.358
1,30.62924,270.2,136,78,175,270.2,2.85,0.027,1.286,3.701
1,30.63322,251.3,136,88,209,251.3,2.71,0.029,1.532,3.979
1,30.63694,268.9,136,83,151,268.9,2.69,0.027,1.109,3.719
1,30.64152,218.3,135,82,206,218.3,3.35,0.034,1.525,4.582
1,30.64501,287.0,135,75,149,287.0,2.79,0.026,1.103,3.484
1,30.64939,228.3,136,90,213,228.3,2.92,0.032,1.572,4.38
1,30.65376,228.4,135,92,187,228.4,2.85,0.032,1.387,4.378
1,30.65765,257.0,135,87,164,257.0,2.68,0.029,1.212,3.891
1,30.6616,253.7,135,91,181,253.7,2.6,0.029,1.339,3.941
1,30.66524,274.2,136,89,186,274.2,2.46,0.027,1.366,3.647
1,30.66888,275.2,136,85,167,275.2,2.56,0.027,1.23,3.634
1,30.6726,268.4,135,85,170,268.4,2.63,0.028,1.257,3.726
1,30.67648,257.5,135,78,194,257.5,2.99,0.029,1.441,3.883
1,30.67983,299.1,135,81,159,299.1,2.48,0.025,1.176,3.344
1,30.68326,291.2,135,86,153,291.2,2.4,0.025,1.136,3.434
1,30.68755,233.5,134,83,175,233.5,3.1,0.032,1.302,4.283
1,30.69198,225.3,134,83,221,225.3,3.21,0.033,1.649,4.439
1,30.69582,260.8,135,83,179,260.8,2.77,0.028,1.327,3.834
1,30.69979,251.9,135,82,184,251.9,2.9,0.029,1.368,3.97
1,30.70389,243.7,133,84,178,243.7,2.93,0.031,1.337,4.104
1,30.70774,259.6,133,80,168,259.6,2.89,0.029,1.263,3.852
1,30.71107,300.2,133,84,158,300.2,2.38,0.025,1.188,3.331
1,30.71511,247.6,134,85,193,247.6,2.85,0.03,1.443,4.039
1,30.71905,253.8,133,82,167,253.8,2.88,0.03,1.25,3.94
1,30.7228,266.7,133,78,186,266.7,2.88,0.028,1.402,3.749
1,30.72667,258.9,133,81,167,258.9,2.86,0.029,1.259,3.863
1,30.73053,258.7,132,81,204,258.7,2.86,0.029,1.54,3.866
1,30.73434,262.8,133,86,157,262.8,2.65,0.029,1.181,3.805
1,30.73841,245.5,132,81,156,245.5,3.02,0.031,1.18,4.073
1,30.7422,263.8,132,85,180,263.8,2.68,0.029,1.362,3.79
1,30.7459,270.4,132,90,182,270.4,2.47,0.028,1.378,3.699
1,30.7498,256.0,132,83,178,256.0,2.82,0.03,1.345,3.907
1,30.75351,269.5,132,90,171,269.5,2.47,0.028,1.295,3.71
1,30.75767,240.5,132,88,151,240.5,2.84,0.032,1.147,4.159
1,30.76134,272.8,132,91,181,272.8,2.42,0.028,1.372,3.666
1,30.76518,260.4,133,87,181,260.4,2.65,0.029,1.367,3.84
1,30.76885,272.4,133,84,181,272.4,2.62,0.028,1.354,3.671
1,30.77268,261.0,133,81,185,261.0,2.84,0.029,1.391,3.831
1,30.77642,267.4,133,85,174,267.4,2.64,0.028,1.309,3.74
1,30.78038,252.8,133,83,189,252.8,2.86,0.03,1.421,3.956
1,30.78436,251.3,133,79,200,251.3,3.02,0.03,1.503,3.98
1,30.78799,275.3,132,85,175,275.3,2.56,0.027,1.326,3.633
1,30.79183,260.5,132,88,160,260.5,2.62,0.029,1.216,3.839
1,30.79597,241.7,131,84,165,241.7,2.96,0.031,1.256,4.138
1,30.79981,260.2,131,84,169,260.2,2.74,0.029,1.29,3.843
1,30.80346,274.2,131,84,180,274.2,2.6,0.028,1.375,3.647
1,30.80758,242.4,131,83,193,242.4,2.98,0.032,1.475,4.126
1,30.81132,267.6,131,89,177,267.6,2.52,0.028,1.347,3.736
1,30.81535,248.3,132,85,208,248.3,2.84,0.031,1.582,4.027
1,30.81882,287.8,131,86,171,287.8,2.42,0.027,1.31,3.475
1,30.82258,266.4,131,84,181,266.4,2.68,0.029,1.387,3.754
1,30.82603,289.7,131,81,159,289.7,2.56,0.026,1.217,3.452
1,30.82964,276.6,131,78,153,276.6,2.78,0.028,1.169,3.616
1,30.83415,222.1,131,82,212,222.1,3.29,0.034,1.618,4.503
1,30.83796,262.3,131,81,151,262.3,2.82,0.029,1.147,3.812
1,30.84175,263.5,132,82,180,263.5,2.78,0.029,1.367,3.795
1,30.84595,238.3,132,83,162,238.3,3.03,0.032,1.23,4.197
1,30.84963,272.0,132,83,176,272.0,2.66,0.028,1.333,3.677
1,30.85346,260.8,132,81,176,260.8,2.84,0.029,1.331,3.834
1,30.85701,281.4,132,86,162,281.4,2.48,0.027,1.231,3.553
1,30.86029,305.5,132,88,163,305.5,2.23,0.025,1.24,3.273
1,30.8638,284.9,132,81,159,284.9,2.6,0.027,1.21,3.511
1,30.86759,263.8,131,84,183,263.8,2.71,0.029,1.4,3.791
1,30.871,293.2,131,83,161,293.2,2.47,0.026,1.231,3.411
1,30.87482,261.8,131,77,144,261.8,2.98,0.029,1.101,3.82
1,30.87793,321.1,131,75,151,321.1,2.49,0.024,1.152,3.114
1,30.88186,254.5,132,81,167,254.5,2.91,0.03,1.262,3.929
1,30.88525,295.0,133,83,162,295.0,2.45,0.026,1.22,3.39
1,30.88909,260.3,132,80,166,260.3,2.88,0.029,1.259,3.842
1,30.89264,282.2,131,87,158,282.2,2.44,0.027,1.205,3.543
1,30.89685,237.2,131,87,179,237.2,2.91,0.032,1.367,4.216
1,30.9001,308.1,131,81,135,308.1,2.4,0.025,1.03,3.246
1,30.9044,232.3,131,80,185,232.3,3.23,0.033,1.417,4.306
1,30.90866,234.7,130,82,195,234.7,3.12,0.033,1.496,4.261
1,30.91273,245.9,131,94,186,245.9,2.6,0.031,1.424,4.067
1,30.91656,261.0,132,84,193,261.0,2.74,0.029,1.458,3.831
1,30.92043,258.5,133,91,174,258.5,2.55,0.029,1.312,3.869
1,30.92389,289.3,132,84,166,289.3,2.47,0.026,1.26,3.457
1,30.92757,271.3,132,78,152,271.3,2.84,0.028,1.149,3.686
1,30.93117,277.9,132,82,186,277.9,2.63,0.027,1.414,3.598
1,30.93514,252.3,131,87,180,252.3,2.73,0.03,1.371,3.964
1,30.93978,215.4,132,80,208,215.4,3.48,0.035,1.576,4.643
1,30.94338,277.5,131,81,159,277.5,2.67,0.027,1.211,3.603
1,30.94777,227.7,130,92,208,227.7,2.86,0.034,1.591,4.392
1,30.95179,248.8,130,83,172,248.8,2.91,0.031,1.318,4.019
1,30.9556,262.6,130,87,186,262.6,2.63,0.029,1.43,3.808
1,30.95893,300.0,130,86,165,300.0,2.33,0.026,1.267,3.334
1,30.9621,315.8,131,84,171,315.8,2.26,0.024,1.307,3.167
1,30.96565,281.9,130,80,144,281.9,2.66,0.027,1.108,3.547
1,30.96901,297.9,129,76,159,297.9,2.65,0.026,1.225,3.357
1,30.97279,264.4,130,84,151,264.4,2.7,0.029,1.162,3.782
1,30.97697,238.8,130,78,176,238.8,3.22,0.032,1.354,4.187
1,30.98124,234.4,130,88,186,234.4,2.91,0.033,1.435,4.267
1,30.98532,244.9,130,81,167,244.9,3.02,0.031,1.28,4.083
1,30.98885,283.2,130,83,159,283.2,2.55,0.027,1.223,3.53
1,30.99275,256.7,130,82,137,256.7,2.85,0.03,1.047,3.895
1,30.99693,239.3,131,87,189,239.3,2.88,0.032,1.444,4.178
1,31.0001,314.7,131,82,170,314.7,2.32,0.024,1.294,3.177
1,31.00412,248.8,132,79,180,248.8,3.05,0.031,1.366,4.019
1,31.00759,288.2,132,83,176,288.2,2.51,0.026,1.332,3.47
1,31.01129,270.8,132,83,158,270.8,2.67,0.028,1.2,3.693
1,31.01509,263.3,132,79,162,263.3,2.88,0.029,1.232,3.798
1,31.01893,260.1,132,76,153,260.1,3.03,0.029,1.161,3.844
1,31.02248,281.5,132,80,161,281.5,2.66,0.027,1.222,3.553
1,31.0258,301.6,132,85,149,301.6,2.34,0.025,1.131,3.316
1,31.02935,281.7,131,84,169,281.7,2.54,0.027,1.283,3.55
1,31.03377,226.2,131,83,174,226.2,3.2,0.034,1.328,4.42
1,31.03734,280.1,131,84,134,280.1,2.55,0.027,1.021,3.57
1,31.04187,220.9,131,85,176,220.9,3.2,0.034,1.341,4.527
1,31.04537,285.4,131,79,163,285.4,2.66,0.027,1.238,3.504
1,31.04932,253.3,131,83,170,253.3,2.85,0.03,1.29,3.948
1,31.05315,260.9,132,84,158,260.9,2.74,0.029,1.195,3.833
1,31.05663,287.1,132,81,168,287.1,2.58,0.026,1.274,3.484
1,31.06003,294.5,132,80,134,294.5,2.55,0.026,1.014,3.396
1,31.064,251.6,133,85,193,251.6,2.81,0.03,1.451,3.975
1,31.06846,224.5,134,84,162,224.5,3.18,0.033,1.214,4.455
1,31.07222,266.1,133,87,141,266.1,2.59,0.028,1.06,3.758
1,31.07603,262.6,133,78,176,262.6,2.93,0.029,1.323,3.808
1,31.07993,256.1,134,84,183,256.1,2.79,0.029,1.37,3.905
1,31.08361,271.8,134,88,168,271.8,2.51,0.027,1.257,3.679
1,31.08709,287.6,134,81,162,287.6,2.58,0.026,1.212,3.478
1,31.09126,240.0,134,88,189,240.0,2.84,0.031,1.415,4.167
1,31.09466,293.5,133,83,139,293.5,2.46,0.026,1.044,3.407
1,31.09842,265.8,133,87,168,265.8,2.59,0.028,1.262,3.762
1,31.10202,277.8,133,81,165,277.8,2.67,0.027,1.244,3.6
1,31.10611,244.9,133,85,156,244.9,2.88,0.031,1.175,4.083
1,31.10924,319.3,132,79,139,319.3,2.38,0.024,1.053,3.132
1,31.11282,279.3,132,84,154,279.3,2.56,0.027,1.169,3.581
1,31.11623,293.2,132,77,158,293.2,2.66,0.026,1.199,3.41
1,31.12042,238.9,131,75,170,238.9,3.35,0.032,1.292,4.187
1,31.12385,291.0,132,81,169,291.0,2.55,0.026,1.285,3.437
1,31.12768,261.1,131,87,168,261.1,2.64,0.029,1.282,3.83
1,31.1316,255.4,131,91,166,255.4,2.58,0.03,1.268,3.916
1,31.13514,282.1,131,80,159,282.1,2.66,0.027,1.213,3.544
1,31.13887,268.3,131,87,185,268.3,2.57,0.028,1.411,3.727
1,31.14276,257.3,131,85,178,257.3,2.74,0.03,1.355,3.887
1,31.14613,296.9,131,88,166,296.9,2.3,0.026,1.264,3.368
1,31.15047,230.2,131,80,172,230.2,3.26,0.033,1.314,4.345
1,31.15387,293.8,130,86,145,293.8,2.38,0.026,1.116,3.404
1,31.15806,239.0,129,91,185,239.0,2.76,0.032,1.433,4.184
1,31.16155,286.3,128,78,158,286.3,2.69,0.027,1.233,3.493
1,31.16545,256.7,128,75,175,256.7,3.12,0.03,1.364,3.896
1,31.16911,273.1,129,80,180,273.1,2.75,0.028,1.393,3.662
1,31.17202,343.5,128,77,108,343.5,2.27,0.023,0.841,2.911
1,31.17549,288.1,128,85,152,288.1,2.45,0.027,1.184,3.471
1,31.17887,295.9,128,81,162,295.9,2.5,0.026,1.265,3.379
1,31.18228,293.3,128,83,148,293.3,2.46,0.027,1.152,3.409
1,31.18615,258.0,128,90,170,258.0,2.58,0.03,1.323,3.875
1,31.18975,278.4,129,85,140,278.4,2.54,0.028,1.089,3.592
1,31.19356,262.4,129,86,176,262.4,2.66,0.03,1.362,3.81
1,31.19755,250.7,129,89,177,250.7,2.69,0.031,1.373,3.989
1,31.20159,247.2,129,84,164,247.2,2.89,0.031,1.269,4.046
1,31.20568,244.7,129,71,178,244.7,3.45,0.032,1.374,4.086
1,31.20939,269.3,130,78,168,269.3,2.86,0.029,1.289,3.714
1,31.21237,335.7,130,88,133,335.7,2.03,0.023,1.021,2.979
1,31.21571,299.3,130,83,135,299.3,2.41,0.026,1.04,3.341
1,31.21866,339.6,130,81,114,339.6,2.18,0.023,0.875,2.944
1,31.22224,279.1,131,82,166,279.1,2.62,0.027,1.268,3.583
1,31.22587,275.6,131,85,161,275.6,2.56,0.028,1.227,3.628
1,31.22974,258.3,130,83,182,258.3,2.8,0.03,1.394,3.871
1,31.23308,299.3,130,82,132,299.3,2.44,0.026,1.011,3.341
1,31.23697,256.9,130,89,169,256.9,2.62,0.03,1.294,3.893
1,31.24092,253.2,130,76,166,253.2,3.12,0.03,1.278,3.95
1,31.24402,322.3,130,85,125,322.3,2.19,0.024,0.966,3.102
1,31.24741,295.0,129,79,151,295.0,2.57,0.026,1.168,3.39
1,31.25136,253.3,129,84,151,253.3,2.82,0.031,1.167,3.948
1,31.25536,250.0,129,80,150,250.0,3.0,0.031,1.162,4.0
1,31.25928,255.0,129,80,161,255.0,2.94,0.03,1.247,3.922
1,31.26278,285.7,129,79,161,285.7,2.66,0.027,1.246,3.5
1,31.26578,333.4,129,80,127,333.4,2.25,0.023,0.985,3.0
1,31.26922,290.7,129,80,157,290.7,2.58,0.027,1.221,3.44
1,31.27288,273.8,128,90,161,273.8,2.44,0.028,1.257,3.653
1,31.27648,277.6,128,83,175,277.6,2.6,0.028,1.366,3.602
1,31.28013,273.9,128,91,166,273.9,2.41,0.029,1.296,3.651
1,31.2833,315.1,128,83,126,315.1,2.29,0.025,0.989,3.173
1,31.28697,272.7,127,84,144,272.7,2.62,0.029,1.135,3.667
1,31.29103,246.2,127,85,202,246.2,2.87,0.032,1.584,4.061
1,31.29573,212.8,128,85,206,212.8,3.32,0.037,1.617,4.698
1,31.29937,274.6,129,90,156,274.6,2.43,0.028,1.212,3.642
1,31.30298,277.0,129,86,167,277.0,2.52,0.028,1.291,3.61
1,31.30713,241.2,129,85,195,241.2,2.93,0.032,1.513,4.145
1,31.31078,273.4,128,84,152,273.4,2.61,0.028,1.181,3.657
1,31.31469,256.2,128,83,151,256.2,2.82,0.03,1.179,3.903
1,31.31848,263.9,128,82,178,263.9,2.77,0.03,1.387,3.79
1,31.32189,293.2,128,78,152,293.2,2.62,0.027,1.189,3.41
1,31.32565,265.6,128,84,168,265.6,2.69,0.029,1.31,3.764
1,31.32923,279.2,128,70,165,279.2,3.07,0.028,1.291,3.582
1,31.33253,302.9,127,80,140,302.9,2.48,0.026,1.104,3.301
1,31.3362,272.9,127,90,156,272.9,2.44,0.029,1.228,3.664
1,31.33955,298.5,128,78,157,298.5,2.58,0.026,1.228,3.35
1,31.34286,302.4,128,89,167,302.4,2.23,0.026,1.302,3.307
1,31.34607,311.4,128,85,124,311.4,2.27,0.025,0.969,3.211
1,31.34975,271.4,127,86,135,271.4,2.57,0.029,1.057,3.685
1,31.35303,304.6,127,80,167,304.6,2.46,0.026,1.312,3.283
1,31.35651,288.1,127,81,129,288.1,2.57,0.027,1.017,3.471
1,31.35974,308.7,127,84,157,308.7,2.31,0.025,1.234,3.239
1,31.36357,261.6,127,85,153,261.6,2.7,0.03,1.205,3.822
1,31.3675,254.2,127,89,164,254.2,2.65,0.031,1.292,3.934
1,31.37021,369.8,127,78,109,369.8,2.08,0.021,0.855,2.705
1,31.37381,277.1,128,83,160,277.1,2.61,0.028,1.248,3.608
1,31.37771,256.7,129,82,157,256.7,2.85,0.03,1.217,3.896
1,31.38099,304.9,129,88,148,304.9,2.24,0.026,1.149,3.279
1,31.38465,272.8,128,80,168,272.8,2.75,0.029,1.31,3.666
1,31.38779,318.5,128,82,114,318.5,2.3,0.025,0.893,3.139
1,31.3916,262.7,128,78,138,262.7,2.93,0.03,1.072,3.807
1,31.39533,268.3,128,83,157,268.3,2.69,0.029,1.226,3.727
1,31.39888,281.5,128,81,137,281.5,2.63,0.028,1.074,3.552
1,31.40272,260.6,128,78,166,260.6,2.95,0.03,1.296,3.838
1,31.40645,268.3,128,91,154,268.3,2.46,0.029,1.203,3.727
1,31.41047,248.4,127,88,180,248.4,2.74,0.032,1.419,4.025
1,31.41417,270.0,127,92,166,270.0,2.42,0.029,1.316,3.703
1,31.41774,280.0,126,83,153,280.0,2.58,0.028,1.216,3.571
1,31.42154,263.6,126,88,173,263.6,2.59,0.03,1.368,3.793
1,31.4245,337.7,127,83,147,337.7,2.14,0.023,1.163,2.961
1,31.42828,264.2,126,79,145,264.2,2.87,0.03,1.154,3.785
1,31.43184,281.5,126,82,147,281.5,2.6,0.028,1.171,3.552
1,31.43544,277.3,126,76,147,277.3,2.85,0.029,1.164,3.606
1,31.43899,281.8,126,86,163,281.8,2.48,0.028,1.293,3.549
1,31.44325,234.9,126,84,162,234.9,3.04,0.034,1.287,4.258
1,31.44699,267.0,125,89,136,267.0,2.53,0.03,1.089,3.746
1,31.45105,246.7,125,85,184,246.7,2.86,0.032,1.47,4.054
1,31.45438,300.0,125,77,139,300.0,2.6,0.027,1.11,3.333
1,31.45787,286.5,124,78,129,286.5,2.68,0.028,1.04,3.49
1,31.4617,261.3,124,82,159,261.3,2.8,0.031,1.283,3.827
1,31.46556,259.0,124,77,146,259.0,3.01,0.031,1.176,3.861
1,31.46889,300.3,124,78,123,300.3,2.56,0.027,0.993,3.33
1,31.47229,294.0,124,79,144,294.0,2.58,0.027,1.162,3.401
1,31.47568,295.5,123,80,128,295.5,2.54,0.027,1.035,3.384
1,31.47918,285.4,124,77,149,285.4,2.73,0.028,1.203,3.504
1,31.48222,329.3,124,79,111,329.3,2.31,0.025,0.895,3.036
1,31.48538,316.0,124,83,139,316.0,2.29,0.026,1.124,3.164
1,31.48903,273.9,123,76,147,273.9,2.88,0.03,1.195,3.651
1,31.4924,296.5,123,83,131,296.5,2.44,0.027,1.064,3.372
1,31.49641,249.9,123,89,176,249.9,2.7,0.033,1.439,4.002
1,31.50016,266.1,122,79,165,266.1,2.85,0.031,1.345,3.758
1,31.50383,272.5,122,83,134,272.5,2.65,0.03,1.095,3.67
1,31.50704,311.8,123,77,122,311.8,2.5,0.026,0.995,3.207
1,31.5106,280.5,122,82,145,280.5,2.61,0.029,1.189,3.565
1,31.51416,281.0,122,80,173,281.0,2.67,0.029,1.418,3.559
1,31.51804,258.2,123,80,156,258.2,2.9,0.032,1.272,3.873
1,31.52229,235.2,123,81,189,235.2,3.15,0.034,1.534,4.251
1,31.52623,253.4,124,87,167,253.4,2.72,0.032,1.351,3.947
1,31.5298,280.8,124,87,173,280.8,2.46,0.029,1.393,3.561
1,31.53303,308.8,124,88,150,308.8,2.21,0.026,1.213,3.239
1,31.53569,376.4,123,80,110,376.4,1.99,0.022,0.899,2.657
1,31.53916,288.3,123,76,116,288.3,2.74,0.028,0.94,3.469
1,31.54216,333.0,122,78,126,333.0,2.31,0.025,1.03,3.003
1,31.54584,272.2,122,83,126,272.2,2.66,0.03,1.034,3.674
1,31.54911,305.2,122,77,143,305.2,2.55,0.027,1.169,3.277
1,31.5529,264.1,123,90,173,264.1,2.52,0.031,1.406,3.786
1,31.55608,314.7,122,81,125,314.7,2.35,0.026,1.023,3.178
1,31.56015,245.7,123,79,151,245.7,3.09,0.033,1.23,4.07
1,31.56427,242.7,123,84,150,242.7,2.94,0.033,1.218,4.121
1,31.56766,294.8,123,80,128,294.8,2.54,0.028,1.039,3.392
1,31.57139,268.2,123,83,151,268.2,2.7,0.03,1.224,3.728
1,31.57486,287.9,123,94,140,287.9,2.22,0.028,1.133,3.473
1,31.57793,326.0,123,80,122,326.0,2.3,0.025,0.995,3.068
1,31.58109,316.3,123,78,151,316.3,2.43,0.026,1.219,3.161
1,31.58531,237.0,123,90,193,237.0,2.81,0.034,1.564,4.219
1,31.58865,299.9,123,80,137,299.9,2.5,0.027,1.117,3.334
1,31.59216,284.5,122,88,159,284.5,2.4,0.029,1.3,3.515
1,31.59523,325.8,122,91,122,325.8,2.02,0.025,0.993,3.07
1,31.59858,298.9,123,90,150,298.9,2.23,0.027,1.225,3.345
1,31.60249,255.4,122,84,165,255.4,2.8,0.032,1.348,3.916
1,31.60619,270.7,122,75,166,270.7,2.96,0.03,1.362,3.694
1,31.60951,300.8,121,77,137,300.8,2.59,0.027,1.133,3.324
1,31.61302,285.2,121,87,178,285.2,2.42,0.029,1.476,3.507
1,31.61666,274.3,120,91,134,274.3,2.4,0.03,1.113,3.646
1,31.62035,271.0,120,80,160,271.0,2.77,0.031,1.326,3.69
1,31.62349,319.1,121,77,128,319.1,2.44,0.026,1.055,3.134
1,31.62731,261.2,122,86,176,261.2,2.67,0.031,1.445,3.829
1,31.63079,288.1,121,86,134,288.1,2.42,0.029,1.107,3.471
1,31.63482,248.0,122,86,168,248.0,2.81,0.033,1.381,4.033
1,31.63804,310.5,122,82,156,310.5,2.36,0.026,1.279,3.221
1,31.64136,301.2,123,83,135,301.2,2.4,0.027,1.1,3.32
1,31.64546,243.9,123,86,168,243.9,2.86,0.033,1.37,4.1
1,31.64864,314.7,123,85,157,314.7,2.24,0.026,1.277,3.177
1,31.65227,274.8,123,82,170,274.8,2.66,0.029,1.374,3.638
1,31.6558,284.0,123,86,148,284.0,2.46,0.029,1.205,3.521
1,31.65646,1512.3,123,45,0,1512.3,0.88,0.005,,0.661
1,31.66021,266.3,123,88,148,266.3,2.56,0.031,1.202,3.755
1,31.66401,263.2,123,71,120,263.2,3.21,0.031,0.972,3.799
1,31.66758,279.9,123,82,140,279.9,2.61,0.029,1.139,3.573
1,31.67125,272.4,123,88,145,272.4,2.5,0.03,1.18,3.671
1,31.67446,311.5,123,84,128,311.5,2.29,0.026,1.037,3.21
1,31.67808,276.6,123,82,159,276.6,2.65,0.029,1.292,3.615
1,31.68114,326.8,123,84,101,326.8,2.19,0.025,0.823,3.06
1,31.68412,336.0,123,81,122,336.0,2.2,0.024,0.987,2.976
1,31.68786,266.7,123,87,184,266.7,2.59,0.03,1.499,3.749
1,31.69154,271.8,123,78,147,271.8,2.83,0.03,1.199,3.679
1,31.6957,240.8,123,83,152,240.8,3.0,0.034,1.232,4.153
1,31.69911,292.6,123,77,149,292.6,2.66,0.028,1.209,3.417
1,31.70253,293.0,123,84,154,293.0,2.44,0.028,1.245,3.413
1,31.70623,270.2,123,78,146,270.2,2.85,0.03,1.185,3.701
1,31.70959,297.3,123,89,113,297.3,2.27,0.027,0.919,3.364
1,31.71358,250.8,123,90,156,250.8,2.66,0.032,1.268,3.987
1,31.71738,263.0,123,87,129,263.0,2.62,0.031,1.047,3.803
1,31.72011,366.3,122,81,121,366.3,2.02,0.022,0.988,2.73
1,31.72366,282.0,123,77,144,282.0,2.76,0.029,1.171,3.547
1,31.72744,264.6,123,80,133,264.6,2.83,0.031,1.077,3.78
1,31.7308,297.5,124,83,133,297.5,2.43,0.027,1.071,3.361
1,31.73398,313.9,124,80,129,313.9,2.39,0.026,1.042,3.185
1,31.73767,271.2,124,86,170,271.2,2.57,0.03,1.367,3.687
1,31.7413,275.5,124,84,140,275.5,2.59,0.029,1.126,3.63
1,31.74481,285.2,124,86,142,285.2,2.45,0.028,1.151,3.506
1,31.74783,330.9,123,83,117,330.9,2.18,0.025,0.952,3.022
1,31.75132,286.7,122,83,150,286.7,2.52,0.028,1.229,3.488
1,31.75516,260.5,123,89,174,260.5,2.59,0.031,1.416,3.838
1,31.75879,275.0,123,89,157,275.0,2.45,0.03,1.278,3.637
1,31.76215,298.3,122,88,117,298.3,2.29,0.027,0.959,3.353
1,31.76566,284.9,123,76,152,284.9,2.77,0.029,1.238,3.51
1,31.76881,317.4,123,80,138,317.4,2.36,0.026,1.12,3.15
1,31.77193,319.8,123,79,120,319.8,2.37,0.025,0.974,3.127
1,31.77515,310.8,123,76,153,310.8,2.54,0.026,1.244,3.218
1,31.77874,278.7,123,82,141,278.7,2.63,0.029,1.141,3.588
1,31.78223,286.3,123,90,113,286.3,2.33,0.028,0.918,3.493
1,31.78587,275.1,122,82,155,275.1,2.66,0.03,1.269,3.634
1,31.78956,270.6,123,85,165,270.6,2.61,0.03,1.346,3.695
1,31.79301,289.8,123,83,156,289.8,2.49,0.028,1.266,3.451
1,31.7965,286.8,122,82,139,286.8,2.55,0.028,1.137,3.486
1,31.79965,317.1,122,76,98,317.1,2.49,0.026,0.8,3.153
1,31.8034,266.6,122,85,152,266.6,2.65,0.031,1.249,3.751
1,31.80721,262.7,123,79,137,262.7,2.89,0.031,1.115,3.806
1,31.81037,316.2,122,81,137,316.2,2.34,0.026,1.117,3.163
1,31.81377,294.6,122,88,155,294.6,2.31,0.028,1.271,3.394
1,31.81726,286.6,122,84,155,286.6,2.49,0.029,1.277,3.489
1,31.82056,302.7,122,77,147,302.7,2.57,0.027,1.204,3.303
1,31.82393,296.3,121,87,130,296.3,2.33,0.028,1.074,3.375
1,31.82719,307.2,121,80,126,307.2,2.44,0.027,1.04,3.255
1,31.8305,301.6,121,85,121,301.6,2.34,0.027,0.998,3.316
1,31.83389,294.9,121,82,137,294.9,2.48,0.028,1.134,3.391
1,31.83743,282.8,121,76,149,282.8,2.79,0.029,1.231,3.536
1,31.84046,329.9,121,85,112,329.9,2.14,0.025,0.928,3.031
1,31.84409,276.0,120,86,137,276.0,2.53,0.03,1.141,3.624
1,31.84799,256.0,121,78,160,256.0,3.01,0.032,1.321,3.907
1,31.85165,273.6,121,83,166,273.6,2.64,0.03,1.375,3.655
1,31.85525,277.9,120,90,155,277.9,2.4,0.03,1.29,3.599
1,31.8583,327.2,120,85,156,327.2,2.16,0.026,1.298,3.057
1,31.86128,335.6,120,83,132,335.6,2.15,0.025,1.098,2.98
1,31.86438,323.4,120,79,140,323.4,2.35,0.026,1.167,3.092
1,31.86758,311.7,120,91,150,311.7,2.12,0.027,1.244,3.208
1,31.87096,296.3,121,81,152,296.3,2.5,0.028,1.261,3.374
1,31.87455,278.4,121,82,119,278.4,2.63,0.03,0.986,3.592
1,31.87854,250.6,120,80,158,250.6,2.99,0.033,1.319,3.99
1,31.88214,277.4,120,75,125,277.4,2.88,0.03,1.043,3.604
1,31.88572,280.0,119,85,104,280.0,2.52,0.03,0.87,3.571
1,31.88918,288.2,119,86,133,288.2,2.42,0.029,1.114,3.47
1,31.89262,290.8,119,76,131,290.8,2.71,0.029,1.102,3.439
1,31.89583,311.8,119,78,136,311.8,2.47,0.027,1.145,3.207
1,31.89929,289.2,119,81,149,289.2,2.56,0.029,1.247,3.458
1,31.90267,296.1,120,82,122,296.1,2.47,0.028,1.021,3.378
1,31.90593,306.3,120,78,144,306.3,2.51,0.027,1.203,3.265
1,31.90931,296.3,119,81,158,296.3,2.5,0.028,1.32,3.375
1,31.91268,296.1,119,88,115,296.1,2.3,0.028,0.968,3.378
1,31.91637,271.6,119,81,128,271.6,2.73,0.031,1.068,3.681
1,31.9204,247.8,120,84,177,247.8,2.88,0.034,1.472,4.035
1,31.92361,312.0,119,80,137,312.0,2.4,0.027,1.149,3.205
1,31.92703,292.3,120,86,125,292.3,2.39,0.028,1.037,3.421
1,31.93085,261.3,119,86,151,261.3,2.67,0.032,1.267,3.826
1,31.93337,396.9,120,75,96,396.9,2.02,0.021,0.804,2.519
1,31.93731,254.2,119,80,160,254.2,2.95,0.033,1.343,3.934
1,31.94077,288.8,119,81,131,288.8,2.57,0.029,1.097,3.463
1,31.94425,287.5,119,80,132,287.5,2.61,0.029,1.107,3.478
1,31.94769,290.3,120,81,142,290.3,2.55,0.029,1.18,3.445
1,31.95119,285.6,120,78,140,285.6,2.69,0.029,1.163,3.501
1,31.95396,360.7,120,85,91,360.7,1.96,0.023,0.754,2.772
1,31.95767,270.0,120,79,139,270.0,2.81,0.031,1.156,3.704
1,31.96068,331.6,120,83,117,331.6,2.18,0.025,0.972,3.015
1,31.96381,319.9,120,84,138,319.9,2.23,0.026,1.154,3.126
1,31.9672,294.6,120,86,129,294.6,2.37,0.028,1.079,3.395
1,31.97073,284.0,120,85,152,284.0,2.49,0.029,1.27,3.521
1,31.97429,280.8,120,76,153,280.8,2.81,0.03,1.28,3.561
1,31.97749,312.6,119,79,143,312.6,2.43,0.027,1.199,3.199
1,31.98119,270.2,120,82,149,270.2,2.71,0.031,1.241,3.701
1,31.98465,289.1,121,80,144,289.1,2.59,0.029,1.191,3.459
1,31.98801,297.6,121,92,128,297.6,2.19,0.028,1.064,3.36
1,31.99104,329.1,120,87,119,329.1,2.1,0.025,0.991,3.039
1,31.99474,270.9,120,78,146,270.9,2.84,0.031,1.219,3.691
1,31.99817,291.5,120,84,123,291.5,2.45,0.029,1.023,3.43
1,32.00091,364.0,120,78,129,364.0,2.11,0.023,1.074,2.747
1,32.00409,314.8,121,80,147,314.8,2.38,0.026,1.217,3.177
1,32.00708,334.6,120,87,97,334.6,2.06,0.025,0.807,2.989
1,32.01061,283.5,120,91,127,283.5,2.33,0.029,1.057,3.528
1,32.01357,337.2,120,83,117,337.2,2.14,0.025,0.971,2.966
1,32.01714,280.2,120,77,147,280.2,2.78,0.03,1.226,3.568
1,32.02037,309.4,120,79,132,309.4,2.46,0.027,1.099,3.233
1,32.0235,319.6,120,79,154,319.6,2.38,0.026,1.276,3.129
1,32.02655,327.7,120,79,117,327.7,2.32,0.025,0.97,3.051
1,32.02984,304.0,120,85,122,304.0,2.32,0.027,1.018,3.289
1,32.03348,275.1,120,80,134,275.1,2.73,0.03,1.115,3.635
1,32.03689,292.9,121,85,146,292.9,2.41,0.028,1.207,3.414
1,32.04032,291.7,121,78,116,291.7,2.64,0.028,0.959,3.428
1,32.04377,290.1,121,77,119,290.1,2.69,0.028,0.979,3.447
1,32.04695,313.8,121,81,110,313.8,2.36,0.026,0.908,3.186
1,32.05002,326.0,121,83,125,326.0,2.22,0.025,1.033,3.068
1,32.05297,339.0,121,80,114,339.0,2.21,0.024,0.943,2.95
1,32.0562,309.2,121,82,149,309.2,2.37,0.027,1.23,3.234
1,32.06029,244.6,122,80,169,244.6,3.07,0.033,1.387,4.089
1,32.06369,294.5,123,83,130,294.5,2.45,0.028,1.062,3.396
1,32.06665,337.5,122,81,87,337.5,2.2,0.024,0.711,2.963
1,32.06946,355.9,122,84,110,355.9,2.01,0.023,0.902,2.81
1,32.07296,286.2,122,84,134,286.2,2.5,0.029,1.096,3.494
1,32.07581,350.8,122,89,95,350.8,1.92,0.023,0.781,2.851
1,32.07956,266.6,122,82,154,266.6,2.74,0.031,1.268,3.751
1,32.08267,320.9,122,79,133,320.9,2.37,0.026,1.093,3.116
1,32.08614,288.1,121,81,115,288.1,2.57,0.029,0.948,3.471
1,32.08926,320.9,122,83,133,320.9,2.25,0.026,1.09,3.116
1,32.09237,321.2,122,85,131,321.2,2.2,0.026,1.079,3.113
1,32.09532,339.6,122,82,94,339.6,2.15,0.024,0.774,2.945
1,32.09863,302.1,122,80,131,302.1,2.48,0.027,1.076,3.311
1,32.102,296.5,121,82,132,296.5,2.47,0.028,1.087,3.373
1,32.10591,255.6,121,84,160,255.6,2.79,0.032,1.318,3.912
1,32.10912,312.0,122,89,115,312.0,2.16,0.026,0.946,3.205
1,32.11241,304.1,122,85,120,304.1,2.32,0.027,0.984,3.288
1,32.11611,270.2,123,82,156,270.2,2.71,0.03,1.266,3.701
1,32.11935,308.4,123,77,140,308.4,2.53,0.026,1.141,3.242
1,32.12251,316.7,123,76,105,316.7,2.49,0.026,0.856,3.157
1,32.1259,294.8,124,76,163,294.8,2.68,0.027,1.315,3.393
1,32.12912,311.1,123,75,116,311.1,2.57,0.026,0.939,3.214
1,32.13254,291.7,123,81,142,291.7,2.54,0.028,1.151,3.428
1,32.13608,282.8,123,85,136,282.8,2.5,0.029,1.1,3.536
1,32.1392,320.8,123,88,122,320.8,2.13,0.025,0.999,3.117
1,32.14265,289.7,122,82,136,289.7,2.53,0.028,1.113,3.452
1,32.14624,278.5,123,80,132,278.5,2.69,0.029,1.071,3.591
1,32.14965,292.9,123,86,138,292.9,2.38,0.028,1.127,3.415
1,32.15311,289.8,123,83,145,289.8,2.49,0.028,1.17,3.451
1,32.15655,290.7,124,79,148,290.7,2.61,0.028,1.19,3.44
1,32.16016,276.6,124,79,141,276.6,2.75,0.029,1.135,3.616
1,32.1635,299.9,124,83,140,299.9,2.41,0.027,1.135,3.335
1,32.16627,360.5,123,82,109,360.5,2.03,0.022,0.879,2.774
1,32.16946,313.4,123,86,121,313.4,2.23,0.026,0.977,3.191
1,32.17271,307.7,123,79,106,307.7,2.47,0.026,0.857,3.25
1,32.17603,301.4,122,97,122,301.4,2.05,0.027,0.999,3.318
1,32.17937,299.5,121,76,129,299.5,2.64,0.028,1.066,3.339
1,32.18248,321.4,122,83,134,321.4,2.25,0.026,1.099,3.111
1,32.18503,391.7,121,78,83,391.7,1.96,0.021,0.679,2.553
1,32.18818,317.9,121,85,142,317.9,2.22,0.026,1.178,3.146
1,32.19197,264.0,121,81,130,264.0,2.81,0.031,1.071,3.788
1,32.19594,252.0,121,85,162,252.0,2.8,0.033,1.333,3.968
1,32.19895,331.2,122,80,137,331.2,2.26,0.025,1.127,3.019
1,32.20197,332.0,122,82,102,332.0,2.2,0.025,0.833,3.012
1,32.20556,278.2,122,85,150,278.2,2.54,0.029,1.225,3.594
1,32.20878,311.0,122,78,135,311.0,2.47,0.026,1.107,3.216
1,32.21165,348.1,122,75,113,348.1,2.3,0.024,0.924,2.873
1,32.215,298.8,122,83,129,298.8,2.42,0.027,1.059,3.346
1,32.21883,260.9,122,82,172,260.9,2.8,0.031,1.409,3.833
1,32.22245,276.1,122,85,145,276.1,2.56,0.03,1.186,3.622
1,32.22578,299.9,122,88,121,299.9,2.27,0.027,0.992,3.334
1,32.22896,315.0,122,73,108,315.0,2.61,0.026,0.89,3.175
1,32.23278,261.7,121,83,150,261.7,2.76,0.032,1.234,3.821
1,32.23644,273.4,122,75,145,273.4,2.93,0.03,1.195,3.658
1,32.23952,324.9,121,84,99,324.9,2.2,0.025,0.814,3.078
1,32.24315,275.3,121,88,139,275.3,2.48,0.03,1.148,3.632
1,32.24656,293.2,120,87,141,293.2,2.35,0.028,1.175,3.41
1,32.24955,334.2,121,84,114,334.2,2.14,0.025,0.948,2.992
1,32.25337,262.1,121,86,162,262.1,2.66,0.031,1.336,3.816
1,32.25677,293.7,121,83,131,293.7,2.46,0.028,1.085,3.405
1,32.2597,341.0,121,72,115,341.0,2.44,0.024,0.951,2.933
1,32.26324,282.9,121,79,141,282.9,2.68,0.029,1.166,3.535
1,32.26675,284.6,121,85,145,284.6,2.48,0.029,1.193,3.513
1,32.27036,277.2,121,78,146,277.2,2.78,0.03,1.211,3.608
1,32.27345,322.9,121,84,126,322.9,2.21,0.026,1.047,3.097
1,32.27643,335.6,120,79,100,335.6,2.26,0.025,0.829,2.979
1,32.28004,277.4,121,85,147,277.4,2.54,0.03,1.219,3.605
1,32.28309,327.7,120,77,116,327.7,2.38,0.025,0.968,3.051
1,32.28634,307.7,120,82,123,307.7,2.38,0.027,1.029,3.249
1,32.28947,319.1,120,72,117,319.1,2.61,0.026,0.972,3.134
1,32.29199,396.8,120,83,82,396.8,1.82,0.021,0.678,2.52
1,32.29498,334.9,119,81,102,334.9,2.21,0.025,0.852,2.986
1,32.29851,283.2,119,78,119,283.2,2.72,0.03,0.995,3.531
1,32.30164,319.1,119,79,128,319.1,2.38,0.026,1.082,3.134
1,32.30564,250.5,119,82,149,250.5,2.92,0.034,1.249,3.992
1,32.30912,287.2,119,81,149,287.2,2.58,0.029,1.255,3.482
1,32.31245,300.0,120,77,106,300.0,2.6,0.028,0.886,3.333
1,32.31549,329.4,120,89,135,329.4,2.05,0.025,1.133,3.036
1,32.31885,297.0,119,86,121,297.0,2.35,0.028,1.018,3.367
1,32.32156,369.5,120,83,92,369.5,1.96,0.023,0.766,2.706
1,32.32482,306.5,119,81,116,306.5,2.42,0.027,0.977,3.263
1,32.32813,302.0,119,75,117,302.0,2.65,0.028,0.98,3.311
1,32.33107,340.5,119,73,88,340.5,2.41,0.025,0.739,2.937
1,32.33462,281.8,119,85,122,281.8,2.5,0.03,1.027,3.548
1,32.33763,332.1,119,89,93,332.1,2.03,0.025,0.784,3.011
1,32.34046,352.9,119,80,107,352.9,2.13,0.024,0.902,2.834
1,32.34389,291.9,119,77,138,291.9,2.67,0.029,1.156,3.425
1,32.34675,349.8,118,76,112,349.8,2.26,0.024,0.944,2.859
1,32.34992,315.2,118,78,121,315.2,2.44,0.027,1.022,3.173
1,32.35329,297.2,118,86,135,297.2,2.35,0.028,1.142,3.365
1,32.35689,277.3,119,81,150,277.3,2.67,0.03,1.268,3.606
1,32.36009,313.1,118,83,99,313.1,2.31,0.027,0.836,3.194
1,32.36287,359.8,119,81,114,359.8,2.06,0.023,0.954,2.779
1,32.36626,295.1,120,83,143,295.1,2.45,0.028,1.195,3.389
1,32.36924,335.4,120,83,128,335.4,2.16,0.025,1.065,2.981
1,32.37183,385.5,120,76,59,385.5,2.05,0.022,0.489,2.594
1,32.37478,339.0,120,78,106,339.0,2.27,0.025,0.887,2.95
1,32.37793,317.5,120,77,135,317.5,2.45,0.026,1.122,3.15
1,32.37845,1905.6,120,0,0,1905.6,0.0,0.004,,0.525
1,32.38194,286.9,120,84,116,286.9,2.49,0.029,0.969,3.485
1,32.38523,304.3,120,86,134,304.3,2.29,0.027,1.117,3.286
1,32.38836,319.5,120,81,150,319.5,2.32,0.026,1.254,3.13
1,32.39191,281.0,120,80,108,281.0,2.67,0.03,0.902,3.559
1,32.39511,312.6,120,82,131,312.6,2.34,0.027,1.086,3.199
